geocode,treated,pscore_LEAN_std,wipw_LEAN_std,watt_LEAN_std,pscore_LEAN_lasso,wipw_LEAN_lasso,watt_LEAN_lasso,pscore_FULL_std,wipw_FULL_std,watt_FULL_std,pscore_FULL_lasso,wipw_FULL_lasso,watt_FULL_lasso,pscore_FULL2_std,wipw_FULL2_std,watt_FULL2_std,pscore_FULL2_lasso,wipw_FULL2_lasso,watt_FULL2_lasso,pscore_RICH_std,wipw_RICH_std,watt_RICH_std,pscore_RICH_lasso,wipw_RICH_lasso,watt_RICH_lasso
3100708,0,0.07397219966812954,1.0798811867652562,0.07988118676525621,0.11809899219117324,1.1339141141074351,0.13391411410743512,0.16247986378641413,1.1940011430901025,0.19400114309010263,0.1551946626091027,1.1837046426439575,0.18370464264395747,0.3411553140922713,1.517808402176367,0.5178084021763668,0.3228257358135777,1.476724755925907,0.47672475592590685,0.09691432758591059,1.1073146552384596,0.10731465523845973,0.12987093177715212,1.1492547904903356,0.14925479049033563
3101607,0,0.014867043711341928,1.0150914083387803,0.015091408338780286,0.033814670215777755,1.0349981201053111,0.03499812010531103,0.019016618629506397,1.019385260740033,0.01938526074003315,0.045999472405121866,1.0482174496497298,0.048217449649729974,0.053830045551825724,1.0568925754815586,0.05689257548155871,0.07493008614007149,1.0809993763902879,0.08099937639028783,0.004881956479414755,1.0049059069034094,0.0049059069034092595,0.03587834927342355,1.0372135085301581,0.03721350853015809
3101904,0,0.01762346412214971,1.01793962241413,0.01793962241413004,0.033601079037221294,1.0347693672958018,0.034769367295801705,0.019154048138790153,1.0195280901169488,0.019528090116948824,0.03637562090652157,1.0377487553197249,0.03774875531972492,0.026307695941153512,1.0270184901652089,0.027018490165208874,0.04580531795048279,1.0480041639428312,0.048004163942831274,0.012006987654311005,1.0121529074641975,0.012152907464197608,0.026835065620518232,1.02757504372846,0.02757504372846012
3103504,0,0.0014391144241076702,1.0014411884592072,0.0014411884592071729,0.00226649638394468,1.002271645059257,0.0022716450592570924,0.0010860190578877282,1.0010871997775659,0.001087199777565896,0.0019465027090403942,1.0019502989712714,0.0019502989712714127,0.01962100234886024,1.0200136910275206,0.020013691027520587,0.016258280024276595,1.0165269802979158,0.01652698029791581,0.0003245077812512847,1.0003246131207348,0.00032461312073485946,0.0017056466968027066,1.0017085608980547,0.00170856089805476
3103751,1,0.7176992938311673,1.393341206540523,1.0,0.7774719202677334,1.286220085807904,1.0,0.7674680552054612,1.3029858288137959,1.0,0.8117451867610553,1.2319136796980592,1.0,0.6067833251369886,1.6480347408594953,1.0,0.5859454398226025,1.7066435405705254,1.0,0.7588466335036642,1.3177893342992228,1.0,0.8308460521864525,1.2035924072436794,1.0
3104007,0,0.1980976221313778,1.2470345862521344,0.24703458625213437,0.2466320608315396,1.3273726528683485,0.32737265286834866,0.1348324143229618,1.1558454298972014,0.15584542989720135,0.18874574330924682,1.2326591715884159,0.23265917158841598,0.15245671398448685,1.1798807406064407,0.17988074060644063,0.18737834591280653,1.230584977609643,0.23058497760964297,0.14855447100914154,1.1744732527813138,0.17447325278131384,0.17000805164355887,1.2048309649029858,0.20483096490298566
3104106,0,0.011088897700710278,1.011213240173892,0.011213240173892063,0.021754993706985293,1.0222387986312593,0.02223879863125925,0.04425995964906489,1.046309621633947,0.046309621633946835,0.06412249783252078,1.0685159090628997,0.06851590906289975,0.03286704241864278,1.0339839958518608,0.03398399585186087,0.04369328688919666,1.0456896164067124,0.04568961640671249,0.020518497889414747,1.0209483260737457,0.02094832607374567,0.04237762139954586,1.0442529564330774,0.04425295643307741
3104205,0,0.05630794197158024,1.0596677077999574,0.059667707799957455,0.08522922943980711,1.0931700401704068,0.09317004017040675,0.07339153733903181,1.0792044755648693,0.07920447556486936,0.10402987405672284,1.1161086413982835,0.11610864139828346,0.07680943959756363,1.0831999837217583,0.0831999837217583,0.10252670370166539,1.1142392805719579,0.11423928057195794,0.06759332728706662,1.0724933972108939,0.07249339721089389,0.1091994805574442,1.122585784554525,0.12258578455452511
3104304,0,0.03402077289691653,1.0352189487541497,0.0352189487541496,0.0573385496769677,1.060826237942921,0.06082623794292093,0.03432620953833953,1.0355463820985855,0.035546382098585454,0.06541510356047923,1.0699937521028753,0.06999375210287534,0.039098722369578315,1.0406896351163104,0.04068963511631038,0.05296083028239381,1.055922534120934,0.055922534120933974,0.033047183099698084,1.0341766242593255,0.0341766242593256,0.0469444089881764,1.0492567374148,0.04925673741479998
3104809,0,0.005245627893945285,1.0052732896090113,0.005273289609011166,0.00706553155912858,1.0071158085288578,0.007115808528857942,0.0039763718396320325,1.0039922464961764,0.003992246496176298,0.006830202987211593,1.0068771754917993,0.006877175491799259,0.0019656689738500916,1.0019695404383826,0.0019695404383825634,0.0048548117807573525,1.0048784959604182,0.004878495960418368,0.001078920690331198,1.0010800860174829,0.0010800860174827976,0.0054115052499387585,1.0054409489738756,0.005440948973875535
3105103,1,0.2768456873889694,3.6121205622935912,1.0,0.2877796139213116,3.474881303695935,1.0,0.32553429208053464,3.071872992577408,1.0,0.3123137274477431,3.20190856857972,1.0,0.2995320102113207,3.338541344193888,1.0,0.2888176747350513,3.4623919776286414,1.0,0.2822664315784266,3.5427521239703417,1.0,0.2504102930928482,3.993446066648769,1.0
3107307,0,0.04034825988228727,1.042044689959441,0.04204468995944099,0.04393569165739345,1.04595474517144,0.04595474517143992,0.06035258870994544,1.0642289735328345,0.06422897353283458,0.07129441323581406,1.0767675076492427,0.07676750764924269,0.07255695013295395,1.078233321327229,0.07823332132722907,0.09292131369452176,1.1024401907986496,0.10244019079864976,0.016111529079794077,1.0163753611877628,0.01637536118776285,0.050804729608012036,1.0535240020602203,0.053524002060220205
3107406,0,0.1011140739903399,1.1124882157619334,0.11248821576193335,0.10505028356169042,1.1173812133041017,0.11738121330410156,0.08628006655823404,1.0944272565371729,0.09442725653717275,0.10384097071407773,1.1158733743907265,0.11587337439072652,0.11833287860806274,1.1342149159665202,0.13421491596652033,0.13015060409308413,1.1496242966949324,0.14962429669493243,0.07046485742319974,1.075806555551909,0.07580655555190888,0.10305243985677358,1.1148923799294554,0.11489237992945536
3108552,0,0.006965851090941346,1.0070147145479278,0.00701471454792767,0.0071837122210201155,1.0072356913453653,0.0072356913453653455,0.004002116019677614,1.004018197311508,0.004018197311508227,0.007048258259807297,1.007098288832703,0.007098288832702893,0.005732976644911029,1.0057660331784568,0.005766033178456904,0.010382364583150092,1.0104912889701858,0.010491288970185742,0.004030961549495303,1.0040472759632835,0.004047275963283496,0.010119312609319997,1.0102227599126057,0.010222759912605678
3109204,0,0.00787546579524443,1.0079379810938323,0.007937981093832203,0.010756142979036784,1.0108730955493908,0.01087309554939076,0.011477147191564663,1.011610401478284,0.01161040147828409,0.01890592945624603,1.019270251471164,0.019270251471163978,0.005822260484050054,1.0058563577242081,0.005856357724208172,0.01264487164701892,1.0128068121427718,0.012806812142771752,0.008160090344451323,1.0082272252457407,0.008227225245740719,0.02130111640206604,1.0217647294372687,0.021764729437268773
3111101,0,0.31627049087612474,1.4625666826657675,0.46256668266576767,0.28543775832191565,1.3994582160562963,0.39945821605629633,0.190643426786681,1.2355493648859683,0.2355493648859683,0.22347662893859732,1.2877912465572479,0.28779124655724775,0.19217901173256288,1.2378980176595018,0.23789801765950172,0.22748827616915843,1.294478736246302,0.29447873624630194,0.14881009045285737,1.1748259569148658,0.1748259569148659,0.21524155659677258,1.2742774651309823,0.2742774651309822
3111408,1,0.48913173171507385,2.0444390236013437,1.0,0.48617330088867855,2.056879713822407,1.0,0.6459637963969568,1.54807437441197,1.0,0.5878423246942212,1.7011364408307474,1.0,0.7162510188525766,1.3961585724540888,1.0,0.6730545430476268,1.4857636878460798,1.0,0.7128382125669925,1.4028428644403235,1.0,0.6472103319123246,1.545092763036216,1.0
3111804,1,0.3310641222458362,3.0205628843630365,1.0,0.3121273617217924,3.2038203715422013,1.0,0.2886559305172543,3.464332079400064,1.0,0.24034582624361442,4.160671377693909,1.0,0.11714048185670808,8.536758464279227,1.0,0.14315652426619582,6.985360989489561,1.0,0.32389977342357446,3.087374805576869,1.0,0.2441932299532334,4.095117625462077,1.0
3112604,1,0.0464203483024074,21.542276966244547,1.0,0.04321422522981117,23.140528256194532,1.0,0.05260179204647947,19.010759160379745,1.0,0.03623971813719086,27.594033601871594,1.0,0.05052503043292658,19.7921701665777,1.0,0.0488337962289263,20.477621590427535,1.0,0.039661981563488394,25.213061994879485,1.0,0.03388475812075954,29.511793958692852,1.0
3114402,0,0.0067655070348061255,1.006811590900965,0.006811590900964825,0.013816072320583614,1.0140096303871977,0.014009630387197783,0.004228654114833771,1.0042466115663078,0.0042466115663077385,0.010678220885899333,1.010793476006827,0.010793476006826886,0.017525207571237354,1.017837819052755,0.01783781905275506,0.026644695552935752,1.0273740692953555,0.027374069295355467,0.0023600431116561115,1.0023656260912175,0.0023656260912174433,0.007691005312126248,1.0077506153358466,0.007750615335846491
3114550,0,0.5245299431468647,2.1031818630565904,1.1031818630565904,0.452520133368184,1.8265511865343294,0.8265511865343295,0.29487355396028253,1.4181853561391926,0.4181853561391927,0.2978992541694134,1.4242970199625669,0.42429701996256675,0.2422029997484878,1.3196146193084703,0.31961461930847024,0.29393972249756073,1.4163096719409276,0.4163096719409275,0.21341225977497658,1.2713139918935483,0.27131399189354843,0.26833185597446807,1.3667398371318247,0.36673983713182473
3115102,0,0.003419001139709131,1.0034307308122663,0.003430730812266305,0.008394940106990224,1.0084660117687338,0.008466011768733819,0.004211035372055719,1.0042288431802706,0.004228843180270715,0.009927784899642023,1.010027334115861,0.010027334115861134,0.007688844554768332,1.0077484209590675,0.007748420959067512,0.01301720396380519,1.013188886387973,0.013188886387972887,0.0018362070790074836,1.001839584937893,0.001839584937892878,0.005816670876516371,1.0058507024872814,0.005850702487281302
3115805,0,0.17451048134876046,1.2114024192989048,0.21140241929890483,0.1600363317903793,1.1905276833359901,0.19052768333599013,0.17380551936049463,1.2103687732529544,0.2103687732529545,0.11078155620956037,1.1245830616573087,0.12458306165730865,0.1329433185670251,1.153327136984068,0.15332713698406794,0.12213039728116813,1.139121342056862,0.13912134205686197,0.14500223910198995,1.1695937062451405,0.16959370624514045,0.08902026507339957,1.0977192594526508,0.09771925945265085
3116902,0,0.021841135155936775,1.0223288219745559,0.0223288219745559,0.041493299855500584,1.0432895251011236,0.04328952510112373,0.008895275003481687,1.0089751110847673,0.008975111084767489,0.02636292242891994,1.027076744544987,0.027076744544987118,0.02107501884720142,1.0215287373935265,0.02152873739352644,0.05383905320609014,1.056902637324575,0.056902637324574776,0.006029681150016469,1.0060662587560891,0.006066258756089182,0.023211906501658656,1.0237635027045895,0.0237635027045895
3117306,1,0.6839525415997134,1.4620897491821223,1.0,0.6524669334472615,1.5326447191991368,1.0,0.6784861845357886,1.473869362106742,1.0,0.6424503048311971,1.5565406265356954,1.0,0.6131390310556789,1.630951463452325,1.0,0.58560755883225,1.7076282314287112,1.0,0.7555506372764549,1.3235380273183484,1.0,0.663951143365515,1.5061349166914306,1.0
3117836,0,0.003017529949612789,1.0030266629958502,0.0030266629958501517,0.00623630770351916,1.0062754432989072,0.006275443298907133,0.0034356108679776134,1.0034474549817798,0.00344745498177988,0.008783485800643753,1.0088613190708777,0.008861319070877782,0.0004559946805284545,1.000456202706536,0.00045620270653587755,0.00223964676497324,1.0022446740419297,0.002244674041929667,0.0020016935244303495,1.002005708337822,0.002005708337822064,0.010973453781983717,1.0110952065179095,0.01109520651790956
3118205,0,0.6621409843385022,2.959814460011047,1.9598144600110472,0.6504586335241864,2.860891716715294,1.8608917167152939,0.47390290866752743,1.900789828484415,0.9007898284844148,0.5037855706112874,2.015257801414404,1.015257801414404,0.2799693930313331,1.3888298501781833,0.38882985017818333,0.31446078872083433,1.4587057655448676,0.45870576554486747,0.5184808674664942,2.0767606776879557,1.0767606776879557,0.5486353454443997,2.2155035621576733,1.215503562157673
3118809,0,0.027781665430324586,1.0285755415655902,0.028575541565590144,0.04265019239952742,1.044550269985876,0.04455026998587592,0.06138359890072089,1.0653979611147113,0.06539796111471127,0.0650504979811033,1.0695764828374532,0.06957648283745332,0.02017587042495902,1.020591318192694,0.020591318192693917,0.029897098784479725,1.030818481984766,0.030818481984765982,0.04737560289640823,1.0497316707827884,0.04973167078278852,0.06393976312076613,1.0683073167747594,0.06830731677475937
3120201,0,0.003142386878347167,1.003152292601254,0.003152292601254059,0.007098396148635438,1.007149143602046,0.007149143602046245,0.0033259944932853423,1.0033370936483834,0.003337093648383443,0.006969305389307767,1.0070182174902862,0.007018217490286152,0.012311120147438091,1.0124645730032678,0.012464573003267835,0.013970533786064184,1.014168474943966,0.014168474943965862,0.0015365381099817536,1.0015389026926165,0.0015389026926165125,0.004910822883498774,1.0049350580796477,0.004935058079647703
3120904,0,0.009782454341543583,1.0098790961485524,0.009879096148552516,0.01745684153169078,1.017766997186062,0.017766997186061857,0.015933623338897498,1.0161916144243843,0.016191614424384295,0.027524263600239983,1.0283032908380199,0.0283032908380199,0.040171496564012484,1.0418527855968092,0.04185278559680905,0.050989066444566924,1.0537286396201342,0.05372863962013413,0.009108380039465094,1.0091921052272375,0.009192105227237526,0.018688477231201987,1.019044387839727,0.019044387839726905
3121209,0,0.023186195817844257,1.0237365562593141,0.02373655625931399,0.030884640039200748,1.0318688995296186,0.031868899529618466,0.005172492731057233,1.0051993865200382,0.005199386520038087,0.011409812930017142,1.0115414992777079,0.011541499277707715,0.007682992143101486,1.007742477537188,0.00774247753718784,0.0167108897160981,1.0169948894392549,0.016994889439254767,0.003520738808083141,1.0035331782057078,0.00353317820570785,0.009242977788799341,1.0093292074460098,0.009329207446009912
3121258,1,0.2835232383751331,3.5270477500573962,1.0,0.26140240809472354,3.825519463606599,1.0,0.623494160405114,1.6038642596913053,1.0,0.6098247946051809,1.6398152532440573,1.0,0.44959592589391867,2.2242194432961746,1.0,0.4146511617389979,2.411665738029331,1.0,0.5099251878125901,1.9610719844800533,1.0,0.49665780274173604,2.0134587526454384,1.0
3122405,0,0.005772804711372912,1.0058063234829309,0.005806323482930931,0.011540907427325395,1.0116756550817776,0.011675655081777571,0.0027975792680991975,1.0028054276743992,0.0028054276743992488,0.006720583584554176,1.0067660554255795,0.00676605542557951,0.004999810922815989,1.0050249346459452,0.005024934645945223,0.008078848828946886,1.0081446482106053,0.00814464821060532,0.001314890029954419,1.001316621242099,0.001316621242098881,0.005173580500799737,1.0052004856318595,0.005200485631859414
3124708,0,7.639232794652569e-05,1.0000763981641803,7.639816418013824e-05,0.00014500677397597382,1.00014502780399,0.00014502780398996723,3.313259013915482e-05,1.000033133687944,3.313368794405727e-05,8.963550084657804e-05,1.00008964353609,8.964353608983311e-05,0.001000014706431558,1.0010010157368898,0.0010010157368898172,0.001508167958501572,1.0015104459647086,0.0015104459647085936,1.8057028549124582e-05,1.0000180573546114,1.805735461129232e-05,0.00010813622207542807,1.0001081479167826,0.00010814791678257426
3127008,0,0.05706255869029692,1.0605157417559317,0.06051574175593163,0.09766809905789835,1.1082396609894047,0.10823966098940488,0.06455383669941789,1.0690086070497624,0.06900860704976255,0.10547815625173584,1.1179156853339174,0.11791568533391729,0.03232369300996631,1.0334034147332898,0.033403414733289755,0.051924282664274034,1.0547680757083318,0.054768075708331816,0.03758308364422955,1.0390507305155643,0.03905073051556427,0.09459506123907122,1.1044781811865607,0.1044781811865607
3127107,1,0.7068760857793185,1.4146751037666205,1.0,0.7360883547241917,1.3585325641711783,1.0,0.8196914180542214,1.2199712940435488,1.0,0.8108584393470477,1.2332608892931551,1.0,0.7919355650678955,1.2627289947689952,1.0,0.7628668071499313,1.3108448167197073,1.0,0.837563562188077,1.1939392365488883,1.0,0.7870594605048732,1.2705520360031406,1.0
3128303,0,0.004723450214777625,1.0047458670816638,0.004745867081663816,0.009224113936691421,1.0093099903484146,0.009309990348414695,0.002222403836390263,1.0022273539162787,0.0022273539162788,0.005390342142687256,1.0054195554005576,0.00541955540055751,0.0035004280975569134,1.0035127241358208,0.003512724135820907,0.005474942314271319,1.0055050823224219,0.0055050823224218936,0.001247890418973538,1.0012494495951523,0.0012494495951523188,0.005545048612791953,1.005575967624332,0.005575967624332229
3128709,0,0.0007599372442393276,1.0007605151880554,0.0007605151880555407,0.0019830218776273464,1.001986962066876,0.001986962066875977,0.0008862415621516635,1.0008870276829511,0.0008870276829510738,0.0027931481956021157,1.002800971724721,0.0028009717247209527,0.008672187407219412,1.0087480521549552,0.008748052154955315,0.012861917773122357,1.0130295021585098,0.01302950215850983,0.0008514770426763051,1.0008522026736886,0.0008522026736886584,0.0022482937112437416,1.002253359926195,0.0022533599261949744
3129103,0,0.10486484305828028,1.117149731238975,0.11714973123897512,0.10575374153168372,1.1182602001744137,0.11826020017441387,0.07323779808413809,1.0790254478794412,0.07902544787944119,0.08626748332562723,1.094412184913378,0.0944121849133781,0.1753332735393294,1.2126110680999946,0.21261106809999478,0.20009655565604748,1.2501508864237463,0.2501508864237462,0.04666278906920841,1.0489467824544991,0.048946782454499134,0.07617294928301915,1.0824536900320265,0.08245369003202649
3129509,0,0.0012937459399408647,1.0012954218867474,0.0012954218867473547,0.00163558597603099,1.001638265500108,0.0016382655001079818,0.0009216140211017343,1.0009224641770211,0.0009224641770212411,0.0018303708242000834,1.0018337272250124,0.0018337272250122873,0.015457836146478365,1.0157005324037887,0.015700532403788603,0.016991065387090987,1.0172847517340031,0.017284751734003068,0.0003513116993821532,1.0003514351626663,0.00035143516266637217,0.001902377379003973,1.0019060033165978,0.0019060033165977752
3130309,0,0.32370509715636264,1.4786448867132818,0.4786448867132817,0.27451999883310607,1.3783977482377958,0.3783977482377957,0.5257334228045037,2.108518812169622,1.108518812169622,0.3685766954677613,1.5837236174562872,0.5837236174562872,0.30148951775044264,1.4316177429141703,0.4316177429141704,0.22619837572983068,1.2923208851405235,0.2923208851405235,0.5296099850125007,2.125895465758505,1.125895465758505,0.3978526844309876,1.6607231721277838,0.6607231721277839
3130655,0,0.00347294458574327,1.0034850479642017,0.0034850479642015994,0.006390238384473789,1.006431336155639,0.006431336155639008,0.0035851159598998,1.0035980152618391,0.0035980152618389823,0.008613848108822868,1.0086886911748676,0.008688691174867647,0.0009648315815817559,1.0009657633805917,0.000965763380591686,0.003300854865256458,1.0033117865921417,0.00331178659214182,0.001981143934590604,1.0019850766571696,0.001985076657169653,0.00881118891612361,1.008889516122048,0.008889516122047901
3130903,0,0.0003480820937292604,1.0003482032970619,0.00034820329706194514,0.0010506491102455601,1.0010517541347914,0.001051754134791476,0.002302026804902541,1.0023073383596544,0.0023073383596544455,0.0037714146909620513,1.0037856921057853,0.0037856921057852692,0.006635073027733453,1.0066793912766347,0.00667939127663473,0.007975412881357408,1.0080395314641568,0.008039531464156723,0.0018377307643164145,1.0018411142365895,0.001841114236589616,0.002855593689539752,1.0028637714572415,0.002863771457241335
3131406,0,0.017248967391413784,1.0175517163748264,0.01755171637482651,0.033849095794094015,1.0350349988254839,0.03503499882548379,0.025877846185447795,1.0265652989043654,0.026565298904365407,0.0360442167321423,1.037391981414283,0.03739198141428295,0.026098683433660334,1.0267980779876915,0.026798077987691637,0.038846208310552584,1.040416225422439,0.040416225422438896,0.01684854081519858,1.0171372789592041,0.017137278959204177,0.026074403071688058,1.026772479493223,0.026772479493222853
3131604,0,1.1149588367222428e-05,1.000011149712682,1.1149712681929245e-05,2.5789270606744017e-05,1.0000257899357103,2.578993571037498e-05,2.2877620731069262e-05,1.0000228781441285,2.2878144128573666e-05,6.480818036774254e-05,1.00006481238074,6.481238074020362e-05,0.0013290476497498933,1.0013308163681163,0.001330816368116187,0.0012800172728784252,1.001281657817022,0.0012816578170221332,7.590152448384981e-06,1.0000075902100591,7.590210059236445e-06,6.746160860567411e-05,1.0000674661599813,6.746615998135291e-05
3132503,0,0.0022844297616128125,1.0022896603298141,0.0022896603298142243,0.005024555652302528,1.0050499293031263,0.005049929303126279,0.009160816231377444,1.0092455126739484,0.009245512673948356,0.019722485026360717,1.0201192873702618,0.020119287370261755,0.024659938593854756,1.025283426334711,0.02528342633471098,0.046063518089387856,1.0482878251989363,0.04828782519893625,0.004404560378217193,1.004424046357515,0.0044240463575149,0.01495710622753717,1.0151842181920172,0.015184218192017275
3132909,0,0.00044198900174796646,1.0004421844424083,0.000442184442408255,0.0027680580507205934,1.0027757414642273,0.002775741464227367,0.00018689217933550112,1.0001869271145514,0.00018692711455131652,0.001235029027593605,1.0012365562104077,0.0012365562104077097,0.0003793568923001262,1.0003795008585665,0.00037950085856645725,0.001616381621713233,1.0016189985412007,0.0016189985412008105,3.438867579883697e-05,1.0000343898584205,3.438985842052897e-05,0.0012819924757706811,1.0012836380901438,0.0012836380901438582
3133402,1,0.5592425990321134,1.788132738333435,1.0,0.546301117554987,1.8304923198319225,1.0,0.3809245386479968,2.6251918649012946,1.0,0.3724743300670935,2.6847487713310896,1.0,0.315645893449244,3.168107112284673,1.0,0.3461829659701816,2.8886458846913188,1.0,0.2835188730940942,3.5271020552770054,1.0,0.27561591149288994,3.628237551973834,1.0
3133501,0,0.009819489453805574,1.009916868034889,0.009916868034888948,0.016568337680691665,1.0168474722906695,0.016847472290669574,0.023618757798081397,1.024190097860562,0.024190097860561897,0.03388302018215102,1.035071343212019,0.03507134321201901,0.04114951524710985,1.042915465864018,0.042915465864018086,0.052952228061854824,1.0559129429695902,0.05591294296959004,0.010327888914171697,1.010435667327071,0.010435667327070937,0.02443037960206249,1.0250421693042238,0.025042169304223795
3134202,1,0.5938894891059999,1.6838149493188215,1.0,0.6174377418021456,1.6195964909453888,1.0,0.602609608592414,1.6594491454190674,1.0,0.6229013470962372,1.6053906524069559,1.0,0.44795121816158656,2.232385937254615,1.0,0.4607061908681426,2.170580773216063,1.0,0.5296743562567137,1.8879524526487306,1.0,0.5949650026202319,1.6807711303958885,1.0
3134400,1,0.8403739081338191,1.1899465110960614,1.0,0.8215537078385864,1.2172058752322905,1.0,0.8717881397177969,1.1470676812874583,1.0,0.854986162933407,1.1696095718895134,1.0,0.7917379102252854,1.2630442310327854,1.0,0.7582042592402434,1.318905806467043,1.0,0.9177795881165549,1.0895862284888858,1.0,0.864317311264729,1.1569824958576043,1.0
3134905,0,0.0004048866574348851,1.0004050506570414,0.00040505065704150644,0.0011096969977091287,1.0011109297931653,0.0011109297931652699,0.0003744019699627538,1.0003745421993,0.00037454219930000587,0.0012576463241978613,1.0012592299901664,0.0012592299901663137,0.002162699599570283,1.0021673870065815,0.0021673870065815307,0.0038401764226070837,1.0038549802267835,0.0038549802267835945,0.00017865730572453754,1.000178689229861,0.00017868922986090648,0.00124270939064874,1.0012442556388155,0.0012442556388154635
3135050,1,0.2618322983506949,3.8192385213707003,1.0,0.22592779584236836,4.426192874017627,1.0,0.35047287417266726,2.8532878681713054,1.0,0.27009688171381496,3.7023752131265417,1.0,0.2865183041025816,3.4901784133203995,1.0,0.24856270418453089,4.023129709989027,1.0,0.7204998957627234,1.3879252528432318,1.0,0.46768146425050455,2.1382074690571216,1.0
3135209,0,0.022354983005252998,1.0228661555233733,0.022866155523373483,0.021449684760493474,1.0219198588222247,0.021919858822224716,0.03672854421484731,1.0381289656142776,0.0381289656142777,0.04481493719385323,1.0469175439806353,0.046917543980635246,0.024927370095148053,1.0255646290652014,0.02556462906520151,0.0411727635722096,1.0429407530449415,0.04294075304494162,0.038030667893522024,1.0395341791304762,0.039534179130476174,0.06237027887007302,1.0665190932673416,0.06651909326734151
3135308,0,0.029219863130150597,1.0300993623791748,0.03009936237917489,0.050037531982292216,1.0526731672743932,0.0526731672743933,0.024133580260336688,1.024730413683847,0.024730413683847142,0.04773723612148888,1.0501303189962587,0.05013031899625884,0.03927195506161276,1.0408772860004636,0.04087728600046366,0.06518482547380643,1.0697301747448045,0.06973017474480453,0.020001401703055803,1.0204096227666186,0.020409622766618778,0.038132830979755394,1.0396445914861585,0.03964459148615853
3135506,0,0.00625713823354174,1.0062965365330214,0.0062965365330214015,0.012992395785798335,1.0131634201502857,0.013163420150285599,0.022592093521983155,1.0231142938094202,0.02311429380942017,0.03678654797582235,1.0381914807133519,0.03819148071335176,0.02604437561416812,1.0267408236700635,0.026740823670063495,0.03514173307400444,1.0364216530848254,0.03642165308482537,0.017015318067644607,1.0173098506827143,0.01730985068271443,0.025415227274226383,1.0260780057163665,0.026078005716366412
3136306,1,0.6289232477661807,1.5900191375526591,1.0,0.5695387746001609,1.755806706403862,1.0,0.7006866107431144,1.427171555254136,1.0,0.6631620036935598,1.5079271647506656,1.0,0.6825171819021779,1.4651645797589978,1.0,0.6835736815823863,1.462900089548689,1.0,0.6558316333833893,1.52478158889816,1.0,0.5746343079477837,1.740237201588856,1.0
3137205,1,0.383482325588415,2.6076821101614023,1.0,0.38665240678690316,2.586302276791808,1.0,0.5621774004076869,1.7787979368697626,1.0,0.5433849811181812,1.8403158621392026,1.0,0.5230222915703964,1.9119643963882649,1.0,0.5145870787792565,1.9433056935130937,1.0,0.7173373421106602,1.3940442540710989,1.0,0.5819584179885426,1.7183358279382903,1.0
3138625,1,0.4468586080406138,2.23784432481854,1.0,0.4383212029983824,2.281431957111348,1.0,0.6324694075610502,1.5811041420267797,1.0,0.5711517333707339,1.7508482274900166,1.0,0.7319088085364546,1.366290428994328,1.0,0.6882647514797584,1.4529292657367905,1.0,0.6523930631766822,1.5328182601003197,1.0,0.6041329299228266,1.6552648439934277,1.0
3138807,0,0.4171346190344026,1.7156620253262616,0.7156620253262617,0.3660057533076387,1.5773013796531168,0.5773013796531168,0.42674279030283163,1.7444176594451637,0.7444176594451639,0.3534523905364432,1.5466765097619093,0.5466765097619092,0.4464222817852486,1.8064310883482242,0.8064310883482243,0.3676353423344259,1.5813660486523422,0.5813660486523422,0.3410859684214624,1.51764866443098,0.5176486644309798,0.28995140478545234,1.4083543108733858,0.4083543108733859
3141306,0,0.0023539882378459183,1.0023595425733103,0.002359542573310187,0.003865656222395168,1.0038806575102466,0.003880657510246638,0.001997547582748905,1.0020015457656548,0.0020015457656548503,0.0036646209142105323,1.003678099755499,0.0036780997554990867,0.018034405799274997,1.0183656188218633,0.018365618821863283,0.02862244073996565,1.0294658245572086,0.02946582455720858,0.000863915991349973,1.000864662987532,0.0008646629875320303,0.0024491802026766515,1.0024551934137795,0.0024551934137794222
3141801,0,0.002453532465945717,1.0024595670936622,0.002459567093662189,0.005480598256332345,1.0055108007412659,0.005510800741265922,0.009505329929770809,1.0095965482874298,0.009596548287429806,0.017692415772116273,1.0180110752031126,0.018011075203112594,0.007090786041615406,1.0071414243537402,0.007141424353740159,0.013943924524978026,1.0141411070544448,0.01414110705444484,0.006777171947107734,1.0068234154065847,0.006823415406584702,0.011128594621283206,1.0112538339775548,0.011253833977554634
3142403,0,0.022529836681534625,1.0230491298118471,0.02304912981184703,0.024700246401784594,1.0253257998996277,0.025325799899627688,0.019208532465490057,1.0195847263167734,0.019584726316773538,0.027250992546550227,1.0280144131093902,0.0280144131093902,0.024410188663573668,1.025020954893056,0.02502095489305593,0.037574612801358896,1.0390415852502897,0.03904158525028978,0.010146092797468647,1.0102500911736996,0.010250091173699518,0.02331632725667057,1.0238729569331073,0.023872956933107304
3142809,0,0.07245539120854556,1.0781152631601745,0.0781152631601745,0.09637529027821366,1.1066541112049562,0.1066541112049562,0.05948642704400984,1.063248876735555,0.063248876735555,0.07833574404421656,1.0849937963179237,0.0849937963179237,0.11251191063830739,1.1267756852029747,0.12677568520297466,0.13624017711279043,1.1577292361867366,0.1577292361867366,0.04466556917510239,1.0467538568002153,0.04675385680021524,0.06343477546549631,1.0677312949528155,0.06773129495281545
3143005,1,0.11364521537487679,8.799314574760945,1.0,0.16050398007235916,6.230375094431772,1.0,0.16876750156027642,5.925311394402811,1.0,0.1838468575663258,5.439309723524828,1.0,0.1370478943086465,7.296719187438905,1.0,0.1486144591157706,6.7288203715158055,1.0,0.13599378562884462,7.353277176423402,1.0,0.13556472832164704,7.376550024334903,1.0
3143203,0,0.010691065160973645,1.0108065992173751,0.01080659921737513,0.02452595613595365,1.025142602502063,0.025142602502062964,0.003418935486545343,1.0034306647078575,0.003430664707857476,0.01616496016184515,1.0164305595016256,0.016430559501625756,0.005617776013370117,1.005649513716011,0.00564951371601113,0.016559986388981547,1.0168388373055681,0.016838837305568028,0.0025089901049562425,1.0025153009702015,0.0025153009702014646,0.015095177229858476,1.015326533976554,0.015326533976554006
3143302,0,0.01494909293328316,1.0151759597661796,0.015175959766179544,0.017205710271986512,1.0175069294274677,0.017506929427467635,0.024759769751018245,1.0253883801990993,0.025388380199099253,0.02858027599864805,1.0294211403088707,0.029421140308870518,0.1413201997253792,1.1645784606557446,0.1645784606557445,0.13291369561925226,1.1532877349667932,0.15328773496679324,0.007770448970755744,1.0078313017009979,0.00783130170099794,0.03290204920468254,1.0340214237633578,0.03402142376335789
3143450,0,0.0008313519559174922,1.000832043677056,0.0008320436770558214,0.001979300024284862,1.0019832254224115,0.001983225422411604,0.002314237303798041,1.0023196054211938,0.0023196054211938604,0.005395632121627676,1.0054249029019824,0.005424902901982323,0.0010427277282999499,1.001043816144337,0.0010438161443368972,0.0029134888996793376,1.002922002120422,0.002922002120422027,0.001174455953323685,1.0011758369219967,0.001175836921996862,0.005632273735868692,1.0056641759251674,0.005664175925167352
3144300,0,0.18074459798844825,1.2206205751523378,0.22062057515233777,0.12455115553560231,1.1422711975955637,0.14227119759556378,0.17707687175943723,1.215180331774164,0.215180331774164,0.12378156570413536,1.1412679314417837,0.14126793144178382,0.25277162000310116,1.3382789342184116,0.33827893421841154,0.1713894884870086,1.2068396262244634,0.20683962622446345,0.208273816906482,1.2630629393772124,0.26306293937721253,0.11243041045563684,1.1266722201617492,0.1266722201617491
3145000,0,0.32356414786170173,1.4783367806997145,0.4783367806997146,0.3477913797439883,1.533251737162673,0.5332517371626729,0.3490639539508186,1.536249230733867,0.536249230733867,0.3910660371083636,1.6422141988128134,0.6422141988128132,0.2353131958094085,1.3077249332927663,0.3077249332927664,0.29428679045860534,1.4170062094343487,0.4170062094343488,0.42643228538782113,1.743473306680373,0.7434733066803729,0.30466176999797795,1.4381490285628218,0.43814902856282184
3145307,0,0.0021411429128424813,1.002145737242933,0.0021457372429330096,0.007262881190659266,1.0073160165496484,0.007316016549648258,0.01131488426547553,1.0114443760560403,0.011444376056040205,0.03349649738941369,1.0346573988598464,0.0346573988598464,0.005864743480748646,1.005899341605973,0.005899341605972985,0.014752540224910488,1.0149734364484209,0.014973436448420958,0.0045692012239360565,1.0045901746555903,0.00459017465559046,0.019193221891534554,1.019568810411924,0.019568810411923983
3145851,0,0.012110202958714122,1.0122586577925838,0.012258657792583734,0.01869665074333866,1.0190528757060713,0.01905287570607132,0.018053744595185668,1.0183856748735631,0.0183856748735631,0.026206402816133123,1.02691166063519,0.026911660635189984,0.009316856313641717,1.0094044764696142,0.009404476469614136,0.012090148781869169,1.0122381093446549,0.01223810934465483,0.007496630985712852,1.0075532549508202,0.007553254950820159,0.019991438174750832,1.0203992484897448,0.020399248489744948
3146008,0,0.006631470455093469,1.0066757404305244,0.006675740430524365,0.014797044077449636,1.0150192851011024,0.01501928510110243,0.00739647736631909,1.0074515929045809,0.007451592904580846,0.015366058629813549,1.0156058591768944,0.01560585917689432,0.013320697040669948,1.0135005335580847,0.013500533558084591,0.02196473549953345,1.0224580199679734,0.02245801996797322,0.003488084770147917,1.0035002940926636,0.0035002940926635757,0.011983872534049155,1.0121292276521692,0.012129227652169216
3147006,1,0.8312836283550145,1.2029588528994009,1.0,0.7715197287862162,1.2961431350216248,1.0,0.5939467114457669,1.683652726295648,1.0,0.6278530120762041,1.5927294777055676,1.0,0.47551559959868706,2.10298042975657,1.0,0.5289002386330581,1.8907157285171556,1.0,0.6295804866810271,1.5883592664564963,1.0,0.6590839928891578,1.5172573007218766,1.0
3147907,0,0.21811283902592316,1.2789569261556843,0.27895692615568424,0.2746700424868516,1.3786828872043004,0.37868288720430043,0.19086665356089583,1.2358902329274604,0.23589023292746045,0.2859365830488261,1.4004358384157045,0.40043583841570446,0.18573810409146538,1.2281060983262924,0.2281060983262923,0.2493661930870639,1.3322075168884409,0.33220751688844086,0.1311800106304076,1.150986409423649,0.15098640942364894,0.21753458152784502,1.2780117515641827,0.27801175156418273
3148004,0,0.0064350022134866194,1.006476679661444,0.006476679661444056,0.00995940520107573,1.0100595927615459,0.010059592761545774,0.008596872354563667,1.0086714194406277,0.008671419440627624,0.01569332803509948,1.0159435351624428,0.015943535162442835,0.10101025984385292,1.1123597470937858,0.11235974709378582,0.08978045099871526,1.0986360390712597,0.09863603907125987,0.0031905456373904247,1.0032007578012294,0.0032007578012294806,0.014815385154058785,1.015038181606577,0.015038181606576904
3149200,0,0.004283716356391289,1.0043021455275551,0.004302145527555252,0.007048211344384078,1.0070982412488796,0.007098241248879606,0.0037229385670011924,1.0037368506323394,0.003736850632339452,0.007081387129221389,1.0071318908090032,0.007131890809003278,0.007989836599575173,1.008054188247616,0.008054188247615841,0.01394254330296757,1.0141396864942034,0.014139686494203387,0.0018418411134996824,1.001845239751939,0.001845239751939068,0.006506122331167014,1.006548729164223,0.006548729164223131
3149804,0,0.15444142526515417,1.182650179277745,0.18265017927774505,0.20882804507860675,1.2639477344711427,0.26394773447114267,0.1789284815125669,1.2179207017705187,0.21792070177051878,0.20600530432173153,1.2594542576203887,0.25945425762038865,0.4074914239309912,1.6877392841036807,0.6877392841036805,0.4030289139630556,1.6751230057700208,0.6751230057700208,0.10409300938695118,1.1161872945267708,0.11618729452677079,0.15491046997420732,1.183306578143832,0.1833065781438321
3150208,0,0.028736558926895868,1.0295867812085526,0.029586781208552616,0.03314789522701556,1.034284349243671,0.034284349243671186,0.023115207831075225,1.023662163661852,0.023662163661851848,0.03354177714266831,1.0347058738281538,0.03470587382815381,0.016292673456726452,1.0165625212063618,0.016562521206361813,0.022461431340677143,1.0229775397726584,0.022977539772658387,0.02388622878556955,1.0244707425404433,0.02447074254044335,0.03300823696913459,1.034134972221145,0.03413497222114497
3150604,0,0.0034866652875683007,1.0034988646575156,0.0034988646575155593,0.00534516533789785,1.005373889666674,0.005373889666673843,0.012378138945049728,1.012533277596577,0.012533277596577037,0.012672109456438672,1.0128347528493926,0.012834752849392513,0.018832049878525606,1.0191935028821457,0.019193502882145802,0.014992729281543929,1.0152209326034805,0.015220932603480538,0.009912249799087133,1.0100114861506726,0.010011486150672702,0.01292238466853321,1.0130915588276144,0.013091558827614374
3150703,1,0.8028503074256281,1.245562205993967,1.0,0.694477155187659,1.4399321741977011,1.0,0.8113718052528585,1.2324805884625938,1.0,0.720682522268616,1.3875735418865558,1.0,0.6274405375971961,1.593776525548592,1.0,0.5662863344358721,1.7658911034753972,1.0,0.9105370428372092,1.0982529572701696,1.0,0.7881753835015431,1.2687531492767588,1.0
3151602,0,0.7743104863611486,4.430866033059034,3.4308660330590337,0.6574383502481692,2.9191825784481455,1.9191825784481458,0.7418991494292402,3.8744544924536943,2.8744544924536943,0.6499142019441051,2.856442636500037,1.856442636500037,0.366000180186206,1.577287514519642,0.577287514519642,0.35040370098859036,1.5394176375725253,0.5394176375725253,0.7913243096219289,4.792125034728463,3.792125034728463,0.7184330275122445,3.551552908228563,2.551552908228563
3152006,1,0.5753019124494617,1.738217757250801,1.0,0.524730873297928,1.9057388289639041,1.0,0.5892954916067608,1.6969415416252736,1.0,0.5881108067080422,1.700359844767201,1.0,0.5170129685885662,1.93418745903024,1.0,0.507606611903633,1.9700295003049446,1.0,0.6133046900042636,1.6305109292300508,1.0,0.5409850255078718,1.8484800000909622,1.0
3152105,0,0.06688304709363971,1.0716770249273904,0.07167702492739034,0.071722964075808,1.0772646109944977,0.07726461099449763,0.24529247343858998,1.3250165988885638,0.3250165988885639,0.19257000373030386,1.2384974606095536,0.2384974606095536,0.4308868657342096,1.757119876156248,0.7571198761562483,0.3140074054007115,1.4577416839086053,0.4577416839086052,0.11151280041577837,1.1255086178708733,0.12550861787087325,0.15162510751252128,1.1787241806130644,0.17872418061306444
3152808,0,0.14737712263724156,1.1728514757815234,0.17285147578152332,0.18707467738114467,1.2301252921713397,0.2301252921713397,0.14307487606766114,1.1669631010596417,0.16696310105964177,0.16873914564957623,1.2029918102921313,0.20299181029213134,0.19028108354043277,1.2349964656530712,0.23499646565307125,0.1913953771536812,1.2366983464427426,0.23669834644274262,0.16358030802843668,1.195572043076669,0.19557204307666887,0.1827083559782299,1.2235534369091912,0.22355343690919116
3152907,0,0.0026230904524132863,1.0026299891518475,0.002629989151847448,0.007789231250864461,1.007850379673549,0.007850379673548818,0.0023163147651082765,1.002321692535809,0.002321692535809013,0.009192125542525542,1.0092774046104134,0.009277404610413266,0.0030694118867920736,1.0030788621829743,0.0030788621829742897,0.008410833699758707,1.0084821758704168,0.00848217587041689,0.0017331052257458656,1.001736114094155,0.0017361140941549366,0.00700210221384885,1.0070514773792167,0.007051477379216769
3153400,0,0.022027131013391273,1.0225232536728919,0.02252325367289191,0.026182472136506794,1.0268864252155636,0.026886425215563562,0.02712581354053132,1.027882139250964,0.0278821392509641,0.03296463033393293,1.0340883398559828,0.03408833985598288,0.10298328971726482,1.114806433967997,0.1148064339679971,0.11937353052902543,1.1355552378532723,0.13555523785327234,0.016081675507630407,1.016344522819948,0.016344522819947867,0.029465933909041772,1.0303605354397527,0.03036053543975264
3154903,0,0.01877285325807994,1.0191320157829038,0.019132015782903657,0.024407985988575572,1.0250186406182387,0.02501864061823875,0.031205143264588592,1.032210269333739,0.0322102693337389,0.03399878942329407,1.0351953900792699,0.035195390079269855,0.014091955747883226,1.0142933773895444,0.014293377389544481,0.019496164346999335,1.0198838226206581,0.01988382262065827,0.025078517323207847,1.0257236277677984,0.025723627767798327,0.03345948215913284,1.034617774983585,0.034617774983584974
3155207,0,0.005609849139438352,1.0056414970870171,0.005641497087017099,0.013896790271112304,1.0140926326311555,0.014092632631155302,0.01813522881454114,1.0184701899352653,0.018470189935265207,0.02538292198604603,1.0260439946709847,0.026043994670984633,0.004754691404388259,1.0047774064979995,0.004777406497999566,0.007280879274887604,1.007334279276871,0.00733427927687081,0.017783238082135836,1.018105207293971,0.018105207293970943,0.02473914004877031,1.0253666901489387,0.025366690148938668
3155603,0,0.006710764433611086,1.0067561030496666,0.0067561030496666,0.012071625229806293,1.0122191299876515,0.01221912998765151,0.01743713760025922,1.0177465872846772,0.017746587284677144,0.034766789075156214,1.036019055997715,0.03601905599771501,0.012641976313971773,1.0128038421835845,0.01280384218358448,0.03078296121185396,1.0317606480075332,0.0317606480075332,0.004577847174761652,1.0045989002372195,0.0045989002372196185,0.019171289266787198,1.0195460115074078,0.019546011507407663
3156007,0,0.00028449194720838583,1.0002845729059084,0.0002845729059085105,0.0007106750295009024,1.0007111804476867,0.0007111804476865425,0.0014654372428619805,1.001467587900829,0.001467587900829029,0.0033294019372345812,1.0033405238839253,0.0033405238839251,0.0012669229723278176,1.0012685301022555,0.0012685301022554545,0.002944381284933627,1.0029530762674284,0.0029530762674284247,0.0008817062781619067,1.0008824843701714,0.0008824843701714666,0.0033582912835008294,1.0033696074066836,0.0033696074066835147
3156908,0,0.5360649920295402,2.1554743289897904,1.1554743289897904,0.5653739770497614,2.300828637024554,1.3008286370245543,0.4653273102994529,1.870303120512977,0.8703031205129771,0.5191555237805605,2.079674509026984,1.0796745090269837,0.4088552769526074,1.6916331331605734,0.6916331331605733,0.47207295782297715,1.8942011302855049,0.8942011302855047,0.3169129142009542,1.463942183638625,0.4639421836386251,0.43906613461393196,1.7827413563482044,0.7827413563482043
3157005,0,0.00954913466463228,1.0096411997796568,0.009641199779656847,0.012160484456784047,1.0123101822365317,0.01231018223653157,0.044813192827071475,1.0469156320947368,0.04691563209473686,0.03295853550948804,1.0340818224654433,0.034081822465443425,0.03440958692824736,1.0356358000891734,0.03563580008917342,0.030660310208004325,1.031630098850676,0.031630098850675886,0.030718844844749255,1.0316923987239068,0.03169239872390688,0.03591182069298373,1.0372495187305346,0.03724951873053463
3157401,0,0.01880086449448436,1.0191611099257625,0.019161109925762542,0.03259345217668848,1.0336915769797348,0.03369157697973468,0.019662780489859564,1.0200571600246748,0.02005716002467473,0.0361429543507715,1.0374982519595803,0.03749825195958034,0.009946126415570671,1.0100460456556382,0.010046045655638243,0.014137088918480154,1.014339812117459,0.014339812117458972,0.014949763765005954,1.0151766511139029,0.015176651113902715,0.032003415202305374,1.03306149598554,0.033061495985539965
3157708,1,0.679680135121486,1.4712803101436238,1.0,0.6063706909785496,1.6491562255197705,1.0,0.7667397485212156,1.3042235020796369,1.0,0.6732661240168922,1.4852967709614187,1.0,0.6533113962153612,1.530663640329878,1.0,0.5838045422633192,1.7129020547239249,1.0,0.7696648563657835,1.2992668064926556,1.0,0.6954853367689532,1.437844836018749,1.0
3159803,1,0.6866079897851762,1.4564351345705675,1.0,0.6798559618693265,1.4708998024381634,1.0,0.5401477771038853,1.8513452103083865,1.0,0.5691813762820511,1.7569092062219227,1.0,0.5831262997766072,1.7148943554476876,1.0,0.5982819966823096,1.6714526018589264,1.0,0.45862819767149654,2.1804154325379574,1.0,0.5386955186075688,1.8563362149082294,1.0
3160454,0,0.001800050023361469,1.001803296046452,0.0018032960464520126,0.005082131567663864,1.0051080915610369,0.005108091561036726,0.004690371188486309,1.0047124744428395,0.004712474442839481,0.013104864761872594,1.0132788827241614,0.013278882724161495,0.0005723470917770793,1.0005726748605681,0.0005726748605680593,0.0023026265248714036,1.002307940850692,0.0023079408506920416,0.005125514031695696,1.0051519202713366,0.005151920271336609,0.013448797779934761,1.013632133587867,0.013632133587867043
3161106,0,0.018383110068607187,1.0187273775106824,0.01872737751068242,0.025698509191728253,1.026376341855342,0.026376341855341923,0.03659146284756118,1.037981252434938,0.03798125243493806,0.05254711448170581,1.0554614538462885,0.05546145384628858,0.023666743747121043,1.0242404359326578,0.02424043593265776,0.036706106554278396,1.0381047848471041,0.03810478484710405,0.03519289215133042,1.0364766095368054,0.0364766095368054,0.06830624553279935,1.0733140532554724,0.07331405325547237
3161304,0,0.11241833132789614,1.1266568872429321,0.12665688724293206,0.13599246262277875,1.1573973104859676,0.1573973104859676,0.10088322029600341,1.1122025776553917,0.11220257765539172,0.12488492713680228,1.1427068633707844,0.14270686337078428,0.15354450606852962,1.1813970222526085,0.18139702225260848,0.17271016336220527,1.2087662095114333,0.20876620951143326,0.1172379699037229,1.1328081248475725,0.13280812484757248,0.1336556980753146,1.1542754973725606,0.15427549737256055
3162203,0,0.008965500523941754,1.009046607891735,0.009046607891735,0.011777881160054248,1.01191825292666,0.011918252926659918,0.0037186811158003517,1.0037325613210986,0.003732561321098688,0.009153060847687392,1.0092376132841647,0.009237613284164758,0.004482508925867545,1.004502692284222,0.004502692284222004,0.012818894450851152,1.01298535231154,0.012985352311539898,0.0021640938806461165,1.002168787340057,0.002168787340057157,0.009886295798113736,1.0099850105661177,0.009985010566117667
3162252,0,0.0009919645255680538,1.000992949496244,0.0009929494962440085,0.002143527763235162,1.0021481323445547,0.0021481323445548184,0.0007856971408745689,1.0007863149462797,0.0007863149462796878,0.0027224450447723187,1.0027298769848425,0.0027298769848425413,0.00037720473421543597,1.000377347071317,0.00037734707131717915,0.0014577588156963262,1.0014598869788096,0.0014598869788096061,0.0004702890898484882,1.00047051036574,0.0004705103657401564,0.0030553285309801795,1.0030646921724133,0.0030646921724132256
3162401,0,0.004317781282289942,1.0043365053639812,0.00433650536398109,0.006999424000222997,1.0070487612690213,0.007048761269021226,0.015115394222462887,1.0153473758588496,0.01534737585884971,0.019007066356491895,1.0193753346274348,0.019375334627434782,0.006004808951408798,1.0060410845097492,0.0060410845097491565,0.008886827864534536,1.0089665117106525,0.008966511710652438,0.017776067909114245,1.0180977751898936,0.018097775189893677,0.028288511580342415,1.02911204808986,0.029112048089859902
3162708,0,0.015521345189675673,1.015766055580622,0.01576605558062212,0.023596322966723243,1.024166565040413,0.024166565040413153,0.034715917657616585,1.0359644567777127,0.03596445677771257,0.05853351512273845,1.0621727019102218,0.062172701910221936,0.018230837172196795,1.0185693723763805,0.018569372376380476,0.04171850414621903,1.0435347070007335,0.043534707000733565,0.02901365983959832,1.0298806055652703,0.02988060556527028,0.0523442487459001,1.0552355100221038,0.05523551002210376
3162948,0,0.0792823211958566,1.0861092634811043,0.08610926348110415,0.12133378292752099,1.1380885944742227,0.1380885944742228,0.061703162142422024,1.0657608122002302,0.0657608122002302,0.14556365133954519,1.1703621944077556,0.17036219440775552,0.028154187270322793,1.0289698086893482,0.028969808689348123,0.06101142508484408,1.064975684172043,0.06497568417204318,0.010944541479116252,1.011065649943921,0.011065649943920874,0.09082666746629503,1.0999002766757107,0.09990027667571066
3163409,0,0.024498809073437624,1.0251140739768527,0.025114073976852728,0.031590043480835495,1.032620527358457,0.032620527358456934,0.0244362462333503,1.0250483334779525,0.02504833347795262,0.03101117406803303,1.0320036446635044,0.032003644663504444,0.00922613152759944,1.0093120456858884,0.009312045685888462,0.013517213925635534,1.0137024326389175,0.01370243263891739,0.022826457534026897,1.0233596761906003,0.023359676190600254,0.02919384011010072,1.0300717499705725,0.03007174997057254
3164001,0,0.21229810994211246,1.2695158061973302,0.26951580619733034,0.16629457673650203,1.1994644296369696,0.1994644296369697,0.3408955999352486,1.5172103234354959,0.5172103234354959,0.2727722033994256,1.3750849523003643,0.3750849523003644,0.16746755688696469,1.2011543913661358,0.20115439136613578,0.15743259627906506,1.1868486670429135,0.1868486670429135,0.3144083558059072,1.458594206140729,0.4585942061407291,0.22871226289772242,1.2965329952696936,0.2965329952696937
3164704,0,0.05447532927910862,1.0576138634622567,0.05761386346225666,0.13819588874993013,1.1603564974289498,0.16035649742894972,0.07971100515030682,1.0866151889204387,0.08661518892043871,0.1581743916893327,1.187894488036244,0.18789448803624423,0.061300264534781525,1.0653033789387414,0.06530337893874145,0.10598832781883778,1.1185536286794255,0.11855362867942551,0.04043212251195441,1.0421357607528479,0.04213576075284796,0.07681646836664525,1.0832082307953834,0.08320823079538334
3165107,0,0.0043351312137985725,1.0043540064028607,0.004354006402860692,0.014957421359849255,1.0151845429671658,0.01518454296716589,0.002047531710339782,1.0020517326981002,0.002051732698100283,0.0072073327457413535,1.0072596554985387,0.007259655498538773,0.003929825912825781,1.0039453303743655,0.003945330374365621,0.01107788860829778,1.011201982927359,0.011201982927359116,0.0010730635507105537,1.0010742162530173,0.0010742162530172474,0.0028750820108259046,1.0028833719416257,0.002883371941625793
3166709,1,0.19187614369093645,5.211695319511659,1.0,0.1469389831184388,6.805545940072004,1.0,0.1992391122378164,5.019094839201938,1.0,0.1584329929905232,6.311816630642178,1.0,0.052815231766550425,18.933931870641377,1.0,0.047812425185677666,20.915065406461594,1.0,0.20286973890760854,4.929271390522283,1.0,0.13690723091395285,7.3042160981877355,1.0
3166907,0,0.0076253282784373355,1.0076839206962114,0.0076839206962114265,0.014193024039866824,1.0143973662045183,0.014397366204518317,0.004972908113434321,1.0049977615222574,0.004997761522257364,0.01248897661164341,1.012646923746523,0.012646923746522973,0.007780109519441219,1.0078411142470376,0.007841114247037623,0.01112801713444395,1.0112532434200403,0.011253243420040226,0.003635473671471409,1.0036487385644566,0.0036487385644565734,0.009625254373797486,1.0097188002988824,0.009718800298882368
3168408,0,0.0008623012465279193,1.0008630454516967,0.0008630454516967277,0.0017716601208928233,1.0017748044711967,0.0017748044711968249,0.002751536503002413,1.0027591283453612,0.002759128345361143,0.004421472435607489,1.0044411086751985,0.004441108675198416,0.004010735241626657,1.0040268860152821,0.004026886015282162,0.005249659969147528,1.0052773643374524,0.005277364337452459,0.005257935091277082,1.0052857271012858,0.005285727101285847,0.007977044425435157,1.0080411893501142,0.008041189350114355
3168606,0,0.005939654923592116,1.005975145224343,0.0059751452243430635,0.007563441625637301,1.0076210832438766,0.007621083243876483,0.023925594593252355,1.024512060208445,0.024512060208445003,0.02558213051177318,1.026253757564205,0.02625375756420513,0.10463112563559582,1.1168581225362233,0.11685812253622324,0.08487758878931827,1.0927499837721464,0.09274998377214645,0.008941699498571796,1.0090223748633635,0.00902237486336346,0.022917129967331428,1.0234546430709253,0.02345464307092519
3169604,1,0.353999135118112,2.824865658686848,1.0,0.37166544724661554,2.6905917873405603,1.0,0.3195887981947445,3.1290208093922,1.0,0.37375016491865515,2.6755841036689443,1.0,0.26659687440110724,3.7509817106687233,1.0,0.34064459540908854,2.935610937255808,1.0,0.38716921136821586,2.582850006244308,1.0,0.3357827434106196,2.978116117114235,1.0
3170008,0,0.006402069259782458,1.006443319839659,0.006443319839658885,0.011866554376405894,1.0120090605463892,0.012009060546389172,0.013117352866665702,1.0132917048493746,0.013291704849374518,0.02897993608538751,1.0298448375706641,0.02984483757066413,0.004021968677333604,1.0040382102324008,0.004038210232400808,0.010134854391457634,1.010238621327784,0.010238621327783998,0.008379017551523345,1.0084498187309774,0.008449818730977396,0.02789406259946391,1.0286944678828462,0.028694467882846332
3170107,1,0.8240095006096103,1.2135782406151752,1.0,0.8367685069346356,1.1950736574244845,1.0,0.8306177723114031,1.2039231922732019,1.0,0.8529168141333624,1.1724472814105404,1.0,0.8084246398026459,1.2369736778979445,1.0,0.8044039976004002,1.2431564275949374,1.0,0.7471699739431338,1.3383835470831016,1.0,0.8174562395440127,1.2233070733643339,1.0
3170206,0,0.23416387614624104,1.3057623802960698,0.3057623802960698,0.3277495972558851,1.4875409459302913,0.4875409459302913,0.1731670309289857,1.209434114756632,0.20943411475663215,0.31249927470197425,1.454543920032242,0.4545439200322421,0.3576479742255304,1.556778775305211,0.5567787753052108,0.45253046646535305,1.826585661385876,0.8265856613858759,0.10140841826760344,1.1128526244059598,0.11285262440595975,0.3058388360201915,1.4405876500879669,0.4405876500879667
3170404,0,0.5703963821510113,2.327727138348991,1.327727138348991,0.5332439982889375,2.14244700943135,1.1424470094313504,0.4722260144735591,1.8947504564904345,0.8947504564904347,0.492276988498903,1.969577855144821,0.9695778551448212,0.5670550812816564,2.30976264361832,1.3097626436183198,0.5758885543099921,2.3578708147643845,1.3578708147643845,0.6300315556856942,2.7029332240845183,1.7029332240845183,0.5225217471940974,2.0943362218561714,1.0943362218561714
3170438,0,0.12834273365673968,1.1472399056514009,0.1472399056514009,0.12146645502126734,1.1382604633773066,0.13826046337730652,0.06846049907667208,1.0734917832349729,0.07349178323497292,0.06998082989221927,1.0752466531244826,0.0752466531244825,0.17925161623656663,1.2184002061808907,0.21840020618089068,0.1740977638525869,1.210797060757095,0.21079706075709506,0.06811386474239557,1.0730924757492681,0.07309247574926804,0.07464940453813959,1.0806714826836856,0.08067148268368556
3170503,1,0.16366380912050585,6.110086312751641,1.0,0.13591007829306015,7.357806077071932,1.0,0.4012124567451191,2.492445045481917,1.0,0.25138730234932466,3.9779256575593163,1.0,0.27043099027664086,3.697801050748796,1.0,0.17463359763192324,5.726274975493025,1.0,0.3513141223474914,2.84645545507243,1.0,0.21372498072118756,4.678910236068933,1.0
3170529,0,0.007587356560756154,1.0076453646685333,0.007645364668533324,0.012667200736832744,1.0128297173417982,0.012829717341798124,0.0070032946440419,1.0070526866869427,0.007052686686942671,0.020163116557333747,1.0205780338524209,0.02057803385242087,0.004370253924991891,1.0043894368787398,0.004389436878739708,0.012007528942124675,1.012153461988701,0.012153461988701014,0.0068723451574747045,1.006919901106333,0.006919901106333016,0.017003574469643398,1.017297697151309,0.017297697151309018
3170750,0,0.03223428527654293,1.0333079430136187,0.03330794301361875,0.03387380452592005,1.0350614699038339,0.03506146990383395,0.020638774236483977,1.0210737097748523,0.021073709774852338,0.028296945991250978,1.029120980812515,0.02912098081251497,0.08144258559731109,1.0886635765171748,0.08866357651717484,0.09295231548064342,1.102477870862874,0.10247787086287391,0.010052941763986556,1.0101550296860318,0.010155029686031788,0.02325768679559964,1.0238114869000587,0.02381148690005873
3171105,0,0.038177860262652775,1.0396932641549281,0.03969326415492819,0.056655228360258124,1.0600578177390847,0.06005781773908473,0.04784276114454532,1.0502467021119903,0.05024670211199039,0.07478585492674762,1.0808308598879306,0.08083085988793066,0.19477527626360722,1.2418893391149413,0.2418893391149413,0.22545197508266512,1.2910755277011092,0.29107552770110917,0.04046102832144248,1.0421671547646079,0.04216715476460793,0.06708227147460698,1.0719058813263629,0.07190588132636293
3171808,0,0.001333235382604689,1.0013350152722018,0.0013350152722019061,0.0022356163906965985,1.002240625569946,0.002240625569946184,0.0022913684619957344,1.0022966308895849,0.0022966308895849747,0.004129848438094366,1.0041469748155591,0.0041469748155592194,0.004070984864050354,1.0040876255256954,0.004087625525695366,0.0074712162383537475,1.0075274554860143,0.007527455486014343,0.001247011897461954,1.0012485688777073,0.0012485688777072556,0.0033457229661958657,1.0033569544056473,0.0033569544056473123
3172004,0,0.09455271053749605,1.1044265211657156,0.10442652116571566,0.0889911858930168,1.097684220520139,0.09768422052013893,0.15035026479326252,1.1769555836519847,0.17695558365198474,0.13155291663908134,1.1514806361372845,0.15148063613728455,0.16034803730351121,1.1909696450759952,0.19096964507599518,0.11881165401177451,1.1348311681068943,0.13483116810689424,0.12219494396369106,1.1392051038250532,0.13920510382505322,0.13986577021357505,1.1626092362912988,0.16260923629129878
3500105,1,0.405940910824349,2.4634127118877673,1.0,0.40257993038618356,2.4839787692365296,1.0,0.419200610466011,2.385492709298143,1.0,0.40000284841596584,2.4999821975269856,1.0,0.4794964536752588,2.0855211594062273,1.0,0.4265506441382959,2.344387504138385,1.0,0.6353111886647828,1.5740317781931,1.0,0.49940840465720804,2.0023691845682814,1.0
3500204,0,0.03506505064243317,1.0363392896752042,0.03633928967520426,0.06301321637044349,1.0672509126824101,0.06725091268241,0.028589718276145995,1.0294311464620396,0.0294311464620397,0.06516984273875474,1.0697130299365625,0.06971302993656263,0.06552004452835604,1.0701139111060838,0.07011391110608385,0.11339588704870324,1.1278991213691025,0.12789912136910236,0.03431091000990406,1.0355299758126666,0.03552997581266652,0.06286506367054964,1.0670821898037204,0.06708218980372042
3500303,0,0.37808126926615543,1.6079271303181872,0.6079271303181871,0.4290441699750374,1.751448969277149,0.7514489692771493,0.3210176785222772,1.4727923958662443,0.47279239586624444,0.35105916570066426,1.5409725311548694,0.5409725311548693,0.14018680959084145,1.163043334476098,0.1630433344760981,0.1812556379224979,1.221382456256035,0.221382456256035,0.41203349371101905,1.7007771519361135,0.7007771519361136,0.28828702137581813,1.4050607900014809,0.4050607900014808
3500550,0,0.026460508849068913,1.0271796974746108,0.02717969747461087,0.05002206219791134,1.0526560251637471,0.05265602516374708,0.016894869988600826,1.017185211909539,0.017185211909539044,0.04945039153924097,1.0520229466185536,0.05202294661855347,0.020958472802366325,1.0214071336303343,0.021407133630334307,0.04935842055192447,1.0519211673663391,0.051921167366339095,0.02546618897434415,1.0261316628384007,0.02613166283840071,0.037751900175549,1.0392330212784378,0.039233021278437766
3500709,0,0.5494699016537773,2.219607532705887,1.219607532705887,0.6045960569777029,2.5290592510444676,1.5290592510444676,0.5562337172976345,2.2534384404114385,1.2534384404114385,0.6524636924843713,2.877397205340999,1.8773972053409989,0.49286097644203575,1.971845891456435,0.971845891456435,0.5831084961950509,2.3987056365338395,1.3987056365338395,0.45327576471093556,1.8290756755483488,0.8290756755483489,0.508110518488523,2.032976995009533,1.0329769950095333
3500758,0,0.002050262764522251,1.0020544749780704,0.002054474978070431,0.004965085863757543,1.0049898609518315,0.0049898609518315975,0.0009770505831293665,1.0009780061446032,0.0009780061446032552,0.0024143151150432646,1.00242015813942,0.0024201581394200614,0.0016015418400696447,1.0016041108907774,0.001604110890777336,0.003472208065826488,1.0034843063022731,0.0034843063022730507,0.0008772998355648363,1.0008780701663773,0.0008780701663774136,0.0018833469180288209,1.0018869006064706,0.001886900606470644
3500907,0,0.18210150489801644,1.2226456045444982,0.22264560454449822,0.22810911985772356,1.2955199053727362,0.29551990537273615,0.19356877634335246,1.240031351298183,0.24003135129818312,0.24955864733719677,1.3325491678352797,0.33254916783527955,0.7027398728100492,3.3640569606598962,2.3640569606598962,0.6789124289780641,3.114415163493459,2.114415163493459,0.1270517275950272,1.145543248794112,0.14554324879411198,0.1854550508090516,1.2276793330966644,0.2276793330966645
3501004,0,0.2073758443056104,1.261632001517713,0.2616320015177128,0.26942576902529497,1.3687863020652087,0.3687863020652085,0.15699038573456717,1.1862260917052088,0.18622609170520876,0.2167023842138941,1.2766539561037917,0.2766539561037918,0.3273978544663712,1.4867630242342156,0.48676302423421564,0.39543252777809934,1.6540750965724462,0.6540750965724462,0.08712336089064507,1.0954382631322965,0.09543826313229649,0.1194543610811024,1.1356594772620352,0.13565947726203514
3501103,0,0.08419342716064333,1.0919336349591935,0.09193363495919335,0.1301765694892601,1.149658614522287,0.14965861452228696,0.07731856983812388,1.083797687165503,0.08379768716550309,0.112448643748705,1.1266953658024348,0.12669536580243487,0.1413343622312006,1.1645976687718063,0.16459766877180626,0.17776962189582327,1.216204152303042,0.21620415230304202,0.030543248755071483,1.031505529994865,0.031505529994865014,0.09065326672711511,1.0996905398239454,0.09969053982394532
3501202,0,0.06276429365059837,1.0669674589064362,0.06696745890643631,0.08181939440707091,1.0891103492152665,0.08911034921526663,0.04728656094943854,1.049633561374512,0.0496335613745121,0.0647775613773477,1.0692643361645051,0.06926433616450518,0.16188257540137693,1.1931502324735737,0.1931502324735737,0.17859839435181996,1.2174312700678072,0.21743127006780724,0.025967247381871027,1.0266595217789884,0.026659521778988397,0.05497490438783216,1.0581729571448264,0.058172957144826454
3501608,0,0.0014390406957230136,1.0014411145181619,0.0014411145181618457,0.0028775924550927087,1.0028858968902101,0.0028858968902101528,0.0024267851956320673,1.0024326888088189,0.0024326888088188887,0.004827888673828375,1.0048513102596843,0.004851310259684332,0.0028494403454720828,1.0028575828573563,0.0028575828573563634,0.010997781603084542,1.0111200777900287,0.011120077790028587,0.044530792659423106,1.0466062038601627,0.04660620386016282,0.011131263421506674,1.0112565631916135,0.011256563191613358
3501707,1,0.9996381952809961,1.000361935669037,1.0,0.9968721357255271,1.0031376785069797,1.0,0.9999286686116303,1.0000713364768996,1.0,0.9994257289992223,1.000574600977456,1.0,0.9998388382309021,1.0001611877464003,1.0,0.9993232741127098,1.0006771841553386,1.0,0.9998767393554959,1.0001232758395635,1.0,0.9987427034191222,1.0012588793655999,1.0
3501806,0,0.10554825115019772,1.1180032922803549,0.1180032922803548,0.11025148758937761,1.1239130901052816,0.12391309010528148,0.06286136012697328,1.0670779727271629,0.06707797272716276,0.08663282078299515,1.0948499385069455,0.09484993850694548,0.09212931664459963,1.1014784575971754,0.10147845759717537,0.12110065483940496,1.1377867164268702,0.13778671642687035,0.04453190093403349,1.046607417848452,0.04660741784845185,0.06450715630682616,1.068955264320529,0.06895526432052904
3501905,0,0.11269657740377366,1.1270101912534345,0.12701019125343443,0.17542215877817424,1.212741781319567,0.21274178131956695,0.05375151702614283,1.056804864676996,0.05680486467699612,0.08722334212748128,1.0955582522572167,0.09555825225721665,0.06735940034211758,1.0722243920828955,0.07222439208289541,0.0946334330858211,1.1045249919139013,0.10452499191390127,0.015511607163836072,1.0157560081730872,0.01575600817308719,0.05933496383795017,1.063077675428481,0.06307767542848106
3502002,0,0.19790486525349094,1.2467349029813477,0.2467349029813477,0.21885091190293052,1.2801653554202639,0.2801653554202639,0.09795455815472287,1.1085916003902656,0.10859160039026557,0.11735353436293057,1.1329564428473955,0.1329564428473954,0.044048716073170985,1.0460784109125614,0.0460784109125613,0.06921899640349677,1.0743665761720933,0.07436657617209326,0.09347102897736706,1.103108705805535,0.10310870580553504,0.0896437773539761,1.0984710985919548,0.09847109859195473
3502101,1,0.8128831229585162,1.2301891523598933,1.0,0.7643724931940882,1.3082626715428936,1.0,0.8519139747434035,1.173827439913989,1.0,0.8073923984703191,1.2385551336556972,1.0,0.8738464802098124,1.1443657697858987,1.0,0.818561009498671,1.221656038335434,1.0,0.9069447113017163,1.1026030446384363,1.0,0.8472162659176807,1.1803361670786954,1.0
3502200,0,0.02043988173158934,1.0208663882393676,0.02086638823936744,0.030180354333274977,1.0311195534841189,0.03111955348411899,0.025121231477412926,1.0257685696812167,0.025768569681216612,0.0377780130085662,1.039261224041124,0.03926122404112402,0.048224570928618156,1.0506680141718614,0.050668014171861314,0.05636785612932677,1.0597349894187709,0.05973498941877091,0.014078438961390955,1.014279471631151,0.01427947163115103,0.027131757795229278,1.0278884196422546,0.027888419642254643
3502309,0,0.0774926401620509,1.0840021917826905,0.08400219178269053,0.11751159842136409,1.1331593686796948,0.13315936867969475,0.03744010113778823,1.0388963857543245,0.03889638575432457,0.06676452073360391,1.0715409156819526,0.07154091568195264,0.07134765828727029,1.0768292450064603,0.07682924500646017,0.10256214819212038,1.1142832876789295,0.11428328767892947,0.032774400265064396,1.0338849594903672,0.033884959490367184,0.04793269558854273,1.0503459108053013,0.05034591080530116
3502408,0,0.10384016570773781,1.1158723720191555,0.11587237201915557,0.10785622653135768,1.1208955660947049,0.12089556609470489,0.03804529681846885,1.0395499878452066,0.039549987845206566,0.05535636212505879,1.058600259299462,0.05860025929946216,0.05971947114354402,1.0635123979608228,0.06351239796082266,0.07726406392179924,1.083733667348197,0.08373366734819701,0.03155289801027238,1.0325809204709737,0.032580920470973815,0.0474169548140632,1.0497772399516179,0.04977723995161785
3502606,0,0.10654586605003596,1.1192516347526384,0.11925163475263839,0.09826447412593171,1.1089726103789492,0.10897261037894922,0.06056305478484335,1.0644673972993182,0.06446739729931822,0.05797061842775189,1.0615380152272946,0.06153801522729457,0.04178133675824129,1.0436031339828953,0.04360313398289536,0.04717306179522922,1.0495085307769618,0.049508530776961844,0.04615991913050427,1.0483937717194962,0.0483937717194963,0.05539809448608635,1.0586470280895175,0.058647028089517605
3502804,1,0.6497102520266761,1.5391476383213074,1.0,0.6572514001285978,1.521487820040155,1.0,0.8360661645504238,1.1960775862012405,1.0,0.7968127966396658,1.254999924972615,1.0,0.910941421716079,1.0977654283369263,1.0,0.8586140422870195,1.1646676512957816,1.0,0.8556582027756842,1.168690952480889,1.0,0.7928043645760519,1.2613452254828907,1.0
3503000,0,0.11224124755116503,1.126432149772169,0.12643214977216904,0.10889594905368417,1.1222034047966016,0.12220340479660165,0.15143157435311946,1.1784553487689342,0.17845534876893418,0.10919985530103794,1.1225862568061673,0.12258625680616729,0.2223164735223255,1.2858701077663983,0.2858701077663984,0.1780281425433033,1.216586664042427,0.21658666404242702,0.12829410010290815,1.1471758997134855,0.14717589971348563,0.1334297393920304,1.153974519386828,0.153974519386828
3503109,0,0.0026271861299874246,1.0026341064178332,0.0026341064178332673,0.007963042635044134,1.0080269616730766,0.008026961673076708,0.0030282635378563027,1.00303746177259,0.0030374617725898692,0.008180782917324061,1.0082482601429996,0.008248260142999557,0.006061332596070657,1.0060982963988132,0.006098296398813285,0.010900336899689339,1.0110204636664444,0.011020463666444368,0.00277423559777621,1.0027819533919073,0.002781953391907394,0.00500218897611346,1.0050273366641542,0.0050273366641541035
3503208,1,0.604697845332817,1.6537184772828393,1.0,0.6167698746667891,1.621350265429633,1.0,0.6581363335044342,1.5194420199766443,1.0,0.6447773494280711,1.5509229672646188,1.0,0.7645819748544065,1.3079042311851812,1.0,0.7472231268101599,1.3382883426921297,1.0,0.44851235076488183,2.2295930051750523,1.0,0.60230508111839,1.660288168486227,1.0
3503307,1,0.7006690668049746,1.4272072899692338,1.0,0.6866570403984057,1.4563310956802968,1.0,0.5872391672433888,1.7028836899524062,1.0,0.5917092885312913,1.6900191012416683,1.0,0.6148488524881486,1.6264159816729515,1.0,0.5888762455749749,1.6981496664441043,1.0,0.5082227781254441,1.9676410484560591,1.0,0.5706979917626865,1.7522402644371495,1.0
3503356,0,0.0460129729646156,1.0482322837319977,0.04823228373199768,0.0634174395706494,1.0677115315296681,0.06771153152966825,0.010658767537122355,1.0107736008440569,0.010773600844056902,0.022043293695781684,1.022540152906242,0.0225401529062418,0.012513498754546817,1.0126720706954113,0.012672070695411377,0.025480764197149088,1.0261470099932475,0.026147009993247528,0.006397598042055708,1.0064387908377124,0.006438790837712262,0.01786974374486894,1.0181948816168298,0.01819488161682992
3503406,0,0.08216428532143778,1.0895195992130386,0.08951959921303865,0.09289239539753995,1.102405045362011,0.10240504536201087,0.08600864493508673,1.0941022521257635,0.09410225212576354,0.07799777284186037,1.0845960785607542,0.08459607856075425,0.14293363957975247,1.1667707964989635,0.16677079649896356,0.14361727001006933,1.1677022025091024,0.1677022025091024,0.042081033034730056,1.0439296375642761,0.04392963756427608,0.053551659512027505,1.0565817036399654,0.05658170363996538
3503604,0,0.3818025833399955,1.6176062420363992,0.6176062420363992,0.31998529737114384,1.470556439638906,0.47055643963890587,0.698821995878016,3.3202955936814593,2.3202955936814593,0.6372218962686744,2.7565059459613988,1.7565059459613985,0.7051452733287121,3.391500659627639,2.391500659627639,0.6286525917475897,2.692896133855027,1.6928961338550268,0.4575934711281031,1.8436356252565969,0.8436356252565969,0.5738554374892231,2.3466215176093224,1.3466215176093221
3503703,1,0.628237929937916,1.591753621273428,1.0,0.590469434064175,1.6935677654252894,1.0,0.8308562153491338,1.203577684713823,1.0,0.7230328722875539,1.3830629814052147,1.0,0.8392570134447006,1.191530108155469,1.0,0.7606884723029055,1.3145985990462083,1.0,0.8392085235957286,1.1915989553053317,1.0,0.7363898599862057,1.3579763306609522,1.0
3503802,0,0.012463084542893252,1.0126203733225754,0.012620373322575384,0.03294527875363112,1.0340676468764562,0.034067646876456234,0.013153171672579674,1.0133284835042462,0.013328483504246171,0.030647188038689113,1.031616133631139,0.03161613363113895,0.018267225716247764,1.0186071262921572,0.01860712629215733,0.03250118649832355,1.0335929988179435,0.0335929988179435,0.02067539704477607,1.0211118938321224,0.021111893832122357,0.027101052140081027,1.0278559784648704,0.027855978464870458
3503950,0,0.004316752153190956,1.0043354672909544,0.004335467290954271,0.009621366716285306,1.009714836722986,0.00971483672298599,0.00164089284741925,1.0016435898021696,0.0016435898021697213,0.0024920259971321647,1.0024982517053291,0.002498251705329225,0.001056509763875616,1.0010576271572937,0.0010576271572938368,0.0021412460385398886,1.0021458408116772,0.0021458408116772298,0.002742167668207318,1.0027497078281107,0.0027497078281105793,0.0026530406127836877,1.0026600979607074,0.0026600979607074274
3504008,0,0.2835586122877721,1.3957875928877364,0.39578759288773635,0.27431643171287157,1.3780110832058055,0.3780110832058055,0.24337050395382245,1.3216508280810788,0.3216508280810789,0.2514590156460902,1.3359321946321119,0.3359321946321118,0.1795632693237684,1.2188630306395063,0.21886303063950624,0.22291971281695988,1.286868315274161,0.28686831527416096,0.15661259140168837,1.1856947232138246,0.18569472321382471,0.3078277343256901,1.4447270565309436,0.4447270565309436
3504206,0,0.3365197378768097,1.5072038417539648,0.5072038417539648,0.2769335783287583,1.38299880900108,0.3829988090010801,0.17439039673249374,1.211226221257978,0.21122622125797805,0.16280961676563466,1.1944714368751381,0.1944714368751382,0.12649127999384374,1.1448082624669762,0.14480826246697603,0.13549192616671996,1.1567271958096825,0.15672719580968253,0.1228315038313757,1.1400318232675821,0.14003182326758223,0.1466742077826561,1.1718853562383569,0.1718853562383567
3504305,0,0.0029429198905069056,1.0029516062311936,0.002951606231193629,0.007296085008692852,1.007349709111157,0.007349709111157018,0.0041382534573557615,1.004155449761699,0.00415544976169898,0.010615159136324522,1.0107290497063388,0.010729049706338844,0.09313910678887409,1.102704954515213,0.10270495451521296,0.11463883729000571,1.129482568378207,0.129482568378207,0.0008161973923871864,1.0008168641147475,0.000816864114747578,0.004277375318045214,1.0042957498524365,0.004295749852436522
3504404,1,0.7768682958508087,1.287219475091106,1.0,0.661634223364919,1.5114091210612275,1.0,0.8777331307567499,1.139298455258076,1.0,0.8082300029131596,1.237271564277038,1.0,0.7834898072588302,1.2763407905696524,1.0,0.7298316833889829,1.370178936815249,1.0,0.9109704788671432,1.097730413002594,1.0,0.8184915743032283,1.221759675230973,1.0
3504503,1,0.11230770343084093,8.904108707162727,1.0,0.19952981020250823,5.011782444864117,1.0,0.10003543742426264,9.996457512939905,1.0,0.17083003269661154,5.8537716361382826,1.0,0.10217696516415933,9.786941688798274,1.0,0.16398858319527582,6.09798548481397,1.0,0.05952928272056801,16.798455386973597,1.0,0.12244432892775259,8.166976851905023,1.0
3504602,0,0.02910681158340694,1.0299794168201721,0.02997941682017211,0.041734032707873146,1.0435516173300043,0.04355161733000432,0.02274959771851614,1.0232791899245117,0.023279189924511716,0.031698944104414845,1.0327366617142604,0.03273666171426032,0.020939553667407646,1.0213873961978996,0.021387396197899675,0.029178644094340588,1.0300556265237082,0.030055626523708294,0.02694768281559027,1.027693971166489,0.027693971166488914,0.039484182336531226,1.0411072692509944,0.04110726925099437
3504701,0,0.018837983981214005,1.0191996670006163,0.019199667000616257,0.03273935415649326,1.033847499427564,0.03384749942756398,0.006948478612617529,1.0069970977970104,0.006997097797010449,0.01448773703024026,1.014700717154531,0.01470071715453105,0.004066469403118192,1.0040830730949295,0.004083073094929417,0.008875906183213073,1.0089553934149984,0.008955393414998363,0.006321957143166047,1.006362178563381,0.006362178563380911,0.01574346590468905,1.0159952871627718,0.01599528716277186
3504800,0,0.0824375985434031,1.0898441331211224,0.08984413312112224,0.09553431898152114,1.1056251453056174,0.10562514530561752,0.09537147589799899,1.1054261206197002,0.10542612061970028,0.09839707131472546,1.1091357050694244,0.10913570506942445,0.09419029547702343,1.1039846393858481,0.10398463938584819,0.10201432319901493,1.1136035082011935,0.11360350820119343,0.09073513737204132,1.0997895564883025,0.09978955648830252,0.09417966714242143,1.1039716859140423,0.10397168591404232
3505104,0,0.07100219643547559,1.0764288098023949,0.07642880980239483,0.08411900931986765,1.0918449123585379,0.09184491235853794,0.0694306474607457,1.0746109328351396,0.07461093283513966,0.11320318810529932,1.1276540314386483,0.12765403143864842,0.06444257654331291,1.068881476355787,0.06888147635578712,0.09654326086835062,1.1068598602309863,0.1068598602309862,0.07968562967954304,1.0865852281017803,0.08658522810178026,0.11766685177357679,1.1333587568483614,0.1333587568483614
3505203,1,0.5254515167767442,1.903125156311774,1.0,0.5047233867545131,1.9812832657314114,1.0,0.38545649431643075,2.59432650570177,1.0,0.36472751545937004,2.7417728512764157,1.0,0.3598692951420136,2.778786669213817,1.0,0.3303384462944984,3.027198351319044,1.0,0.37109093161791423,2.6947573082427905,1.0,0.42246954598142084,2.367034522398397,1.0
3505302,1,0.24712610538922886,4.046517054218043,1.0,0.257991340264261,3.8760990929993935,1.0,0.17971620160820845,5.564328597262794,1.0,0.2050335911644146,4.877249597594518,1.0,0.2157841914653886,4.634259781539178,1.0,0.2472083505771327,4.045170794859477,1.0,0.13178555147597204,7.588085255175535,1.0,0.21486503055371986,4.654084461407894,1.0
3505500,0,0.8290702243502445,5.850355774461757,4.850355774461757,0.8126828658043139,5.338539927454378,4.338539927454378,0.6990041458028788,3.322304895751499,2.322304895751499,0.6933655989089793,3.261212689906773,2.261212689906773,0.6929917843792688,3.2572418232460922,2.2572418232460922,0.6642500928559275,2.97840737621081,1.9784073762108099,0.731660663637161,3.7266247042060026,2.7266247042060026,0.7585174498751985,4.141085968668073,3.141085968668073
3505609,1,0.29246376194203993,3.4192270295633365,1.0,0.25271191393006687,3.957075012603999,1.0,0.6238999783148346,1.6028210206081728,1.0,0.5275079119530622,1.8957061635295058,1.0,0.5795920383215425,1.7253515125844883,1.0,0.47109978305416744,2.1226925504336713,1.0,0.4076141378554185,2.453300577995903,1.0,0.45711498609161216,2.1876333754666843,1.0
3505807,0,0.005874014014318297,1.0059087219297402,0.005908721929740302,0.013979167192642115,1.0141773548058222,0.01417735480582211,0.004706891157308138,1.0047291507551792,0.004729150755179269,0.009948408971228099,1.0100483743083435,0.01004837430834348,0.2914972295069612,1.4114270848992048,0.4114270848992047,0.25636132391820443,1.3447390946218165,0.34473909462181646,0.004375673277257954,1.0043949039409887,0.004394903940988654,0.008726780456354336,1.008803607607166,0.008803607607165965
3505906,1,0.8098664695061246,1.234771456348629,1.0,0.7536407418273033,1.3268921708974564,1.0,0.7625244563186373,1.311433347105825,1.0,0.6722695380287254,1.4874986049974364,1.0,0.7551113629525344,1.3243079750381919,1.0,0.6665454951285424,1.500272685523366,1.0,0.7126432402345682,1.4032266687478123,1.0,0.642732293881888,1.555857717931574,1.0
3506003,0,0.004613780903641524,1.0046351665465392,0.004635166546539144,0.0076903034760777665,1.007749902578819,0.007749902578818922,0.004597260083171167,1.00461849249436,0.004618492494359913,0.008403373849582962,1.0084745889890798,0.008474588989079759,0.006395186637541245,1.006436348286095,0.0064363482860950415,0.015339539647095427,1.0155785067693262,0.015578506769326048,0.001781479794515411,1.0017846591286932,0.0017846591286932755,0.009341339285418589,1.0094294227223335,0.009429422722333542
3506102,0,0.5302447064082044,2.1287679215999904,1.1287679215999904,0.5425038421154009,2.1858107063103347,1.185810706310335,0.5627924589289056,2.287243256486717,1.2872432564867171,0.5217895362305399,2.091129483277239,1.0911294832772394,0.6441990384737895,2.810560139327599,1.810560139327599,0.5900793679337932,2.439496628797374,1.4394966287973736,0.5173817603132758,2.0720310957354555,1.0720310957354557,0.511592181661476,2.0474692714826332,1.0474692714826332
3506201,1,0.4760366241136367,2.1006787069418547,1.0,0.44785682546308875,2.2328564468476935,1.0,0.5220585511548437,1.9154939571201428,1.0,0.4906140296567204,2.0382621359191333,1.0,0.44990122368697016,2.222710113577674,1.0,0.4303756510098993,2.3235515244727414,1.0,0.38524661438737173,2.5957398784418224,1.0,0.45369429978532694,2.204127317608281,1.0
3506300,0,0.289508403300466,1.4074761821889623,0.40747618218896225,0.23558420197296845,1.30818855730221,0.30818855730221006,0.15715209804284153,1.186453685982871,0.18645368598287085,0.1437735937632156,1.1679153933071482,0.16791539330714808,0.060967023501941886,1.0649253274675259,0.06492532746752581,0.07627789062657518,1.0825766644021497,0.08257666440214977,0.10547906818664493,1.11791682501249,0.11791682501249004,0.1185321563162997,1.134471333430551,0.134471333430551
3506409,0,0.040711291638194605,1.0424390397628238,0.042439039762823864,0.0538310702647313,1.0568937201095716,0.05689372010957161,0.025807385398233913,1.026491050138769,0.026491050138769064,0.03861106329670395,1.0401617512149717,0.040161751214971696,0.0878308389784795,1.0962878846727502,0.09628788467275023,0.0982705854479028,1.1089801262574042,0.10898012625740429,0.02028907910342224,1.0207092507296487,0.020709250729648687,0.03721308054681898,1.0386514189120415,0.03865141891204163
3506508,0,0.294069726974591,1.416570500248268,0.4165705002482679,0.34342195745939236,1.5230481910886513,0.5230481910886513,0.18444123936519471,1.226153219446299,0.22615321944629896,0.22998842724934077,1.2986817801033417,0.2986817801033418,0.17431012964416928,1.2111084753517085,0.2111084753517085,0.19026919771703665,1.2349783374679457,0.2349783374679458,0.2146963744413287,1.2733928221566428,0.2733928221566429,0.24975006647061787,1.332889155078928,0.3328891550789279
3506706,0,0.23153646046446594,1.3012979127212836,0.30129791272128353,0.28387760970124015,1.39640934782504,0.39640934782504,0.20062150275988183,1.250971853074025,0.25097185307402503,0.25191924538456184,1.3367540787946945,0.33675407879469454,0.3313490766340067,1.4955486712947217,0.49554867129472163,0.36197055664508426,1.5673257878848883,0.5673257878848883,0.23344590874580248,1.3045393813812278,0.3045393813812277,0.20936759727996648,1.2648102918115594,0.26481029181155946
3506805,1,0.2611654379391455,3.8289905735268515,1.0,0.24152282490617377,4.140395428003451,1.0,0.3690308886794871,2.709800265171098,1.0,0.27724883183669746,3.6068682178939198,1.0,0.2816503980707814,3.5505009289874696,1.0,0.24433847639715053,4.092683292231833,1.0,0.2837191828212934,3.52461187169664,1.0,0.24108307553015654,4.1479477470616235,1.0
3507001,0,0.29986016939629534,1.4282861169857126,0.42828611698571273,0.3639032684251043,1.5720879393989737,0.5720879393989738,0.2526908767143239,1.3381343393792973,0.3381343393792972,0.30693094863770737,1.4428576749090234,0.44285767490902334,0.32651198850211927,1.4848074248210232,0.4848074248210233,0.3242582526101467,1.479855290667832,0.4798552906678319,0.46964104392506206,1.8855154392051094,0.8855154392051094,0.3063633955085192,1.4416770878652236,0.44167708786522375
3507209,0,0.23647285982711624,1.3097111384587745,0.3097111384587746,0.2682093469793586,1.366511031361579,0.3665110313615789,0.1882788760827783,1.2319501988246626,0.23195019882466275,0.20014644237167542,1.2502288580988963,0.25022885809889633,0.08119330385915705,1.0883682108545616,0.08836821085456152,0.10862926885312645,1.1218676641012877,0.12186766410128773,0.06009360912088379,1.0639357383927104,0.06393573839271041,0.1398794322290217,1.162627702987643,0.16262770298764317
3507308,0,0.39906616006920576,1.6640766978860164,0.6640766978860164,0.4251419931956262,1.7395600098865867,0.7395600098865867,0.4224486845873758,1.7314478788530898,0.7314478788530898,0.41996171308234925,1.7240241248798323,0.7240241248798324,0.3076503678213298,1.4443569455698597,0.44435694556985983,0.29608456185692295,1.4206251856586518,0.42062518565865176,0.33623310878872636,1.506552998109249,0.506552998109249,0.4067119578685472,1.6855219201913956,0.6855219201913957
3507407,0,0.18864226905580397,1.2325019678265425,0.23250196782654248,0.2238257227843823,1.2883704463736105,0.2883704463736107,0.13571493171852192,1.1570256581990639,0.15702565819906383,0.18788590603166677,1.2313540762647976,0.2313540762647976,0.2728897249414585,1.3753072048383412,0.37530720483834107,0.3114573773629164,1.4523429154901846,0.4523429154901846,0.12228612585312551,1.1393234509047563,0.13932345090475629,0.2196211135883057,1.2814288256799955,0.28142882567999544
3507456,0,0.011593581033783107,1.0117295687394552,0.01172956873945531,0.029057483145224963,1.0299270890303087,0.029927089030308808,0.013321367752798501,1.0135012225028717,0.013501222502871613,0.039735278001808434,1.041379504100832,0.041379504100831965,0.024080206156536058,1.0246743700747178,0.02467437007471793,0.0496297699522412,1.052221511557393,0.052221511557392915,0.019120731290343328,1.0194934605106871,0.019493460510687094,0.017454934090190548,1.0177650213672669,0.01776502136726702
3507506,0,0.4458385313486743,1.8045282044486437,0.8045282044486436,0.5067747713731415,2.0274713091704677,1.0274713091704677,0.39502897414281557,1.6529717246922666,0.6529717246922667,0.44193648065302527,1.7919107150565279,0.7919107150565279,0.34505985893660945,1.5268570931938215,0.5268570931938216,0.39825199984181886,1.6618252154342523,0.6618252154342524,0.37913914663620735,1.6106668580923578,0.6106668580923578,0.32727306437225734,1.4864872313561646,0.4864872313561647
3507704,0,0.10988639221713861,1.1234520978629334,0.1234520978629335,0.12330664508547208,1.1406496859982402,0.14064968599824018,0.05939382928589492,1.0631442054444564,0.06314420544445644,0.08789956318717665,1.0963704868888413,0.09637048688884134,0.07227830396961055,1.0779094681938353,0.07790946819383528,0.08980948336899269,1.0986710822932046,0.09867108229320477,0.03335264010499826,1.0345034202634362,0.034503420263436155,0.08701006355849797,1.0953023249058265,0.09530232490582656
3507753,0,0.27752626327877233,1.3841333590038276,0.3841333590038278,0.26962784751441143,1.3691650162137468,0.36916501621374676,0.17105388356152237,1.2063510283351664,0.20635102833516633,0.1558319655595633,1.1845982780701447,0.18459827807014478,0.04430775135221703,1.04636194487808,0.0463619448780802,0.04589915614607079,1.0481072377639546,0.0481072377639547,0.14573041581245433,1.1705906642468742,0.17059066424687408,0.16926791733618607,1.2037575300973256,0.20375753009732564
3507803,0,0.2990574334266357,1.4266504100166313,0.42665041001663123,0.3067998127701937,1.4425847228868172,0.4425847228868173,0.20867897412281758,1.2637096289606309,0.2637096289606309,0.2257968766241763,1.291650691926448,0.29165069192644816,0.18864940104145891,1.2325128018437546,0.23251280184375464,0.19970705960791207,1.249542448181624,0.24954244818162394,0.13387121197125132,1.1545627091739246,0.15456270917392465,0.1844062303425169,1.2261005873303326,0.2261005873303326
3507902,1,0.5219017953884456,1.9160692851338272,1.0,0.5428827290505716,1.8420184442943408,1.0,0.5241641428851628,1.9077993288432291,1.0,0.5196770997127614,1.9242718229314415,1.0,0.38796973956062913,2.577520610582896,1.0,0.4188378819962906,2.387558630641859,1.0,0.5117190840674173,1.9541971975159975,1.0,0.41769490210379495,2.394091943577289,1.0
3508108,0,0.2574224520840375,1.3466606993525343,0.34666069935253424,0.3123545002361739,1.4542376854694068,0.4542376854694068,0.3071565220160311,1.4433274350936995,0.44332743509369965,0.3968143174339323,1.6578642844203595,0.6578642844203596,0.22555363741541803,1.291245008450516,0.2912450084505161,0.2957933006344219,1.420037612395484,0.4200376123954841,0.33283985663019555,1.4988904986875147,0.4988904986875147,0.3595573888463673,1.561420153163598,0.5614201531635982
3508207,1,0.3941603156118618,2.5370387641578853,1.0,0.36692671618590905,2.725339845500197,1.0,0.4181964636572751,2.391220603002351,1.0,0.3379181519108992,2.9592964874632592,1.0,0.24018529347246342,4.1634522478148615,1.0,0.24067819221287898,4.154925674011643,1.0,0.47921905741369736,2.086728364679216,1.0,0.34044695906421996,2.937315118774099,1.0
3508306,0,0.012647039716965968,1.0128090361053261,0.012809036105326079,0.02454548677542501,1.0251631280010018,0.02516312800100193,0.010892902286742506,1.0110128643419163,0.01101286434191615,0.022633206805004472,1.023157331477384,0.023157331477384146,0.005211237196035382,1.005238536452047,0.005238536452047077,0.01277608030196882,1.0129414209350567,0.012941420935056685,0.012294530818093723,1.01244756782432,0.012447567824320138,0.011738593111700299,1.0118780244071872,0.011878024407187113
3508504,0,0.12525846711371083,1.1431948323071035,0.14319483230710348,0.15198806358294517,1.1792286842389408,0.17922868423894092,0.02977901821924881,1.030693026411975,0.030693026411974897,0.06769662033242033,1.0726122223825447,0.07261222238254472,0.038628983235352334,1.0401811398115084,0.04018113981150844,0.07172733008913462,1.0772696777726118,0.07726967777261182,0.0516654484058931,1.0544801919523505,0.05448019195235042,0.0795403353183616,1.0864137108559475,0.08641371085594762
3508801,1,0.4161161645264241,2.403175087269407,1.0,0.42672771677287824,2.3434146897288146,1.0,0.24333445860899777,4.109570036715807,1.0,0.2918339217189693,3.4266064551706963,1.0,0.22785266007658672,4.388801077257014,1.0,0.26460608915801404,3.7792025239556484,1.0,0.49009278457536654,2.0404299583117407,1.0,0.3665592015392805,2.728072289007428,1.0
3508900,0,0.04971579257634533,1.0523167618570988,0.05231676185709891,0.06908189108347838,1.074208343807901,0.07420834380790113,0.04197369115853791,1.043812670665899,0.04381267066589909,0.06869382484383346,1.073760731622245,0.07376073162224496,0.0438099590424011,1.0458172090963493,0.04581720909634929,0.06816427409029617,1.073150526637891,0.07315052663789087,0.03873761893607013,1.0402986944034938,0.04029869440349382,0.0713294062776625,1.0768080810998406,0.07680808109984069
3509106,0,0.20896469400169582,1.2641660775658776,0.2641660775658777,0.17721032877923523,1.215377434814307,0.21537743481430685,0.08522525240336984,1.093165287550056,0.09316528755005589,0.09331555700314827,1.1029195523579447,0.10291955235794455,0.09730602823126706,1.1077951457243105,0.10779514572431036,0.0839409440568436,1.091632677513809,0.09163267751380903,0.051362501397403566,1.054143444121768,0.05414344412176813,0.07298051327157325,1.078725975361242,0.07872597536124191
3509304,0,0.04470642489360924,1.0467986240655185,0.046798624065518594,0.07100632656453001,1.0764335954000037,0.07643359540000384,0.03315975220405484,1.034297033330633,0.03429703333063284,0.0605557841479737,1.0644591590710395,0.06445915907103947,0.030626119943027802,1.031593712780076,0.03159371278007598,0.05085363434794768,1.0535782848549515,0.053578284854951565,0.05217126373323482,1.0550429225629125,0.05504292256291255,0.07319540109731833,1.078976087498897,0.07897608749889701
3509403,0,0.2035532845460542,1.2555767769473896,0.2555767769473896,0.26111985592821313,1.3533994762523265,0.3533994762523266,0.4373810679758178,1.7774019733076076,0.7774019733076074,0.446889719856366,1.8079577181973832,0.8079577181973833,0.45266681101757955,1.8270406767387142,0.8270406767387142,0.4490449874601035,1.815030224319062,0.815030224319062,0.24356887919765938,1.3219974330766662,0.32199743307666634,0.3034492794378382,1.4356456328017793,0.4356456328017792
3509452,0,0.04499478876548495,1.0471147049630454,0.04711470496304532,0.04638325227489923,1.0486393012555084,0.04863930125550829,0.014487063372286928,1.0147000235449568,0.014700023544956827,0.019693086631597394,1.020088695043403,0.02008869504340287,0.003958116526827911,1.0039738454702587,0.0039738454702588025,0.008633302053866443,1.0087084850356105,0.008708485035610444,0.015646585891451233,1.015895292957988,0.015895292957988173,0.02052468960115836,1.0209547799554035,0.020954779955403596
3509502,0,0.00145399200552588,1.0014561091766279,0.0014561091766278698,0.004471770322427106,1.004491856874692,0.004491856874691943,0.0018921822028596185,1.0018957693438728,0.0018957693438728213,0.0045924005668557906,1.004613588011053,0.004613588011052989,0.0040031031147183,1.0040191923561579,0.0040191923561578875,0.011712496699641365,1.011851305071174,0.011851305071173933,0.005248770636170963,1.0052764655938426,0.005276465593842691,0.005340735401584619,1.0053694120103942,0.005369412010394225
3509809,0,0.1781823526829306,1.2168149506945125,0.2168149506945124,0.15738091083832648,1.1867758668924837,0.18677586689248357,0.1277234735788801,1.1464254393075546,0.14642543930755444,0.12400522515385913,1.1415593205743029,0.14155932057430287,0.10264516508602277,1.1143863732520731,0.11438637325207324,0.10623988807826706,1.1188684599605074,0.11886845996050734,0.17000509104999165,1.204826667268427,0.2048266672684269,0.12802910011712088,1.1468272623940976,0.14682726239409757
3510005,0,0.7806065633756473,4.558021495019508,3.558021495019508,0.6722179922679807,3.050808087116111,2.050808087116111,0.6646370523612977,2.9818440201609073,1.9818440201609073,0.5371547238774738,2.1605492193362603,1.1605492193362605,0.46389678378031735,1.8653124430990604,0.8653124430990603,0.38626464212040157,1.6293667737425328,0.6293667737425327,0.4739690085256922,1.9010286774117597,0.9010286774117597,0.49194900165617206,1.9683063378673675,0.9683063378673675
3510104,0,0.009988708449723209,1.0100894894179255,0.010089489417925434,0.02272555182915094,1.023254012086048,0.023254012086048128,0.0031251677005799416,1.003134964991915,0.0031349649919151235,0.006230399413516761,1.0062694606575204,0.006269460657520443,0.014633930771955007,1.0148512631284528,0.014851263128452873,0.021598219395580442,1.0220750000906969,0.02207500009069677,0.007670568838442801,1.007729861271437,0.007729861271436971,0.007778328962906403,1.0078393056611799,0.007839305661179834
3510153,0,0.2531080856100903,1.3388818123929467,0.3388818123929468,0.2285365069909721,1.2962376172845003,0.2962376172845002,0.30323904242091976,1.4352124485771047,0.4352124485771048,0.29517107599136544,1.4187839998288003,0.4187839998288002,0.10279451449707615,1.1145718747355353,0.11457187473553532,0.10795236773352067,1.1210163715801136,0.12101637158011345,0.17743561082328485,1.2157102995923224,0.21571029959232232,0.1997276675796456,1.249574625397315,0.24957462539731512
3510302,0,0.0024602244001425133,1.0024662920319773,0.002466292031977461,0.006110218126754684,1.0061477824183265,0.006147782418326486,0.001776037114749533,1.0017791970347176,0.0017791970347176438,0.006310462074083789,1.0063505368963181,0.006350536896318074,0.002358303507665416,1.0023638782500341,0.002363878250034166,0.005876076226436671,1.0059108085882613,0.00591080858826117,0.004249943017198157,1.0042680821230137,0.004268082123013687,0.006852480105278126,1.0068997605773657,0.006899760577365707
3510401,1,0.4936549188137531,2.025706544974753,1.0,0.539244082413001,1.854447795746252,1.0,0.4645554182027569,2.1525957093961745,1.0,0.5096961044670698,1.9619533899431785,1.0,0.4891597580406966,2.0443218878131897,1.0,0.46521110287256767,2.149561766314773,1.0,0.6500230294459511,1.538407032828287,1.0,0.5853097060276561,1.7084972104541687,1.0
3510708,0,0.2081660600561607,1.2628910552519697,0.26289105525196965,0.22323155613526277,1.2873849445075234,0.28738494450752333,0.14874762818433315,1.1747397518165665,0.17473975181656642,0.17707627865858905,1.2151794559645759,0.21517945596457588,0.23057381246313544,1.2996698269411169,0.29966982694111677,0.243738368172914,1.3222937114819056,0.3222937114819056,0.22846018889035988,1.296109397856975,0.29610939785697515,0.18323851607935676,1.2243476457775282,0.22434764577752822
3510807,0,0.2402706952173424,1.3162582958229823,0.31625829582298226,0.31246077515933846,1.4544624711873737,0.45446247118737376,0.1944177298153939,1.2413381438631232,0.24133814386312327,0.23632666275804326,1.3094604083095902,0.30946040830959015,0.21769949758076185,1.2782811680518336,0.27828116805183356,0.2486270664212396,1.3308970223841288,0.33089702238412877,0.19432707812498265,1.2411984725423455,0.2411984725423455,0.18121370323246408,1.221319902333335,0.22131990233333498
3510906,0,0.000948294443498766,1.0009491945594253,0.0009491945594252681,0.0035847090102275117,1.0035976053786437,0.0035976053786435785,0.0005393409561366366,1.0005396320017763,0.0005396320017764366,0.00226085719851701,1.0022659802562912,0.002265980256291143,0.015716939648818717,1.01596790626795,0.015967906267950083,0.03786603127311228,1.039356298087279,0.03935629808727912,6.94206184286839e-05,1.0000694254379856,6.942543798552353e-05,0.001094256271295163,1.0010954549797766,0.0010954549797767051
3511003,1,0.9083896562731911,1.1008491709413055,1.0,0.8586858990658397,1.1645701892716478,1.0,0.9461405291806566,1.0569254451724892,1.0,0.9146471719973287,1.0933177629755144,1.0,0.9017879190270235,1.1089081799620266,1.0,0.8594888400470021,1.1634822389844106,1.0,0.9515785716031954,1.0508853707321566,1.0,0.9223558388631907,1.0841802673819534,1.0
3511102,1,0.4036341564978636,2.47749102473515,1.0,0.39509467956144567,2.531038892019498,1.0,0.2914061078894921,3.4316370622513612,1.0,0.2788874627302437,3.5856757066460845,1.0,0.4219644737613156,2.369867754709726,1.0,0.38805277883483513,2.5769690478769247,1.0,0.6800213485672789,1.4705420676966636,1.0,0.4067588610033441,2.4584590426212714,1.0
3511201,0,0.12319060954128006,1.1404987342537818,0.14049873425378176,0.11312021720177388,1.1275485352083054,0.1275485352083055,0.06262863988259895,1.0668130503525892,0.0668130503525892,0.06369193148549834,1.0680245462228566,0.06802454622285664,0.07294412135443115,1.0786836295790527,0.07868362957905269,0.0822302684759508,1.0895979303429404,0.08959793034294032,0.07983592573236362,1.086762706744344,0.0867627067443439,0.10231381145838829,1.1139750313242627,0.11397503132426282
3511300,0,0.207692181088366,1.2621357206516852,0.26213572065168517,0.22749852725060055,1.2944959139571781,0.2944959139571781,0.08656762483447623,1.0947717939368957,0.0947717939368957,0.09431128124683903,1.104132114372226,0.10413211437222605,0.07053102447030656,1.0758831400801858,0.07588314008018585,0.09606719912036296,1.1062769257038554,0.10627692570385525,0.10792676970099314,1.1209842040264093,0.1209842040264094,0.11197328404136438,1.1260922470339059,0.1260922470339058
3511409,1,0.36955197026365477,2.7059793492280817,1.0,0.4303556063318383,2.323659748559011,1.0,0.4369039309259126,2.2888326911610544,1.0,0.5184015052785902,1.9290067444202301,1.0,0.25966362911855206,3.851136192598771,1.0,0.32340611069339703,3.0920875238131886,1.0,0.46450205361746544,2.1528430115909387,1.0,0.4685010449247316,2.1344669576151274,1.0
3511508,1,0.2945490606436888,3.3950201634140798,1.0,0.3062693331245809,3.2651000013547913,1.0,0.17524007154234117,5.706457382713302,1.0,0.2021157803020235,4.947659200611108,1.0,0.1888904132930221,5.294074921889863,1.0,0.20397163600624682,4.902642443723764,1.0,0.39138163747129373,2.5550508870599375,1.0,0.25510054769399954,3.920022944049218,1.0
3511607,0,0.23923192202221105,1.3144610413440554,0.3144610413440554,0.2621803186877832,1.3553447072887699,0.3553447072887699,0.4325371414753785,1.7622298710438178,0.7622298710438178,0.42388326921165875,1.735759346255453,0.735759346255453,0.34001534397303423,1.515186740885597,0.5151867408855969,0.3280005432250197,1.488096441028599,0.48809644102859895,0.5853187467696945,2.4114907346549868,1.411490734654987,0.4364550320509441,1.774481286984714,0.7744812869847139
3511706,0,0.20447348234091378,1.257029121973956,0.25702912197395605,0.23198293530661626,1.3020544021365348,0.3020544021365346,0.24766918980930677,1.3292025083307835,0.32920250833078346,0.30286694137578796,1.4344463910139251,0.43444639101392507,0.14082142702078487,1.163902396369691,0.16390239636969106,0.19432037063229726,1.2411881392418966,0.24118813924189675,0.21421570305639678,1.2726138762121018,0.27261387621210165,0.30339171305183066,1.435526993772907,0.4355269937729069
3511904,1,0.5914638869210886,1.6907202994346415,1.0,0.5009907945400411,1.996044659698984,1.0,0.6743079277623913,1.4830019918620534,1.0,0.5993094296905682,1.6685871278820257,1.0,0.6178764384825719,1.618446565879541,1.0,0.5176042142626371,1.9319780875906678,1.0,0.773420599202935,1.2929575460371383,1.0,0.598513944432208,1.6708048480786353,1.0
3512001,1,0.7150356079017465,1.3985317499564451,1.0,0.6990081727291367,1.4305984379205485,1.0,0.675791613826316,1.4797460926424106,1.0,0.6578575058301095,1.5200860233982771,1.0,0.5413966629577751,1.847074554425158,1.0,0.550824049747796,1.8154617621686395,1.0,0.7453727250554538,1.3416106685760505,1.0,0.6554100629909321,1.5257623531694775,1.0
3512100,1,0.46561812529947316,2.14768271608161,1.0,0.5344694824371099,1.8710142166398964,1.0,0.6130755387881701,1.6311203705446158,1.0,0.590194210644938,1.6943575215813187,1.0,0.6747140027288185,1.4821094507533448,1.0,0.6493061178717784,1.5401056180984187,1.0,0.676052067539993,1.4791760102720835,1.0,0.5732372028612773,1.74447854223097,1.0
3512209,0,0.027081638534910277,1.0278354686349314,0.02783546863493132,0.05950984964804459,1.0632753566061,0.06327535660610001,0.012962232168943493,1.0131324581403072,0.013132458140307087,0.029007872364715623,1.0298744670931166,0.029874467093116645,0.00463641460768674,1.0046580110782928,0.0046580110782929035,0.010655251397476912,1.0107700085460884,0.010770008546088458,0.012332632393083846,1.0124866253533975,0.012486625353397457,0.0223028782727543,1.0228116435827825,0.022811643582782558
3512308,0,0.07072686070444108,1.076109873097221,0.0761098730972209,0.0721390207458508,1.0777476608660048,0.07774766086600489,0.0347031794959007,1.035950786078191,0.03595078607819089,0.05340022859159759,1.0564126785200316,0.05641267852003158,0.06334158342504685,1.067625061926701,0.06762506192670094,0.07598480964739843,1.0822332905787002,0.08223329057870016,0.02544706265456071,1.0261115242481085,0.02611152424810841,0.06260877240446117,1.0667904398519454,0.06679043985194548
3512407,0,0.3248399329340357,1.4811302515945426,0.4811302515945426,0.4177618753428401,1.7175103409602923,0.7175103409602924,0.27232475229611963,1.3742394057725862,0.3742394057725862,0.3767871858387251,1.6045883160246126,0.6045883160246127,0.5205602167606033,2.085767670849864,1.0857676708498636,0.5225717970462819,2.094555775744442,1.094555775744442,0.3337442949264361,1.500925233937901,0.5009252339379009,0.461700655377763,1.8577024289371393,0.8577024289371394
3512506,0,0.14281663006560044,1.1666115268621347,0.1666115268621348,0.14520096144819242,1.1698656115643162,0.16986561156431634,0.1642377592835009,1.196512538234199,0.19651253823419906,0.1566459142462519,1.1857415727182368,0.1857415727182368,0.21841718907777588,1.279454954773194,0.2794549547731939,0.19854467091533826,1.2477301774786314,0.24773017747863146,0.12951480031587245,1.1487846092763776,0.1487846092763776,0.15897628738892777,1.1890271166021755,0.1890271166021756
3512704,0,0.020401819494757917,1.0208267225284509,0.02082672252845078,0.03955661805719571,1.0411857885648395,0.04118578856483948,0.02068161272590158,1.021118374774386,0.02111837477438588,0.03278504228949714,1.033896335068166,0.03389633506816593,0.039307680895552075,1.0409159937202312,0.04091599372023134,0.05505999116807638,1.0582682399448173,0.058268239944817384,0.005720399886373893,1.0057533111266892,0.005753311126689279,0.020159630534463,1.0205744028952994,0.020574402895299423
3512803,0,0.2002154006392466,1.25033665414322,0.25033665414321987,0.2115715710554009,1.2683459440175355,0.26834594401753553,0.10128218501633762,1.1126963139349573,0.11269631393495723,0.14049877548833847,1.1634654744886082,0.16346547448860815,0.06641826946846231,1.0711434974532406,0.0711434974532405,0.09942021876522432,1.1103957926180736,0.11039579261807353,0.08621612168678519,1.0943506705829988,0.0943506705829988,0.16250582330858368,1.1940381531374644,0.19403815313746436
3512902,0,0.2362559793825429,1.3093392196924034,0.30933921969240324,0.2712162151301322,1.372149080098648,0.37214908009864794,0.20985514822919896,1.26559073030583,0.26559073030583014,0.24180940723387295,1.3189295798984702,0.31892957989847015,0.29693836243904503,1.4223503979952266,0.4223503979952265,0.32414920337489145,1.4796165144637619,0.47961651446376197,0.2227565569463822,1.286598180965311,0.28659818096531103,0.24407471233088818,1.3228820576746283,0.32288205767462835
3513108,0,0.3802038346634258,1.6134336672718197,0.6134336672718196,0.3776752190588809,1.6068780010459112,0.6068780010459112,0.440819331015532,1.7883307765558258,0.7883307765558261,0.4446791812435517,1.8007608687161043,0.8007608687161042,0.3957840804336453,1.6550374917590707,0.6550374917590707,0.4058018506070394,1.682940280143267,0.682940280143267,0.24788877924851796,1.3295905876804184,0.32959058768041855,0.44745965797965953,1.8098226028954594,0.8098226028954594
3513207,0,0.014007565056909288,1.0142065644324316,0.014206564432431748,0.03438855443405899,1.0356132423574411,0.03561324235744119,0.03210380237283494,1.0331686418972805,0.03316864189728057,0.047572572462930354,1.0499487636406595,0.0499487636406594,0.057744605885405136,1.06128339115497,0.061283391154969995,0.07497784611224975,1.0810551896482992,0.08105518964829915,0.01793946141902171,1.01826716451202,0.018267164512020016,0.023952271503983193,1.0245400617251483,0.024540061725148454
3513306,0,0.13575158089617007,1.1570747228406106,0.15707472284061072,0.11206640717284311,1.1262103473481915,0.1262103473481915,0.038865387955133245,1.0404369871483923,0.04043698714839225,0.035602403806707976,1.0369167280665559,0.03691672806655593,0.02877879558471605,1.0296315560799993,0.029631556079999403,0.032414365177480385,1.0335002546657548,0.03350025466575475,0.037836707765095685,1.0393246219955128,0.03932462199551276,0.04065881040315025,1.0423820126187187,0.042382012618718656
3513702,1,0.7121299449987937,1.4042380987106138,1.0,0.7065234087669248,1.4153812705870166,1.0,0.7517671960308199,1.330199036722804,1.0,0.7440050838104671,1.3440768373227228,1.0,0.7192149986404056,1.3904048189906866,1.0,0.7264825935950857,1.376495471214776,1.0,0.7163858394057809,1.3958958217675936,1.0,0.7474997778315354,1.3377930397530777,1.0
3513850,0,0.1836431631527212,1.2249545233943775,0.22495452339437752,0.16348594494333205,1.1954371764049523,0.19543717640495234,0.15284886884114066,1.1804269193762997,0.18042691937629976,0.15286431511506476,1.1804484427259467,0.1804484427259466,0.0655134262588956,1.070106332289634,0.07010633228963417,0.086586129135199,1.0947939722584037,0.09479397225840361,0.09522580007353339,1.1052481382440753,0.1052481382440753,0.17739729009901814,1.2156536660575452,0.2156536660575453
3514007,0,0.3649493251882834,1.5746774858502206,0.5746774858502207,0.30201600091428593,1.432697599529352,0.43269759952935205,0.4571995588710111,1.842297692168537,0.8422976921685369,0.42324169320171273,1.7338285174447174,0.7338285174447176,0.49755692216912895,1.990275205536045,0.9902752055360451,0.42705344236090514,1.7453634840230783,0.7453634840230782,0.5277271750299213,2.1174201587045705,1.1174201587045707,0.4321134599980785,1.7609151292732108,0.7609151292732108
3514106,0,0.5876539697142757,2.4251476346385012,1.4251476346385012,0.5701020269480447,2.326133321589644,1.3261333215896438,0.575285846245213,2.3545247813364845,1.3545247813364845,0.5508583928347338,2.226469300654303,1.2264693006543033,0.6005530499661682,2.503461348034585,1.5034613480345849,0.5440911185220012,2.1934207483699963,1.1934207483699961,0.5733025505155107,2.343580917130255,1.3435809171302548,0.4747916294939188,1.9040062119276928,0.9040062119276929
3514205,0,0.019849847787331388,1.0202518438042587,0.020251843804258735,0.0306021997334234,1.031568257865871,0.031568257865870995,0.009917999808638988,1.010017351902895,0.01001735190289497,0.016876767833766296,1.017166482574702,0.017166482574701936,0.017253767534024474,1.0175566865219419,0.0175566865219418,0.02529726189896194,1.0259538225451663,0.025953822545166195,0.004086458068960795,1.0041032257288491,0.004103225728849218,0.016734437196213883,1.0170192446773947,0.017019244677394744
3514304,0,0.18961418226658816,1.2339801340513643,0.23398013405136428,0.2305262537361305,1.2995894984792347,0.29958949847923466,0.1534012981758282,1.1811971809610544,0.18119718096105442,0.16850961478546014,1.202659727378545,0.20265972737854515,0.1164184950593072,1.1317575055706055,0.13175750557060537,0.14855984344557913,1.1744806634993188,0.17448066349931868,0.06603171175661336,1.0707001646499221,0.07070016464992213,0.13765722853774984,1.1596316837031386,0.1596316837031386
3514403,0,0.46866682974258805,1.882058294074762,0.8820582940747623,0.38034387299166805,1.6137982929789605,0.6137982929789605,0.5409350465771211,2.178340978861058,1.178340978861058,0.42667238715456035,1.7442034494675294,0.7442034494675293,0.6105763184257492,2.5678972474336583,1.5678972474336583,0.512876748379067,2.052868543376728,1.052868543376728,0.5728719496417662,2.341218281406001,1.3412182814060012,0.46024264509471857,1.8526843421623844,0.8526843421623844
3514601,0,0.3505096550849691,1.5396687692575697,0.5396687692575697,0.27022606309777697,1.3702873580890607,0.3702873580890606,0.12685860218024256,1.1452898722898832,0.14528987228988308,0.1547406569156398,1.1830688512131549,0.1830688512131549,0.1501883418493574,1.176731326769742,0.17673132676974188,0.1851919312848909,1.2272828883210798,0.22728288832107985,0.21614272607326446,1.275742451161417,0.27574245116141716,0.19582277160009592,1.243506984137975,0.24350698413797475
3514700,0,0.05054998332347329,1.053241331755851,0.05324133175585107,0.05777292672687258,1.061315290512912,0.06131529051291195,0.03642304996904222,1.0377998352574458,0.03779983525744573,0.04189184527485803,1.0437235035191572,0.04372350351915728,0.03755126103309155,1.0390163751197794,0.03901637511977941,0.050717907874606186,1.0534276463185472,0.05342764631854731,0.037349520186161826,1.0387986304160828,0.03879863041608274,0.040201339839334896,1.0418851802029037,0.041885180202903605
3514908,0,0.36097763993218834,1.5648904678294546,0.5648904678294546,0.39881466072220717,1.663380549501266,0.6633805495012659,0.38476411033396,1.6253928237879887,0.6253928237879884,0.36385973066626476,1.571980344912538,0.5719803449125381,0.36502488510489944,1.57486486720854,0.57486486720854,0.3088671892842115,1.4468999076520843,0.4468999076520844,0.3852944404143089,1.6267951125641285,0.6267951125641285,0.3558618166715772,1.5524619187031428,0.5524619187031428
3514924,0,0.04332212139680373,1.0452839167349164,0.04528391673491653,0.05061707486626154,1.0533157628247118,0.05331576282471182,0.027000870199520893,1.0277501483532236,0.027750148353223737,0.03813799604031903,1.0396501742280253,0.03965017422802542,0.052825939782824065,1.0557721563560467,0.05577215635604684,0.06584962382397311,1.0704914599440944,0.07049145994409439,0.039331355430758164,1.0409416458558343,0.04094164585583421,0.05676031378033353,1.0601759177540744,0.060175917754074326
3514957,0,0.046098632355761296,1.048326413945298,0.04832641394529792,0.061720847416223655,1.0657809003282877,0.06578090032828772,0.01245028954706837,1.0126072535035813,0.012607253503581248,0.030896554567496737,1.0318815857204056,0.03188158572040557,0.016590797869382758,1.0168706961796146,0.016870696179614512,0.04063815692336653,1.0423595718514733,0.04235957185147332,0.02078034930923959,1.0212213360859137,0.021221336085913645,0.05320439908904888,1.0561941764810259,0.05619417648102582
3515129,0,0.07165375403444124,1.0771842987956668,0.07718429879566677,0.08060275729409185,1.0876691309807143,0.08766913098071431,0.010017693613504443,1.0101190632891912,0.01011906328919122,0.023879584196304666,1.0244637688236888,0.024463768823688878,0.01857949843421276,1.0189312312149283,0.018931231214928238,0.02948880853107865,1.0303848206906772,0.030384820690677185,0.00663164983784448,1.006675922216328,0.006675922216327853,0.023723874395869454,1.024300373402237,0.024300373402236848
3515152,0,0.01733170999119491,1.0176373962276117,0.017637396227611672,0.03355451163781793,1.034719507765184,0.034719507765184114,0.0308288195293391,1.031809467873743,0.03180946787374304,0.049523765687006845,1.052104159892859,0.052104159892859145,0.019237400073883946,1.0196147366093826,0.019614736609382497,0.031122429266283995,1.0321221485628111,0.03212214856281115,0.02353006143763065,1.0240970669023086,0.02409706690230867,0.038168250897008205,1.0396828768987967,0.039682876898796564
3515186,0,0.05039107681191937,1.0530650835111612,0.05306508351116121,0.08327775590861858,1.0908429531904293,0.0908429531904292,0.034509335550435026,1.035742795680069,0.03574279568006917,0.059538759659980796,1.0633080419544507,0.06330804195445082,0.029061335274497183,1.029931175191909,0.029931175191908962,0.04916481227046472,1.051706976040573,0.05170697604057291,0.028258618125066918,1.0290803897540548,0.029080389754054862,0.03854350832306162,1.0400886661608946,0.0400886661608945
3515194,0,0.006726301319958355,1.0067718508291288,0.006771850829128885,0.016901162687727445,1.017191722791509,0.017191722791509052,0.004653291831670213,1.0046750461858998,0.004675046185899741,0.012829665832771203,1.0129964053707046,0.012996405370704575,0.004230226921963019,1.004248197762508,0.004248197762507803,0.009359942622106543,1.0094483789065436,0.009448378906543714,0.00485189321159613,1.0048755488539836,0.004875548853983579,0.0115345539645079,1.011669152432966,0.011669152432966014
3515202,0,0.6335460787797429,2.7288560500869905,1.7288560500869905,0.6304718448095307,2.706153742154128,1.7061537421541282,0.4076563441759574,1.688209184259505,0.6882091842595052,0.41123626693353443,1.6984741821506013,0.6984741821506012,0.3102284958481933,1.449755453771134,0.4497554537711338,0.3133046865593951,1.4562499268993396,0.45624992689933963,0.4744277260214753,1.90268788806173,0.9026878880617298,0.40467206808537654,1.6797464832263422,0.6797464832263421
3515301,0,0.10623115617337577,1.1188575288869465,0.11885752888694649,0.11667701186213267,1.1320887302028666,0.13208873020286657,0.08052175735662785,1.0875733145410151,0.08757331454101512,0.09886070686756812,1.1097063546346098,0.10970635463460975,0.08501387373687068,1.0929127462118726,0.09291274621187273,0.10412588901422452,1.1162282599054565,0.11622825990545653,0.1090398265551683,1.1223846248183842,0.12238462481838427,0.10872425459094762,1.121987224661935,0.12198722466193496
3515350,0,0.16164263268132978,1.1928087459865877,0.1928087459865876,0.15802793898152795,1.1876878655455303,0.18768786554553024,0.0953131651616291,1.1053548714220625,0.10535487142206233,0.13908201237049386,1.1615508264073435,0.16155082640734353,0.10420644786378573,1.1163286424816108,0.11632864248161066,0.12178244600640031,1.1386700202616171,0.13867002026161715,0.08217040713698553,1.0895268661807567,0.08952686618075674,0.1299294130056872,1.149332036903503,0.14933203690350294
3515400,0,0.01065190035352624,1.0107665849434921,0.010766584943492094,0.021762750250778208,1.0222469040678601,0.02224690406786007,0.011346974794654996,1.0114772063660031,0.011477206366003086,0.020415480689280705,1.0208409588829006,0.020840958882900655,0.0256088158638892,1.0262818632606923,0.02628186326069218,0.032849344159940765,1.0339650745843811,0.03396507458438116,0.006422370704382468,1.0064638841646782,0.0064638841646782194,0.011565497459317621,1.0117008233014828,0.011700823301482846
3515509,1,0.4410266001402174,2.2674369293871752,1.0,0.4129839076202726,2.421401855007563,1.0,0.3692037363502167,2.7085316359080043,1.0,0.33280129019141713,3.004796043383217,1.0,0.47043389658411955,2.1256971643861706,1.0,0.4256517861925484,2.349338197179886,1.0,0.439151294410909,2.277119554757161,1.0,0.3657771334337798,2.7339051804916603,1.0
3515608,0,0.040463373790813925,1.0421697022141525,0.04216970221415249,0.06420666270249813,1.0686120109466926,0.06861201094669252,0.012396907958802857,1.0125525203988384,0.01255252039883825,0.020273364810212698,1.0206928790971224,0.020692879097122283,0.05402412468667984,1.0571094106060435,0.05710941060604353,0.07892355729676613,1.085686218469703,0.08568621846970295,0.01030078546668662,1.0104079960006274,0.010407996000627213,0.025304427015869886,1.0259613644682901,0.02596136446829013
3515806,0,0.0465043837256399,1.0487725196968904,0.04877251969689042,0.06890520315468487,1.0740044981328922,0.07400449813289231,0.019493665035641504,1.0198812229360559,0.019881222936055893,0.03624364758753424,1.0376066497479468,0.037606649747946655,0.021057119236233768,1.021510059115814,0.021510059115813898,0.04041707326276022,1.0421194168180814,0.04211941681808135,0.010741347558690943,1.0108579768619494,0.010857976861949364,0.0312728423960949,1.03228240495853,0.032282404958529916
3515905,0,0.027385168506793255,1.0281562316551869,0.028156231655186853,0.039529747245425025,1.0411566595967505,0.04115665959675057,0.007758985645471567,1.0078196582616765,0.007819658261676408,0.01858200170868483,1.0189338301733173,0.018933830173317363,0.018315293292493328,1.0186570017515313,0.018657001751531184,0.027271286970474134,1.0280358609807443,0.02803586098074433,0.007438993480518096,1.0074947468534994,0.007494746853499412,0.024147309762627026,1.0247448308583884,0.024744830858388342
3516002,0,0.2696465943115668,1.369200160102488,0.36920016010248785,0.2767833158783636,1.3827114638740994,0.3827114638740993,0.15990048787553893,1.1903351752593918,0.1903351752593919,0.21326835088799148,1.2710814432452406,0.2710814432452406,0.1738135493897387,1.2103805373004504,0.21038053730045028,0.20030231325621214,1.2504725430328603,0.2504725430328602,0.23802301576738583,1.3123755975478688,0.31237559754786876,0.21972202102756175,1.2815945431612943,0.2815945431612943
3516101,0,0.16324848257598673,1.195097922354006,0.1950979223540059,0.16547823980025803,1.1982911023921665,0.19829110239216646,0.11049358570117622,1.1242189869853558,0.12421898698535594,0.15043908926324379,1.1770786383436356,0.17707863834363566,0.09700010284797504,1.1074198382014262,0.10741983820142621,0.14882504185995143,1.1748465934490808,0.1748465934490808,0.1085129092143941,1.1217212344811065,0.12172123448110639,0.17434801997082391,1.211164054817216,0.21116405481721606
3516200,0,0.0040380912928158754,1.0040544635869233,0.004054463586923269,0.008665979988036095,1.0087417356946264,0.008741735694626428,0.004774668082491966,1.0047975749102895,0.004797574910289489,0.012528269112724304,1.0126872179940456,0.012687217994045505,0.004123904087029345,1.004140981095895,0.004140981095895018,0.013992974729179222,1.014191556825202,0.014191556825201986,0.0020125862304035485,1.0020166449021652,0.0020166449021652598,0.011485298609243655,1.011618743346037,0.011618743346037054
3516507,0,0.09181363772040739,1.1010955917571263,0.1010955917571264,0.09170804338052209,1.1009675828484107,0.10096758284841058,0.025395924766774457,1.0260576837427005,0.02605768374270048,0.0356424760039362,1.0369598153351285,0.036959815335128425,0.022253793256820625,1.0227602961825306,0.022760296182530667,0.032691018162961064,1.033795838534319,0.03379583853431899,0.010577136356403017,1.0106902081456377,0.010690208145637758,0.02998749701762454,1.0309145469006076,0.030914546900607725
3516804,0,0.05898083175785148,1.0626776092861419,0.06267760928614176,0.07045610610638067,1.0757964272254623,0.07579642722546241,0.04932183487814348,1.051880685480792,0.051880685480792,0.07343423918305268,1.0792542119388333,0.07925421193883332,0.05776007088428563,1.0613008100160783,0.06130081001607844,0.07673471550064397,1.0831123153755895,0.08311231537558963,0.053977466971003175,1.0570572740991453,0.05705727409914526,0.08872684794997755,1.0973658093079726,0.09736580930797253
3516853,0,0.8723062734850346,7.831238286266183,6.831238286266183,0.8868713089424783,8.83949058945213,7.839490589452129,0.8609981736215353,7.194150077404509,6.194150077404509,0.8648454205603642,7.398935383070987,6.398935383070987,0.7662618160587906,4.278291133859085,3.278291133859085,0.7303873861443161,3.7090252777834496,2.7090252777834496,0.776750410973713,4.4792915604527845,3.479291560452785,0.8434134704833657,6.386245375556197,5.386245375556197
3516903,1,0.30048003009081176,3.3280081864268243,1.0,0.2924090130898471,3.419867224450892,1.0,0.22179224633843608,4.5087238914298435,1.0,0.28115215318894715,3.5567929630186903,1.0,0.18629789097126725,5.367747293254276,1.0,0.24103151417443003,4.148835074223193,1.0,0.2154430256983234,4.641598384346224,1.0,0.2898103038711456,3.4505329404872245,1.0
3517000,0,0.21043555072710154,1.2665210559073288,0.26652105590732894,0.20555202250270696,1.2587356608927958,0.25873566089279565,0.20240315453697938,1.2537662425425973,0.2537662425425973,0.1913348133188309,1.2366057256700826,0.23660572567008267,0.2581066396910341,1.3479026144452135,0.3479026144452136,0.257386323959377,1.346595184365144,0.3465951843651439,0.26978742913779385,1.3694642353516862,0.36946423535168604,0.2202964321734225,1.2825386996592802,0.28253869965928013
3517109,0,0.17494229469267744,1.212036435230326,0.21203643523032592,0.1806928448076999,1.2205434722040105,0.22054347220401044,0.11836424089413393,1.1342552632100313,0.13425526321003145,0.12936533018265986,1.148587386497945,0.148587386497945,0.1011255855335952,1.1125024629760165,0.11250246297601647,0.10188532958678252,1.1134435645505107,0.11344356455051074,0.11100961765022237,1.1248715620036316,0.12487156200363153,0.1292152545812081,1.1483894329350748,0.14838943293507492
3517208,0,0.16803218025361633,1.201969566929691,0.20196956692969098,0.1757632610221978,1.213243662543088,0.21324366254308805,0.05650916120563043,1.0598937041909597,0.05989370419095972,0.07933134455443346,1.0861670961482233,0.08616709614822314,0.04278416311195097,1.0446964639146008,0.04469646391460068,0.05936618501110524,1.0631129607134167,0.06311296071341654,0.08268528046584564,1.0901383992920513,0.09013839929205128,0.10748844215553516,1.1204336696940196,0.1204336696940196
3517307,0,0.01097143830673439,1.0110931460745185,0.011093146074518563,0.01881784793613016,1.0191787507513745,0.019178750751374467,0.002483121478866225,1.0024893027199173,0.002489302719917452,0.0060612297977618666,1.006098192342903,0.006098192342903154,0.0019052672673276249,1.0019089042400928,0.0019089042400927366,0.003908305731454047,1.0039236405181795,0.0039236405181794125,0.0038728042233493903,1.0038878611484248,0.0038878611484248057,0.0069611087776528975,1.0070099054923058,0.0070099054923059055
3517406,1,0.9714228719850354,1.0294178043765525,1.0,0.9559128440062733,1.0461204766419452,1.0,0.9555162643061005,1.0465546609258438,1.0,0.9482414851925556,1.054583685290814,1.0,0.9079876057444887,1.1013366192152672,1.0,0.8979771355621603,1.1136141004013096,1.0,0.9281840396680169,1.0773725438735937,1.0,0.9591738913019356,1.0425638240034338,1.0
3517505,0,0.42878847811898274,1.7506649668181922,0.7506649668181921,0.40807304967451613,1.6893976519402072,0.6893976519402071,0.5197917027270202,2.0824296574607892,1.082429657460789,0.4652106262983451,1.8698950449936838,0.8698950449936839,0.4658388156934676,1.8720940970247335,0.8720940970247335,0.43676892268944706,1.7754702115782268,0.7754702115782268,0.5824415044565907,2.3948740372258577,1.394874037225858,0.5496982326173482,2.2207330115811703,1.2207330115811703
3517703,0,0.3614748324736047,1.5661089818494305,0.5661089818494305,0.329366680422943,1.4911278202381324,0.49112782023813256,0.4551981399506723,1.8355297096626242,0.8355297096626242,0.43583746358565445,1.7725388260548312,0.7725388260548312,0.34790905053371995,1.5335284147379666,0.5335284147379666,0.35418166779603605,1.5484230628562856,0.5484230628562856,0.37126557480958755,1.590496654763495,0.5904966547634951,0.46209589578336846,1.8590674288613858,0.8590674288613857
3517802,0,0.29229346706157894,1.4130150753985082,0.41301507539850835,0.27424879286404763,1.3778826547823757,0.3778826547823758,0.3274355379963208,1.4868463269986596,0.4868463269986596,0.27188607874358117,1.373411455002014,0.37341145500201395,0.49777440277160573,1.991137061748041,0.991137061748041,0.4413047664429918,1.7898846095989864,0.7898846095989863,0.24482822256755424,1.3242020291064909,0.3242020291064909,0.25979665232420474,1.350980109911627,0.3509801099116268
3517901,1,0.4832902744305173,2.0691498523911847,1.0,0.5119262694481062,1.9534063002433395,1.0,0.335475973328862,2.980839402825773,1.0,0.419271228086964,2.385090922081071,1.0,0.49325638794045334,2.027343232543643,1.0,0.5431082222436029,1.841253656350401,1.0,0.297613900083991,3.360058114616909,1.0,0.3941597596433757,2.537042342690616,1.0
3518008,0,0.04422607657666821,1.0462725289870454,0.046272528987045376,0.046186582392722594,1.0484230789168238,0.048423078916823785,0.014161697346581497,1.014365131998285,0.0143651319982849,0.031587939611794395,1.0326182839969298,0.03261828399692977,0.006682716173572704,1.0067276753182324,0.006727675318232402,0.017390483488883546,1.0176982648719206,0.01769826487192057,0.015994323849385806,1.01625430039383,0.016254300393829923,0.03789941005775291,1.0393923571547004,0.03939235715470035
3518107,0,0.27980833892343093,1.388519270696863,0.388519270696863,0.23709245403563403,1.3107748183771513,0.3107748183771513,0.2897606071178124,1.407975972639238,0.40797597263923796,0.20611878599715336,1.259634290825295,0.25963429082529504,0.2517094977009763,1.3363793833112034,0.3363793833112035,0.23153020409391561,1.3012873184181868,0.30128731841818696,0.16695612489124517,1.200416964676019,0.20041696467601886,0.15652147053722246,1.1855666327830692,0.1855666327830692
3518206,1,0.6828063713155332,1.4645440376798824,1.0,0.6562921597810704,1.5237116352777789,1.0,0.6862197804040306,1.4572590714467932,1.0,0.6660382746601761,1.501415215980218,1.0,0.750031515232247,1.3332773086079595,1.0,0.717348567221362,1.3940224399882526,1.0,0.7735598323615738,1.2927248264004803,1.0,0.7060647397525555,1.4163007210223468,1.0
3518503,0,0.0278260271958958,1.0286224770198644,0.02862247701986445,0.04149642752057528,1.0432929294287696,0.0432929294287696,0.03117234986757565,1.0321753305278962,0.03217533052789612,0.046715535886037406,1.0490048224267008,0.04900482242670084,0.02545526808855942,1.0261201638621886,0.02612016386218853,0.03527939204068354,1.036569543295349,0.0365695432953489,0.017548422975858555,1.0178618706369356,0.01786187063693557,0.033284465893317516,1.0344304655495942,0.03443046554959402
3518602,1,0.6276576452496206,1.5932252360318149,1.0,0.4970501625622678,2.0118693752056167,1.0,0.9014500305862254,1.10932382946361,1.0,0.7938636621693732,1.259662140558648,1.0,0.8863304731377187,1.128247341490897,1.0,0.7861043554359847,1.2720957377794782,1.0,0.8885846093197555,1.1253852357014569,1.0,0.8481071213790196,1.1790963367622749,1.0
3518859,0,0.12415408125105434,1.141753336509686,0.14175333650968594,0.14428859934904795,1.1686182972895833,0.16861829728958327,0.06062567590173567,1.064538357443325,0.06453835744332506,0.10409180557809891,1.116185794734544,0.11618579473454398,0.2509657659586195,1.3350524642973194,0.3350524642973193,0.30263397761920247,1.4339671964315301,0.4339671964315302,0.05931036950078883,1.063049881255004,0.06304988125500398,0.10241230155326776,1.114097265070022,0.11409726507002198
3518909,0,0.042191967518236576,1.0440505467561318,0.044050546756131854,0.05701516085319175,1.0604624363895159,0.060462436389515865,0.011433497676895724,1.011565734475149,0.011565734475148932,0.029291743187160924,1.0301756402931355,0.030175640293135596,0.008609377293869465,1.0086841423518502,0.008684142351850214,0.015239287439721734,1.0154751171988787,0.015475117198878828,0.0047633932629188806,1.0047861917765826,0.004786191776582491,0.02365545504561334,1.024228593448759,0.024228593448758898
3519006,0,0.359393227893101,1.5610200259218123,0.5610200259218123,0.356047361132129,1.5529092353097482,0.5529092353097481,0.36006366296624415,1.5626554426260861,0.5626554426260861,0.3361478818994676,1.506359583307923,0.506359583307923,0.29566739849508855,1.4197837752552576,0.4197837752552575,0.32342053054764586,1.4780229746099645,0.4780229746099644,0.1677762975501393,1.201599998962115,0.20159999896211486,0.2558146278237337,1.3437512176242319,0.34375121762423183
3519055,0,0.00038445726153852954,1.000384605125772,0.0003846051257719575,0.0017181916938464302,1.0017211489576894,0.0017211489576894046,0.0012594427264575607,1.001261030922681,0.0012610309226809694,0.0024726954197344044,1.00247882479846,0.00247882479845988,0.017847117912483383,1.0181714254857657,0.01817142548576575,0.01915442857669923,1.0195284855585414,0.019528485558541416,0.00036935615515082897,1.000369492629528,0.00036949262952782794,0.0018378088788752883,1.0018411926390551,0.0018411926390550636
3519105,1,0.3438827795409334,2.907967654951931,1.0,0.36748887009651393,2.7211708472623104,1.0,0.5391458517099057,1.8547856703867636,1.0,0.4886842611078028,2.0463110429075226,1.0,0.6982878505504277,1.4320741785951834,1.0,0.6658529960269257,1.5018329961221082,1.0,0.4174540702811506,2.3954731099555726,1.0,0.44894586426467353,2.2274400536864185,1.0
3519204,0,0.06978753729306639,1.075023223285983,0.07502322328598297,0.09013413498095954,1.0990631019870971,0.09906310198709711,0.044933529806287786,1.047047541934096,0.04704754193409607,0.05719706138614011,1.0606670376634943,0.060667037663494267,0.18816217661696888,1.2317731093543698,0.23177310935436987,0.19805916533740742,1.2469747851420219,0.24697478514202179,0.02989780192874215,1.030819229137079,0.03081922913707906,0.04579518097584795,1.0479930304928473,0.047993030492847276
3519253,0,0.027954154832327757,1.0287580621544716,0.02875806215447156,0.05192001476471661,1.0547633275391124,0.05476332753911234,0.09083773132013157,1.0999136616745335,0.09991366167453336,0.14142976265231988,1.1647270735696929,0.16472707356969277,0.07879446251062168,1.0855340738890535,0.08553407388905344,0.12243581494985017,1.1395177891664452,0.13951778916644528,0.2420527694535248,1.3193530627178442,0.3193530627178442,0.13292967196670988,1.1533089850603286,0.15330898506032858
3519303,1,0.5691693410903065,1.7569463563943728,1.0,0.48660774821140534,2.055043315022499,1.0,0.47474214283026966,2.106406635901968,1.0,0.3874507855309867,2.5809729579707463,1.0,0.2483282487841375,4.026928087707262,1.0,0.25668316924876455,3.8958534091919748,1.0,0.3442399585019879,2.9049503850501575,1.0,0.4283059515276361,2.3347796042368927,1.0
3519402,0,0.1823275133421755,1.2229835494250585,0.22298354942505852,0.2013010301682809,1.252036171037874,0.252036171037874,0.14961156658217306,1.1759332096990829,0.17593320969908283,0.16597791939205817,1.1990090229638433,0.19900902296384318,0.12303062285800793,1.1402906715613716,0.1402906715613717,0.15248425760173742,1.1799190858334316,0.1799190858334315,0.2048837088425852,1.2576776644135228,0.2576776644135228,0.1801056435923679,1.219669329572533,0.2196693295725329
3519501,0,0.22811335420697285,1.2955270122242002,0.29552701222420025,0.16176540869857683,1.1929834563942578,0.19298345639425796,0.07318927761406646,1.078968958651721,0.078968958651721,0.06230352123230155,1.0664431643320018,0.06644316433200172,0.027628951833968213,1.028414000896138,0.028414000896137936,0.03387315283402985,1.0350607717127343,0.03506077171273433,0.0558548643619762,1.0591591930664677,0.05915919306646772,0.06723119502349885,1.0720770191550226,0.07207701915502264
3519600,0,0.4451853713751225,1.802403809139867,0.8024038091398671,0.4594744859137909,1.8500514294696342,0.8500514294696342,0.38560490564608646,1.627617162294535,0.6276171622945352,0.44307635459562794,1.7955782776540552,0.795578277654055,0.36507252135050106,1.5749830234580746,0.5749830234580746,0.3944326989310644,1.651344116888114,0.6513441168881139,0.37440984438958685,1.598490626861384,0.598490626861384,0.5017816661798767,2.007152150207784,1.0071521502077843
3519808,0,0.15325572244830918,1.1809941047271542,0.18099410472715413,0.17591110476370164,1.2134613216857644,0.21346132168576434,0.2267451603861917,1.2932347122449779,0.293234712244978,0.18192351519943903,1.2223795923480067,0.2223795923480067,0.09377799729235514,1.103482366365153,0.10348236636515296,0.11334851753993425,1.1278388631635083,0.12783886316350843,0.32791390834734585,1.4879046187981786,0.4879046187981785,0.25707404621986213,1.3460291633531232,0.34602916335312317
3519907,0,0.21654617774466525,1.2763994144814967,0.27639941448149685,0.23841591987518856,1.3130526570830052,0.31305265708300517,0.14017047081924605,1.1630212339331967,0.16302123393319667,0.1846708134701121,1.226498470214328,0.226498470214328,0.13695474221432719,1.1586877872033199,0.15868778720331986,0.16973711931946034,1.2044378030971736,0.20443780309717363,0.09816531967575476,1.1088506816354196,0.10885068163541953,0.15874595699283323,1.188701567989351,0.18870156798935092
3520004,0,0.2071280569617477,1.2612377178690946,0.2612377178690945,0.19901143208797373,1.2484572690054065,0.2484572690054066,0.0690155791816845,1.0741318303919858,0.07413183039198579,0.09270143962254941,1.102173026246161,0.10217302624616106,0.05842620361981998,1.0620516457068323,0.0620516457068323,0.08389883033023982,1.0915824944972878,0.09158249449728789,0.07032020345733687,1.075639164924146,0.07563916492414588,0.11112074080925273,1.1250121877187451,0.12501218771874503
3520103,1,0.5529551809085743,1.8084648349923682,1.0,0.5272216713645785,1.8967353853489284,1.0,0.7216697606012232,1.3856753526251395,1.0,0.6260105919455203,1.5974170610950729,1.0,0.6582383670608067,1.5192064912065844,1.0,0.5920583408852179,1.6890227380376852,1.0,0.6832294616067803,1.4636371178260619,1.0,0.6097597130839751,1.639990275747,1.0
3520442,0,0.3062762284764704,1.4414959398087777,0.4414959398087776,0.3123933707861497,1.4543198938371393,0.45431989383713933,0.4206033932046341,1.7259334767785146,0.7259334767785148,0.41453872401571745,1.7080548979414418,0.7080548979414417,0.5161562960478148,2.066783119903577,1.0667831199035769,0.5021737285073389,2.0087328798491138,1.008732879849114,0.30198511873361433,1.4326342128777148,0.4326342128777148,0.4035304358026854,1.676531477923316,0.6765314779233159
3520509,0,0.048088117459149794,1.0505174043324184,0.0505174043324185,0.07899511777541775,1.0857705744019663,0.08577057440196631,0.018561613447670353,1.0189126629873069,0.018912662987306806,0.03666441205364334,1.0380598542319035,0.03805985423190345,0.030680519149125212,1.031651606880111,0.03165160688011104,0.05907528995126574,1.0627842900928874,0.06278429009288745,0.0723663167288365,1.0780117389373436,0.07801173893734362,0.05536759170793141,1.0586128437071496,0.05861284370714966
3520707,0,0.07982104875787838,1.0867451365303784,0.08674513653037853,0.09184074757691317,1.1011284610401426,0.1011284610401426,0.060027395757164065,1.0638607928424864,0.06386079284248626,0.0776279511785993,1.0841612137724594,0.08416121377245944,0.08723661244666021,1.0955741801612988,0.09557418016129872,0.10656624457471629,1.119277164006401,0.11927716400640097,0.045728459251441755,1.0479197558543671,0.047919755854367224,0.07078037733512833,1.0761718495915316,0.07617184959153157
3520806,0,0.10468190577764712,1.1169214678594994,0.11692146785949943,0.08859384852716659,1.0972056732160507,0.09720567321605063,0.06138418012215603,1.0653986208437707,0.06539862084377064,0.06836922929409084,1.0733866156463323,0.07338661564633224,0.11900418336959057,1.135079169643225,0.13507916964322492,0.1284573599576576,1.1473907919771047,0.1473907919771048,0.07050486740733826,1.0758528634901805,0.07585286349018036,0.0746137521291035,1.0806298475915033,0.08062984759150332
3520905,1,0.6246546438498612,1.6008846005479387,1.0,0.513128346884699,1.9488301631963865,1.0,0.7293836122945992,1.3710206579142312,1.0,0.6095922251865742,1.640440869622207,1.0,0.6012468115976883,1.66321048313372,1.0,0.508183771748301,1.9677920775779738,1.0,0.70876710329557,1.4109006969289037,1.0,0.6189307363146133,1.6156896746709355,1.0
3521002,0,0.07891076260493946,1.085671137389584,0.08567113738958408,0.08591269862715867,1.0939874107190077,0.09398741071900776,0.05878398402411076,1.0624553588404053,0.06245535884040525,0.08399882675711481,1.0917016584812187,0.09170165848121882,0.05022703177483669,1.0528831978327364,0.052883197832736525,0.0706425809659187,1.0760122849606564,0.07601228496065635,0.02089561745909316,1.021341562586888,0.02134156258688807,0.059362803746010724,1.063109139190347,0.06310913919034697
3521101,0,0.5962096083050794,2.476532430111757,1.4765324301117573,0.5957241983434778,2.4735588820861767,1.4735588820861767,0.5391546690936582,2.1699254238581647,1.1699254238581647,0.5033339140225931,2.0134251728343084,1.0134251728343084,0.38728778971812966,1.6320875987438914,0.6320875987438914,0.3656551592365352,1.5764296258742347,0.576429625874235,0.3577716676404558,1.557078611474527,0.5570786114745269,0.49388351883425163,1.9758297491057388,0.9758297491057388
3521150,0,0.02890794834353199,1.0297684944431595,0.029768494443159564,0.03829921633629806,1.0398244620227854,0.03982446202278541,0.016052020395565688,1.016313891311631,0.01631389131163103,0.024381921231770874,1.0249912560687215,0.024991256068721455,0.017767295603347263,1.0180886825737094,0.018088682573709474,0.02805858572308478,1.0288685977476937,0.028868597747693694,0.0076542643414651565,1.0077133040092985,0.00771330400929841,0.021077675152199847,1.0215315093109936,0.021531509310993534
3521309,0,0.43177433046730457,1.7598641765381569,0.759864176538157,0.38563085451490875,1.6276859073227445,0.6276859073227445,0.315880216556154,1.4617323226146437,0.46173232261464364,0.34701026966661913,1.5314176526014498,0.53141765260145,0.23696285693528782,1.31055219144842,0.31055219144841983,0.30887798147555484,1.4469225016662233,0.44692250166622316,0.3238914059114591,1.4790523426907414,0.4790523426907414,0.39126811422013497,1.6427593549151271,0.6427593549151273
3521408,1,0.506909109795889,1.972740242136619,1.0,0.5297812557616375,1.8875715007363838,1.0,0.532722068927488,1.8771514422394167,1.0,0.5473346400170753,1.827035833085227,1.0,0.5637625383458946,1.7737964692262922,1.0,0.5743087412254011,1.7412237150810252,1.0,0.6586570596604628,1.5182407678367542,1.0,0.6129738508360585,1.6313909616797875,1.0
3521507,0,0.044112488451074565,1.0461482004086384,0.046148200408638505,0.062074821900313895,1.0661831277694054,0.06618312776940545,0.014507843469556412,1.0147214195195964,0.014721419519596388,0.02176139026910466,1.02224548290431,0.022245482904310047,0.030992519412340932,1.03198377724963,0.03198377724963008,0.043896095332593275,1.0459114277415937,0.04591142774159374,0.023619420016643165,1.0241907925053628,0.024190792505362792,0.028243229080838456,1.0290640929150654,0.029064092915065422
3521606,0,0.090209509375976,1.099154157254492,0.0991541572544921,0.08800564448185702,1.096498014433277,0.09649801443327712,0.07247900456982842,1.0781427104366663,0.07814271043666635,0.06937944987633128,1.07455181369798,0.07455181369797986,0.046585465742089015,1.04886171132093,0.04886171132093004,0.04941230316218729,1.0519807939094523,0.05198079390945232,0.119492024190167,1.135708054297028,0.13570805429702795,0.07657451785992604,1.0829244149538322,0.08292441495383218
3521804,1,0.2795906185657151,3.576657919103103,1.0,0.3150328605322199,3.174272037242684,1.0,0.22550942387911774,4.434404482076283,1.0,0.3053977364302676,3.2744185064656928,1.0,0.21376218673239078,4.678095856363509,1.0,0.2848317846637385,3.510844132724028,1.0,0.296915971429093,3.367956244276377,1.0,0.2525100187057316,3.9602389050763693,1.0
3521903,0,0.6232536299759802,2.6543056007049097,1.6543056007049097,0.6773663160683191,3.099490381208164,2.099490381208164,0.6588414186664351,2.931188176744874,1.9311881767448742,0.5894534244445846,2.435777228557154,1.4357772285571542,0.637555033512768,2.7590395576240603,1.7590395576240603,0.5762925129141674,2.360118785905298,1.3601187859052981,0.749404271346172,3.990491000672228,2.990491000672228,0.659266164759511,2.9348420866222544,1.9348420866222544
3522000,0,0.06800164351750643,1.0729632654870285,0.07296326548702851,0.08642754977799966,1.094603936181523,0.09460393618152292,0.03744192672809773,1.0388983561280891,0.03889835612808909,0.04831302981076842,1.0507656732981876,0.05076567329818748,0.06620669230258105,1.0709007997346178,0.07090079973461781,0.08509536063451623,1.0930100875797641,0.0930100875797642,0.021156665636507452,1.0216139446362629,0.021613944636262847,0.04717837354197578,1.0495143815294732,0.04951438152947317
3522307,1,0.31700953769712176,3.154479222500312,1.0,0.34485854325392445,2.8997396746053212,1.0,0.19452818548214917,5.140643231321174,1.0,0.237990210254263,4.201853508728885,1.0,0.17031724420727495,5.871396080029375,1.0,0.20057222623199406,4.985735157784703,1.0,0.09691265995147179,10.318569323148717,1.0,0.21363268685140874,4.680931624922854,1.0
3522406,0,0.04618059432787314,1.0484164969314407,0.04841649693144071,0.060714065890881755,1.0646385341099216,0.06463853410992154,0.039630038202369613,1.0412653870683228,0.04126538706832282,0.0530066969317547,1.055973676645879,0.055973676645878837,0.10463409374611392,1.116861824886645,0.11686182488664508,0.11244849513258522,1.1266951771428557,0.12669517714285564,0.02219424694880848,1.022698012237658,0.022698012237658143,0.037468783242621984,1.038927343436038,0.038927343436037994
3522604,0,0.3368657613115365,1.5079903006935431,0.5079903006935433,0.401158127483385,1.6698899089963932,0.6698899089963932,0.23816298481583692,1.3126167146896432,0.31261671468964325,0.2755159393892907,1.3802926170067047,0.3802926170067047,0.23147018826620297,1.3011856986315313,0.3011856986315314,0.24008350906134374,1.3159340689722239,0.31593406897222387,0.16886986203324114,1.203181011395348,0.20318101139534794,0.21029125518900266,1.2662896372501637,0.2662896372501638
3522703,1,0.4436748132817072,2.2539030164983904,1.0,0.49761410253855304,2.0095893482490768,1.0,0.38841974518065914,2.5745344113103386,1.0,0.3909101496872776,2.558132606175576,1.0,0.47572863816338423,2.1020386829362163,1.0,0.4362572525284685,2.2922255027376166,1.0,0.4320189325592929,2.3147133716477897,1.0,0.4290878243619724,2.3305252286916773,1.0
3522901,0,0.37187613812118525,1.5920426856716552,0.5920426856716552,0.3531819195280624,1.5460297573474915,0.5460297573474915,0.5576714927199377,2.260763173843655,1.260763173843655,0.4242161803392434,1.7367629409752874,0.7367629409752873,0.5256268365834059,2.1080450521223963,1.1080450521223961,0.40482674170313393,1.6801830157181066,0.6801830157181066,0.610611748526822,2.568130898188854,1.568130898188854,0.5026760558981861,2.010761822067583,1.0107618220675827
3523008,0,0.0970472194194593,1.1074776239761555,0.10747762397615539,0.11118140867400869,1.1250889773897976,0.12508897738979763,0.1947459925923417,1.2418441768694632,0.24184417686946316,0.2333175520663548,1.3043209776031655,0.30432097760316534,0.3060198733201758,1.4409634534986642,0.4409634534986642,0.3318956230144582,1.4967721129323488,0.4967721129323489,0.25332491807550556,1.3392706201237907,0.33927062012379083,0.2632338476854658,1.357282764495251,0.35728276449525087
3523503,0,0.014341094057747344,1.0145497534403525,0.014549753440352472,0.03478676652397587,1.0360404989462257,0.03604049894622583,0.008489019398920742,1.008561699834907,0.008561699834907005,0.02364537659434716,1.0242180208169334,0.024218020816933288,0.007254784127665896,1.0073078006437846,0.007307800643784571,0.01704753467091204,1.0173431933610386,0.017343193361038678,0.010983888951920684,1.0111058746457435,0.011105874645743481,0.010925241802113853,1.0110459211617329,0.01104592116173287
3523602,0,0.05590028836754451,1.059210152994207,0.059210152994207114,0.09290031257376642,1.1024146671655877,0.10241466716558778,0.05199601335919103,1.0548478847050375,0.054847884705037535,0.09892197721256499,1.1097818110207098,0.10978181102070976,0.053783073551676906,1.0568401093325974,0.056840109332597345,0.08364836224778859,1.0912841302417224,0.09128413024172251,0.02790352141258835,1.028704477412711,0.02870447741271109,0.06247060223687706,1.0666332195938895,0.0666332195938894
3523701,0,0.002215144133050647,1.0022200618901216,0.002220061890121559,0.006875331454515603,1.0069229288852377,0.006922928885237652,0.0020135997534444536,1.0020176625181936,0.0020176625181936225,0.006288749433676172,1.0063285480868736,0.00632854808687349,0.0012519079155415087,1.001253477153512,0.0012534771535119408,0.0032459217783333905,1.0032564920969518,0.0032564920969518573,0.0028961809164384476,1.002904593143671,0.0029045931436711657,0.004975862024978023,1.0050007450423308,0.005000745042330754
3523800,0,0.002977907690255291,1.0029868021112316,0.0029868021112315984,0.004795899610814778,1.0048190111042943,0.004819011104294376,0.0009903146177912962,1.0009912963130208,0.000991296313020643,0.002100590607123903,1.0021050123763495,0.0021050123763495425,0.0014902368588823908,1.0014924609792442,0.0014924609792441041,0.0031114078042856624,1.0031211188779205,0.0031211188779205275,0.00038575995536766644,1.0003859088235383,0.0003859088235382105,0.0026144321147314577,1.002621285287168,0.002621285287168103
3523909,0,0.017933909343883364,1.0182614077754195,0.018261407775419423,0.04020656965847239,1.041890857331838,0.04189085733183807,0.010757832819180791,1.0108748223398512,0.010874822339851202,0.029129954662522377,1.0300039689167633,0.030003968916763425,0.0473616117208061,1.0497162536210178,0.04971625362101787,0.0759052604496483,1.0821401282801182,0.0821401282801182,0.006468786731432443,1.006510904383317,0.006510904383316868,0.021617930674748903,1.0220955916431071,0.022095591643107156
3524105,0,0.7372013010875831,3.805193877056715,2.805193877056715,0.7100455520629796,3.44881758881383,2.44881758881383,0.801758747537322,5.044358767801195,4.044358767801195,0.7337693643410571,3.7561417284863445,2.7561417284863445,0.7209099683596977,3.583073154288875,2.583073154288875,0.6823458883223148,3.1480782500138775,2.1480782500138775,0.7592033908883807,4.1528824001689255,3.1528824001689255,0.7435489316031281,3.8993793484706636,2.8993793484706636
3524204,0,0.2235178387352261,1.287859592770488,0.2878595927704879,0.19678118592193844,1.2449907577772625,0.2449907577772625,0.06843056702730964,1.073457291110276,0.07345729111027598,0.10256716276588956,1.1142895139451345,0.11428951394513458,0.13553545322664742,1.1567854387233563,0.15678543872335626,0.17520233234060625,1.212418559375652,0.21241855937565204,0.055134121124918965,1.0583512669444255,0.0583512669444254,0.10293261669684187,1.1147434614307634,0.1147434614307635
3524303,1,0.8639621363894723,1.1574581314165395,1.0,0.8147407259449624,1.2273843299537628,1.0,0.9068776219287827,1.1026846134687511,1.0,0.8558882331701076,1.1683768525431406,1.0,0.9277680808197875,1.0778555769200289,1.0,0.8704087691950003,1.1488854839144744,1.0,0.9114977846441014,1.097095370769831,1.0,0.8695617544056532,1.1500045798167624,1.0
3524501,0,0.23206584847885398,1.302194983800592,0.3021949838005919,0.26098902412389974,1.353159875351643,0.3531598753516431,0.3560944088992819,1.5530227005647828,0.5530227005647828,0.3181400992576561,1.466576930116136,0.46657693011613605,0.31443582250938074,1.4586526438127425,0.45865264381274246,0.2695527685200046,1.3690242866330675,0.3690242866330677,0.3136124347462161,1.4569028499667844,0.4569028499667845,0.3631309524311672,1.5701815056287847,0.5701815056287848
3524709,0,0.02197643368321724,1.0224702496341473,0.022470249634147416,0.08047789823337075,1.0875214397552302,0.08752143975523025,0.02213443234526612,1.0226354552991903,0.022635455299190345,0.06196752705494157,1.0660611746844835,0.06606117468448353,0.11580230892670977,1.1309687981498144,0.13096879814981446,0.1709973534773492,1.2062687666856284,0.2062687666856285,0.024821213764940415,1.02545298781649,0.025452987816489935,0.06599514261451914,1.0706582434691576,0.07065824346915761
3524808,0,0.1266880773929272,1.1450662404959833,0.14506624049598332,0.1594119780562308,1.189643409012191,0.189643409012191,0.19873083980593134,1.2480200782441175,0.24802007824411762,0.1782895317900883,1.2169736649193363,0.21697366491933628,0.2804024995015764,1.389665749682785,0.3896657496827849,0.25485147999617136,1.3420143409730747,0.34201434097307465,0.23046745867597368,1.2994902051568096,0.2994902051568096,0.18422906378960846,1.22583430668103,0.2258343066810299
3525102,0,0.5015445090670818,2.0061971794680846,1.0061971794680848,0.44863479340675094,1.8136799131355346,0.8136799131355346,0.36157953551420013,1.5663658288357432,0.5663658288357432,0.37026908463114205,1.587979842809942,0.5879798428099421,0.38476652428688035,1.6253992012396525,0.6253992012396528,0.3587085392626915,1.559353369293699,0.559353369293699,0.26814695438413844,1.366394532331952,0.3663945323319521,0.37358970548006587,1.5963977743475242,0.5963977743475243
3525300,0,0.5370557341726777,2.1600872368791775,1.1600872368791775,0.5184003430935558,2.0764134393772222,1.076413439377222,0.5160392165593105,2.0662831250304237,1.0662831250304237,0.5007263005679163,2.002909428510825,1.0029094285108249,0.6002749407395593,2.5017195615660675,1.5017195615660677,0.563546225256043,2.2911933814449057,1.291193381444906,0.30148394875146084,1.4316063291782393,0.4316063291782393,0.4566532120828345,1.8404452225315306,0.8404452225315305
3525409,0,0.025691838688946624,1.0263693148730018,0.02636931487300183,0.05227633915379927,1.0551598966170401,0.05515989661704017,0.07670605977104109,1.083078699457314,0.08307869945731418,0.11543415071127835,1.1304980864953116,0.13049808649531158,0.10302591559703447,1.1148594116468922,0.11485941164689223,0.13317516364301255,1.153635611322247,0.15363561132224707,0.12247109920987945,1.1395636076482578,0.13956360764825793,0.08307167267673464,1.0905977819654027,0.09059778196540275
3525607,0,0.07295771520956952,1.0786994470549556,0.07869944705495556,0.09688976166052231,1.107284534652902,0.10728453465290204,0.02467199102348741,1.0252960960788746,0.02529609607887468,0.05793653295585439,1.0614996069613423,0.06149960696134229,0.31144388892412955,1.4523144648843473,0.4523144648843473,0.3434234568286419,1.5230516691471456,0.5230516691471457,0.008779248255928124,1.0088570061113842,0.00885700611138424,0.055245583955268296,1.058476132015934,0.05847613201593393
3525706,0,0.7794575278386854,4.534274011713061,3.5342740117130607,0.7440067592401698,3.9063531405432226,2.9063531405432226,0.7024953844314461,3.3612923889900803,2.3612923889900803,0.6704006337047993,3.0339864158123566,2.0339864158123566,0.6756378707614655,3.0829739660039177,2.0829739660039177,0.6497902524388512,2.8554316576393806,1.8554316576393806,0.7485909192084063,3.977581067682089,2.977581067682089,0.7056554067225476,3.397378524488096,2.397378524488096
3525805,0,0.0057153919215428,1.005748245396847,0.005748245396846985,0.01301277446270473,1.0131843392964086,0.013184339296408672,0.0008315239685075074,1.0008322159760386,0.0008322159760385583,0.0030916873402689836,1.0031012755145159,0.0031012755145158988,0.00023823842643169694,1.0002382951975046,0.00023829519750457665,0.0007716019734294705,1.000772197802778,0.0007721978027779719,0.001238956466196009,1.0012404933834946,0.0012404933834947631,0.003121159995914194,1.003130932136047,0.0031309321360471465
3525854,0,0.014240754537454428,1.0144464833609268,0.014446483360926805,0.02949302261270994,1.0303892947705624,0.030389294770562444,0.0060075744598357475,1.0060438835402303,0.006043883540230257,0.014292289648095391,1.014499521002015,0.014499521002014829,0.005232102554389146,1.0052596214331244,0.005259621433124517,0.00877164538063536,1.008849268021599,0.008849268021599023,0.003487546195055299,1.003499751740923,0.0034997517409229933,0.012106626441743436,1.0122549930648255,0.012254993064825434
3526001,1,0.6334627257393771,1.5786248493671051,1.0,0.5409588658471659,1.8485693887906893,1.0,0.7210521040273161,1.3868623285538826,1.0,0.5812587818068535,1.7204041148272748,1.0,0.7161146555051322,1.3964244305189104,1.0,0.6164062775926179,1.622306644743321,1.0,0.7655199819065898,1.3063016297881849,1.0,0.6134770843214905,1.6300527363723882,1.0
3526407,0,0.35431266963323726,1.5487372184180552,0.5487372184180552,0.3435684348812256,1.5233880470374097,0.5233880470374098,0.4598542052494634,1.8513520048079697,0.8513520048079697,0.3927077246898884,1.6466535812420036,0.6466535812420036,0.39589130430151404,1.6553312460496439,0.655331246049644,0.3184214678341633,1.467182360956004,0.46718236095600396,0.4668140243954406,1.8755181976910362,0.8755181976910362,0.42078491555993314,1.726474373447491,0.726474373447491
3526506,0,0.15295116193991726,1.1805694725822506,0.1805694725822505,0.18023128422905652,1.2198562603838325,0.2198562603838325,0.07892745504919255,1.0856908128267007,0.08569081282670074,0.12294908617358255,1.1401846622987684,0.1401846622987684,0.10351460146581593,1.115467136034864,0.11546713603486403,0.14898423458255317,1.1750663626184084,0.17506636261840844,0.06324459257015033,1.0675145209395405,0.06751452093954045,0.1203684046274919,1.1368395647231362,0.13683956472313624
3526704,1,0.4053694025749727,2.4668857433438154,1.0,0.42447425457825433,2.355855482904545,1.0,0.27507395111526084,3.6353860332670407,1.0,0.287416953366963,3.479265882841776,1.0,0.19230315910776669,5.200122580615537,1.0,0.21162914576498934,4.725247065498641,1.0,0.19219273279255855,5.203110364632469,1.0,0.2512314674059287,3.9803931025258237,1.0
3526803,1,0.7019448707365361,1.4246133018262828,1.0,0.6971385786235597,1.4344350329520055,1.0,0.7932885294210655,1.260575393331088,1.0,0.7700777231503728,1.298570222118645,1.0,0.8015403513630796,1.2475978262347303,1.0,0.768071039084683,1.3019629033164808,1.0,0.6937685748302475,1.4414028485575061,1.0,0.6763351529634763,1.4785568894627636,1.0
3526902,0,0.15316078723664586,1.1808617089622726,0.18086170896227266,0.2862261325952614,1.401003939295188,0.40100393929518807,0.130760715240681,1.1504312075320973,0.15043120753209738,0.24453536497370593,1.3236886991608743,0.32368869916087445,0.21412961602127709,1.2724744695647858,0.2724744695647858,0.2875355989228607,1.4035788995045226,0.40357889950452264,0.20569958770214453,1.258969508912969,0.25896950891296916,0.19744594925535153,1.2460219957424072,0.24602199574240716
3527108,0,0.8520482315976181,6.758959428455881,5.758959428455881,0.8139571643142364,5.375106202364352,4.375106202364352,0.7910716144119593,4.786329043731629,3.786329043731629,0.749234788378803,3.9877939748300824,2.9877939748300824,0.781030863404198,4.566853646803719,3.5668536468037195,0.7375336562377449,3.810012307352485,2.810012307352485,0.7288956172290796,3.6886161329416303,2.6886161329416303,0.7342745250122739,3.7632823877582307,2.7632823877582307
3527256,0,0.01808849116859468,1.018421712146059,0.018421712146059064,0.028914869453417702,1.0297758338006295,0.029775833800629568,0.017752962254609306,1.0180738262090958,0.018073826209095752,0.032646739738214005,1.0337485188496487,0.0337485188496487,0.012642685325234817,1.0128045694677406,0.01280456946774057,0.02550026044858124,1.0261675395216827,0.02616753952168269,0.014486565610853291,1.0146995110420107,0.014699511042010843,0.03500808583756757,1.036278113136267,0.03627811313626699
3527405,1,0.3554699717671261,2.813177144130519,1.0,0.3047373844888391,3.2815140212526983,1.0,0.36178244157979805,2.764092131263454,1.0,0.3060412613925134,3.267533258260393,1.0,0.31130125017569044,3.2123224671780974,1.0,0.27396614232329436,3.6500860709275083,1.0,0.5023678642648018,1.9905731857738667,1.0,0.3061860211814225,3.265988421487982,1.0
3527504,0,0.0010806785827434853,1.0010818477123962,0.0010818477123960618,0.0031768308188855057,1.0031869552364991,0.003186955236499225,0.0008137868295473,1.0008144496179197,0.0008144496179196929,0.0024745251974158037,1.0024806636621542,0.0024806636621541177,0.0009850760627339934,1.000986047394419,0.0009860473944189568,0.002547999330457525,1.0025545082156808,0.002554508215680728,0.0005278496183803372,1.00052812839075,0.0005281283907498503,0.0018592171925146286,1.0018626803197892,0.0018626803197893396
3527603,1,0.9767112416403744,1.0238440568376304,1.0,0.9632099893076179,1.0381952129865553,1.0,0.9884723437963437,1.0116620928000706,1.0,0.9777296516620133,1.0227776137300633,1.0,0.9687069270770268,1.0323039631990625,1.0,0.953758741344332,1.0484831820157061,1.0,0.9900827084390731,1.0100166293950958,1.0,0.9679930665986147,1.0330652506777274,1.0
3527702,0,0.053079608036126255,1.056054984649809,0.0560549846498092,0.06649093008177262,1.0712268709800505,0.07122687098005061,0.018810076737668303,1.0191706786746517,0.019170678674651682,0.04846593033023888,1.0509345191886397,0.050934519188639706,0.01829993514370863,1.0186410654321263,0.01864106543212617,0.04016692477131471,1.0418478231350223,0.041847823135022444,0.01784146769393493,1.0181655680901573,0.018165568090157447,0.05393928888089658,1.0570146167650185,0.057014616765018525
3527900,0,0.02931500358233611,1.0302003262546797,0.030200326254679763,0.04517950930009531,1.0473172808293816,0.047317280829381574,0.02194682894993684,1.022439300438415,0.022439300438414973,0.03525296414800542,1.0365411479257591,0.03654114792575917,0.05869638979531917,1.0623564906784497,0.062356490678449644,0.08666575456763166,1.0948894175391448,0.0948894175391447,0.031423430202941305,1.0324428973225372,0.032442897322537245,0.03558387345157239,1.0368968046800757,0.036896804680075584
3528007,1,0.2885093357237208,3.466092344954859,1.0,0.25666485026495534,3.896131468596885,1.0,0.2724541907677937,3.670341781794344,1.0,0.26464794489492993,3.778604819308226,1.0,0.3555128535895901,2.8128378197948827,1.0,0.33407060997079063,2.9933791544471235,1.0,0.13556830976979542,7.376355150389282,1.0,0.3003582021750196,3.329358055676792,1.0
3528106,0,0.07898292204140477,1.0857561970690792,0.08575619706907919,0.09601760001558257,1.1062162272376517,0.10621622723765163,0.06183382704120508,1.0659092480878873,0.0659092480878874,0.07604445517283781,1.0823031536512537,0.08230315365125376,0.12415076459637638,1.1417490129327603,0.1417490129327602,0.13692710174918218,1.1586506794810625,0.15865067948106254,0.07984452967571452,1.0867728685540232,0.0867728685540231,0.09692929091228696,1.1073330027614399,0.10733300276143987
3528205,0,0.09039969008696971,1.099383970191933,0.0993839701919331,0.09480742263140064,1.1047372956890638,0.10473729568906368,0.022430716834284135,1.0229453985723094,0.022945398572309393,0.03133561405025775,1.0323492992049401,0.032349299204940056,0.036312335800691445,1.037680606642259,0.03768060664225892,0.050696769832105804,1.0534041897478212,0.0534041897478212,0.026196447609488128,1.0269011625036493,0.026901162503649302,0.03636861670252996,1.0377412123898242,0.03774121238982425
3528304,0,0.13197176793793933,1.152036262258926,0.152036262258926,0.13959251622243793,1.1622400070366268,0.1622400070366267,0.10908272711089259,1.1224386712776981,0.122438671277698,0.1347649567215286,1.1557553150076876,0.1557553150076877,0.264268122602696,1.3591908013250158,0.3591908013250159,0.28248356353416,1.3936962962486905,0.3936962962486904,0.13825636111142062,1.1604379247750927,0.16043792477509278,0.17766983193952668,1.21605656564756,0.21605656564755998
3528601,0,0.04937435591237311,1.0519388007460715,0.051938800746071476,0.06819106989701386,1.073181386971122,0.07318138697112206,0.05372290237376709,1.0567729077545391,0.056772907754539075,0.06387515458310734,1.0682335853981755,0.06823358539817545,0.03161853989078824,1.0326509141214066,0.03265091412140664,0.048239804150263375,1.050684830444285,0.05068483044428499,0.028181439702853816,1.0289986637981445,0.028998663798144555,0.04121259755177048,1.0429840832769972,0.042984083276997154
3528700,0,0.26029338351618364,1.3518873262936109,0.35188732629361097,0.23195080104131638,1.301999925728448,0.3019999257284479,0.18191007740126605,1.2223595137603125,0.22235951376031235,0.17048791644617362,1.2055279480869803,0.20552794808698022,0.3203114821909814,1.471262164650814,0.4712621646508139,0.2845887089536241,1.3977973405163602,0.39779734051636023,0.20985878491554108,1.265596555285512,0.26559655528551196,0.18970305539834623,1.2341154766313542,0.23411547663135424
3528809,1,0.6328610301740868,1.5801257342783785,1.0,0.5357135745620888,1.8666691446402779,1.0,0.48838131133322504,2.047580398336936,1.0,0.4612167961349196,2.168177760177386,1.0,0.33008635774238804,3.029510237379874,1.0,0.34710932346955464,2.8809367319910413,1.0,0.4802091927531945,2.0824257742061887,1.0,0.4723352814830998,2.117140173946079,1.0
3528858,1,0.19231796502995546,5.199722240427408,1.0,0.19674741096823548,5.082659004653679,1.0,0.11164491813869083,8.956968366063474,1.0,0.10522120004962453,9.503788205498312,1.0,0.08484127746466004,11.786715498438152,1.0,0.11062981272904174,9.039154775116845,1.0,0.20302845420035867,4.925417986058003,1.0,0.1569232486862545,6.3725420444191565,1.0
3528908,0,0.00995659501935187,1.0100567257650148,0.010056725765014804,0.01597959391358641,1.016239087944466,0.016239087944465994,0.0028029723417975403,1.0028108510796305,0.0028108510796306567,0.0060406716271918124,1.0060773831028689,0.0060773831028688875,0.0056990315780917,1.005731696698573,0.005731696698572911,0.009069800372135096,1.0091528145731568,0.009152814573156798,0.001822137761731938,1.0018254640086348,0.0018254640086347539,0.00577345106593604,1.0058069773655973,0.005806977365597315
3529005,0,0.12733986855099064,1.1459214921845335,0.14592149218453354,0.15836709332327006,1.1881664702828671,0.1881664702828672,0.061489262898802105,1.065517910949773,0.065517910949773,0.10094559979024421,1.1122797461051221,0.1122797461051221,0.0984413099303358,1.1091901292890085,0.10919012928900852,0.1458160134130215,1.1707079688951458,0.17070796889514572,0.01933559759440227,1.0197168343696086,0.0197168343696085,0.08820129354739423,1.0967332953240803,0.0967332953240802
3529203,1,0.10081592428354612,9.919067916170533,1.0,0.10847273820136073,9.218906211657295,1.0,0.10619502344813694,9.416637122250608,1.0,0.1392372129361475,7.181988054146042,1.0,0.09371566682153434,10.67057445052737,1.0,0.11756498422218994,8.505934029728333,1.0,0.2548876105380416,3.9232977934435596,1.0,0.20339860338899915,4.916454603611527,1.0
3529302,0,0.5921217704205198,2.4517121225886305,1.4517121225886305,0.5960127921905352,2.475325903070764,1.4753259030707642,0.5324037050653132,2.138596928232031,1.138596928232031,0.5690446249070611,2.320425867259092,1.3204258672590918,0.4148899887120242,1.7090803108952894,0.7090803108952894,0.4719148983034199,1.8936341827998897,0.8936341827998896,0.5407464218702887,2.1774462902879343,1.1774462902879343,0.5595718008601913,2.2705176506705964,1.2705176506705964
3529500,1,0.35250915747272804,2.836805736252016,1.0,0.3797241751580114,2.6334904791981666,1.0,0.28945293509519887,3.4547930898372394,1.0,0.3043058296385624,3.2861677385140617,1.0,0.16554366990797575,6.040702133496805,1.0,0.201909185127292,4.952721687077079,1.0,0.310283835717141,3.222855607958945,1.0,0.33841171395393926,2.9549804535906476,1.0
3529609,1,0.49525031930064517,2.01918092937754,1.0,0.43979404002621597,2.2737916137753715,1.0,0.465844251077032,2.146640207940744,1.0,0.3899961272527105,2.564128026204778,1.0,0.28237093249347506,3.5414410087097323,1.0,0.2787115006043947,3.587939492383588,1.0,0.41162071172550213,2.4294209973254963,1.0,0.39062487230351267,2.560000836871973,1.0
3529658,0,0.01652124266315435,1.0167987793736308,0.016798779373630897,0.02974176935885631,1.030653457419478,0.030653457419477947,0.007343785674853397,1.0073981158520686,0.007398115852068726,0.019482472467344265,1.0198695810327525,0.01986958103275253,0.041814325491072384,1.0436390634962291,0.043639063496229286,0.06516417228250958,1.0697065413524163,0.06970654135241632,0.0070540263031529556,1.007104139087135,0.0071041390871348625,0.022667204168367882,1.023192922886702,0.023192922886701967
3529708,0,0.4172127967447659,1.7158921719872524,0.7158921719872524,0.4829860641034501,1.9341838402593685,0.9341838402593686,0.23611071646547066,1.3090902327795229,0.3090902327795229,0.3759810311764253,1.6025153880902687,0.6025153880902686,0.494232674805158,1.977193761211758,0.9771937612117579,0.5972635312962847,2.4830132796731625,1.4830132796731625,0.15594692466775112,1.1847596190634873,0.18475961906348715,0.3926400848944457,1.6464701985250507,0.6464701985250508
3529807,0,0.2594049956696221,1.3502656568743232,0.35026565687432326,0.24740799529684585,1.3287411954295625,0.32874119542956254,0.27914198989668965,1.3872357468243768,0.3872357468243769,0.28204346190552265,1.3928419715406337,0.3928419715406338,0.1955133536345499,1.243028712182918,0.24302871218291802,0.206345554426803,1.2599942022346704,0.2599942022346704,0.21936395497478894,1.2810066949543748,0.28100669495437464,0.25179157921863504,1.3365259895841395,0.33652598958413943
3530003,0,0.007848822175135387,1.0079109135286648,0.00791091352866475,0.01776903505870317,1.0180904855303203,0.018090485530320395,0.002976890923226623,1.0029857792624117,0.0029857792624116545,0.00881820404729037,1.0088966565803545,0.008896656580354604,0.004829349361725993,1.0048527851566247,0.004852785156624732,0.01026518484915701,1.0103716517717856,0.010371651771785475,0.002504956766450037,1.0025112473324476,0.0025112473324476817,0.009181692278909732,1.0092667769734978,0.009266776973497674
3530102,1,0.5577669486132762,1.792863493411014,1.0,0.5170269589769784,1.9341351212684579,1.0,0.5769319528131694,1.7333066666249193,1.0,0.5262003762351474,1.900416733174516,1.0,0.6064792405915266,1.6488610542129272,1.0,0.5604145972875355,1.7843932061015242,1.0,0.5555919027691332,1.799882242732276,1.0,0.5240916932965974,1.9080630599387756,1.0
3530201,1,0.8148218986578188,1.2272620576928628,1.0,0.7175107788956083,1.3937072855395967,1.0,0.7453924892467377,1.3415750955722103,1.0,0.6434146807863769,1.554207620469286,1.0,0.691584341357065,1.4459552366928157,1.0,0.5844292006576661,1.711071245027946,1.0,0.7951138193102255,1.2576815742776508,1.0,0.6682500745178541,1.4964457740188135,1.0
3530300,0,0.12183746531948854,1.1387413610896244,0.1387413610896243,0.16785277574650778,1.2017104315850915,0.20171043158509144,0.14370373832216513,1.1678201164169404,0.16782011641694042,0.19070821635416096,1.235648279406749,0.235648279406749,0.13371010287043603,1.1543479882582979,0.1543479882582979,0.1695548920205996,1.2041735093522947,0.2041735093522948,0.1872172137536356,1.2303410172086098,0.23034101720860975,0.19200772904418664,1.2376356011636738,0.2376356011636737
3530409,0,0.020199724112782716,1.0206161649571814,0.0206161649571814,0.03389239546714693,1.0350813877337557,0.0350813877337557,0.01027587084645875,1.0103825606992598,0.010382560699259863,0.022155674929636535,1.02265767092123,0.022657670921229986,0.03389621398984014,1.0350854788902397,0.035085478890239725,0.060414891104415745,1.064299540863764,0.06429954086376398,0.00926556051192305,1.0093522140168163,0.009352214016816317,0.02128312326419637,1.021745944889782,0.021745944889782022
3530508,1,0.38800011437428683,2.577318827889168,1.0,0.44990504869226394,2.2226912165282284,1.0,0.4846638628386314,2.0632856638889736,1.0,0.4991325547806834,2.0034758110285864,1.0,0.37646696924667455,2.656275534613408,1.0,0.436110436123982,2.2929971795394266,1.0,0.35340109913742934,2.8296459814097057,1.0,0.439760029879285,2.273967464197467,1.0
3530706,0,0.21398025730422646,1.2722326751874562,0.27223267518745625,0.33573863574126084,1.5054315271157122,0.5054315271157122,0.10822293451401464,1.1213564899822102,0.12135648998221003,0.19028700724624079,1.2350055006516472,0.23500550065164724,0.0799884875684662,1.086942920265271,0.08694292026527098,0.14595287996385656,1.1708955823862268,0.17089558238622687,0.11288449126587462,1.127248920974176,0.12724892097417595,0.132529429754461,1.1527768598731232,0.15277685987312323
3530805,0,0.11573366577690815,1.1308810041700736,0.13088100417007356,0.23111571732008332,1.3005858261460856,0.30058582614608576,0.06097977292917293,1.0649397863551808,0.06493978635518086,0.11687248181008705,1.1323393048034929,0.13233930480349282,0.0669805475110455,1.0717890150439693,0.07178901504396924,0.11136685368160527,1.1253237673420105,0.1253237673420105,0.08637733314484458,1.09454377203903,0.09454377203903012,0.11745628738223994,1.1330883509824647,0.13308835098246471
3530904,0,0.13582324727292044,1.1571706793133505,0.15717067931335052,0.14966664123017961,1.1760093728966516,0.17600937289665167,0.21418159663807013,1.2725586416934842,0.27255864169348426,0.1720933256983974,1.207865609784545,0.2078656097845451,0.25207721122490684,1.3370364093835743,0.3370364093835742,0.184432027951491,1.2261393706869612,0.22613937068696122,0.28231128780251635,1.3933617500240603,0.3933617500240604,0.18559479075083007,1.2278899847926277,0.22788998479262765
3531001,0,0.04975593694958307,1.0523612184325146,0.052361218432514615,0.07154931913737349,1.077063133898396,0.07706313389839596,0.06399567913264814,1.0683711364423472,0.06837113644234709,0.09443654368224984,1.1042848438984638,0.10428484389846371,0.03883675775059005,1.040405995613919,0.040405995613919235,0.06665315980224201,1.0714130663238968,0.07141306632389681,0.09772514505030006,1.108309729030128,0.108309729030128,0.1128743937225892,1.1272360902716323,0.12723609027163232
3531308,0,0.30230437547718436,1.4332897682767374,0.4332897682767374,0.3777912870201247,1.6071777510327858,0.6071777510327857,0.09541610860522716,1.1054806630019751,0.10548066300197498,0.13911987979256432,1.1616019193927285,0.16160191939272836,0.12361256847071304,1.1410478562603419,0.14104785626034183,0.1544293787747927,1.1826333305561503,0.18263333055615036,0.12756145113330036,1.1462125341653038,0.14621253416530375,0.16468806865219907,1.1971575676962616,0.19715756769626158
3531407,1,0.5367668726033756,1.8630061783617442,1.0,0.5289135504760474,1.8906681424591076,1.0,0.4411476571871915,2.2668147131872254,1.0,0.44745350310048515,2.234869082643943,1.0,0.3770527159983824,2.652149043276723,1.0,0.3686187959143413,2.712829652431444,1.0,0.405319123124068,2.467191758169033,1.0,0.45067309194926325,2.2189032757087257,1.0
3531506,0,0.11470218285170296,1.1295633860492047,0.12956338604920462,0.15849236477764184,1.188343347277844,0.18834334727784396,0.2064969805971168,1.2602346500867851,0.26023465008678515,0.18586841076559085,1.228302664118926,0.2283026641189261,0.20267010907622163,1.2541860168335217,0.2541860168335218,0.21018801120327174,1.2661241082494725,0.2661241082494726,0.2733473829460995,1.3761733963807132,0.3761733963807132,0.18461228723545614,1.2264104356068042,0.2264104356068042
3531605,0,0.10096921679706411,1.1123089650360423,0.11230896503604215,0.09830341828143152,1.1090205067585732,0.10902050675857317,0.055565560433354,1.0588347460717868,0.05883474607178691,0.06863126459807788,1.073688606874334,0.07368860687433404,0.10668152550255715,1.1194216044424397,0.11942160444243956,0.13304216747938533,1.1534586371895104,0.15345863718951042,0.06051183846146083,1.0644093677161024,0.06440936771610245,0.07550756578415257,1.0816746173246923,0.08167461732469226
3531803,0,0.3441445148205122,1.524726136469424,0.524726136469424,0.43667063902655534,1.7751604465848887,0.7751604465848887,0.19945116287332318,1.2491430299108193,0.2491430299108192,0.2829570161104542,1.3946165327154798,0.3946165327154798,0.1425011004986532,1.166182254672887,0.16618225467288705,0.19822089283483788,1.2472263134115384,0.2472263134115385,0.19547347223685702,1.242967093677246,0.24296709367724598,0.24906141262954934,1.3316668191225647,0.3316668191225645
3531902,1,0.9580505457438445,1.043786264140777,1.0,0.9366039443928468,1.0676871541986188,1.0,0.9816760633502328,1.0186659707146488,1.0,0.9673998098854928,1.033698776639584,1.0,0.9820847334206488,1.018242078274602,1.0,0.9648268624526675,1.0364553879210199,1.0,0.9779548798002615,1.0225420626810933,1.0,0.9630261808493757,1.0383933686185083,1.0
3532058,0,0.10167142930521408,1.1131784434136158,0.11317844341361569,0.09493811442626271,1.104896820802568,0.10489682080256808,0.034447695146762325,1.0356766743485721,0.03567667434857225,0.06437956505090972,1.0688094900945733,0.06880949009457323,0.09721751577350345,1.1076865329933814,0.1076865329933814,0.12676261058983063,1.1451639750279736,0.14516397502797354,0.019392771862257564,1.0197762889215962,0.01977628892159617,0.06848315499621437,1.0735178922029436,0.07351789220294352
3532108,0,0.44865707521031684,1.8137532106383025,0.8137532106383025,0.46759005905903445,1.8782519316461854,0.8782519316461854,0.23365007019460293,1.3048869205924438,0.30488692059244377,0.29496966636937955,1.4183786885457896,0.41837868854578963,0.07464471658409998,1.0806660078802954,0.0806660078802954,0.10247001868421261,1.1141689089137619,0.11416890891376197,0.2590670598244966,1.3496498073943533,0.34964980739435325,0.33106783118083344,1.494919883678567,0.494919883678567
3532157,0,0.038134812629542506,1.0396467333782973,0.03964673337829731,0.06316623797020018,1.0674252365044363,0.06742523650443644,0.026556826878011565,1.027281332502276,0.027281332502275976,0.04996754118111167,1.0525956147258726,0.0525956147258726,0.02893827081569353,1.0298006500987344,0.029800650098734432,0.044602959621347395,1.0466852604061552,0.04668526040615523,0.024192879579772918,1.024792686047786,0.024792686047786124,0.035447869867346736,1.036750600366692,0.0367506003666921
3532207,1,0.509574458112182,1.9624217503065107,1.0,0.47556789017486567,2.1027491987154585,1.0,0.553080537526742,1.8080549434478137,1.0,0.5318651227870619,1.8801759264827018,1.0,0.48691437056252507,2.0537492020305637,1.0,0.5203158535451333,1.9219095347308264,1.0,0.6066324429326246,1.6484446416445033,1.0,0.5783977549176255,1.7289140414150095,1.0
3532504,0,0.24816496204372107,1.3300790060520595,0.33007900605205964,0.23500465367017667,1.3071974944653528,0.30719749446535294,0.22826962633195505,1.2957893509451837,0.2957893509451836,0.19435889237412174,1.2412474866716678,0.2412474866716678,0.20837850466477795,1.2632299727744727,0.2632299727744728,0.18501853556153242,1.2270217712117077,0.22702177121170786,0.2009073327169391,1.2514193171112808,0.2514193171112808,0.20148493211141907,1.2523245211191592,0.2523245211191592
3532603,0,0.24300546894583844,1.3210135066728135,0.32101350667281353,0.26322117186500094,1.3572594132913538,0.35725941329135374,0.37381545375118524,1.5969732980325733,0.5969732980325732,0.31029706028837617,1.4498995762119216,0.4498995762119217,0.4060626447252795,1.6836792485252234,0.6836792485252233,0.35758414186612425,1.556624089113949,0.5566240891139487,0.4474376266197411,1.809750442981803,0.8097504429818031,0.3480932668089691,1.5339617603043931,0.533961760304393
3532702,0,0.07880405571399926,1.0855453784863096,0.08554537848630955,0.08279883611919915,1.0902733657345856,0.09027336573458564,0.1411710487310968,1.1643762107955482,0.16437621079554815,0.11926816604837415,1.1354193881164114,0.13541938811641155,0.12752964990303292,1.1461707551309441,0.14617075513094419,0.1272206080418643,1.145764908307971,0.14576490830797095,0.136208012610241,1.1576861265196958,0.1576861265196958,0.15837133407064682,1.1881724571438737,0.18817245714387373
3532801,0,0.22284527038825847,1.28674504818312,0.28674504818312,0.21789632379960275,1.2786028635719793,0.27860286357197933,0.12521656821347632,1.1431400774906688,0.14314007749066895,0.13885277640598734,1.16124162350136,0.1612416235013601,0.1443043887869821,1.1686398608290383,0.16863986082903817,0.16158068902621625,1.1927206195173965,0.1927206195173964,0.11111391232575518,1.1250035452984564,0.12500354529845645,0.16240692639345114,1.19389716977261,0.1938971697726099
3532843,0,0.004672099475864183,1.0046940304530838,0.004694030453083726,0.010322482084335264,1.0104301470908172,0.010430147090817205,0.0024903518160690748,1.0024965691515897,0.002496569151589678,0.005243129011248045,1.0052707643085055,0.005270764308505421,0.00409872682984964,1.0041155955316763,0.004115595531676131,0.006884823581670885,1.0069325529859496,0.006932552985949735,0.0015492904539658714,1.0015516944794103,0.0015516944794102933,0.0053158667858319445,1.0053442762464246,0.005344276246424624
3532868,0,0.013764818844617515,1.0139569335059533,0.013956933505953336,0.02973681435714541,1.0306481940128884,0.030648194012888447,0.007714440666962873,1.0077744159374324,0.007774415937432487,0.029554522773157992,1.0304545937579237,0.030454593757923826,0.017247992662883224,1.017550707130702,0.017550707130701986,0.0461953688801968,1.048432737033329,0.048432737033329,0.005569627912334992,1.005600822409157,0.005600822409157064,0.028736984859630256,1.0295872327182942,0.029587232718294235
3532900,1,0.7987635047596231,1.2519350146085308,1.0,0.6784319900726792,1.4739870976497906,1.0,0.66169935859415,1.5112603435563325,1.0,0.5800009392096723,1.7241351390958637,1.0,0.4638707298731049,2.1557730108850737,1.0,0.42790976794563235,2.336941278066487,1.0,0.5530801486298741,1.8080562147769446,1.0,0.5304062898612285,1.885347174637828,1.0
3533007,0,0.1520742963728099,1.179348610051893,0.17934861005189298,0.17639235042382614,1.2141703643896424,0.21417036438964251,0.20298755299103569,1.2546855494576141,0.2546855494576142,0.19467678919658582,1.2417374621580453,0.24173746215804523,0.264243838341241,1.359145940070015,0.3591459400700151,0.2676197680396941,1.3654109659996922,0.3654109659996923,0.24310028646318352,1.32117899123945,0.32117899123945015,0.22710878262485182,1.293843140560125,0.293843140560125
3533106,0,0.019700543434053835,1.0200964545089783,0.020096454508978453,0.025024851991699393,1.0256671690994592,0.02566716909945928,0.00815605617023231,1.008223124435019,0.008223124435019135,0.012922079246532627,1.0130912453564647,0.013091245356464666,0.0037272129447140047,1.003741157033638,0.003741157033637988,0.006675856975300464,1.0067207235645883,0.006720723564588186,0.007268477152205302,1.007321694723015,0.007321694723014959,0.013737840389070104,1.0139291974808093,0.0139291974808093
3533205,1,0.4055622070016876,2.4657129849277077,1.0,0.3400344329109428,2.940878638199286,1.0,0.39096701898225295,2.5577605052291963,1.0,0.38589196687163646,2.5913988521368756,1.0,0.3125893764677647,3.199085046651045,1.0,0.31480099687923324,3.176610016847021,1.0,0.6221159127096789,1.6074174917732207,1.0,0.5006434910184407,1.997429344313928,1.0
3533254,0,0.040661887702819054,1.0423853563009733,0.042385356300973204,0.0538298688846579,1.0568923781404973,0.05689237814049724,0.00796902914201143,1.0080330447093997,0.008033044709399717,0.01743839049180415,1.0177478850415627,0.01774788504156257,0.0069864642725801845,1.0070356183689504,0.0070356183689503655,0.013099422281425365,1.0132732947747456,0.013273294774745594,0.015887925938362114,1.0161444274052946,0.0161444274052947,0.024732662960128115,1.0253598803331163,0.02535988033311626
3533304,0,0.055597834939246776,1.0588709312580515,0.05887093125805168,0.06300972573051956,1.0672469367727906,0.0672469367727907,0.0173660966821774,1.01767300784508,0.017673007845079938,0.03429389907256382,1.0355117349260081,0.035511734926007975,0.010646087041698223,1.0107606458136553,0.010760645813655283,0.01855364236165291,1.0189043876084054,0.018904387608405328,0.011051192254854092,1.0111746858566435,0.011174685856643458,0.03450459898637936,1.0357377144936732,0.03573771449367327
3533403,0,0.03667321314070506,1.0380693380906283,0.038069338090628235,0.0649904729080437,1.0695078189311884,0.0695078189311883,0.09518318492222654,1.105196083158606,0.10519608315860605,0.1436521262435005,1.1677497319090064,0.16774973190900644,0.120357468697243,1.136825431256709,0.13682543125670912,0.2090450892752026,1.264294571587706,0.26429457158770603,0.2347870646533575,1.3068257916301411,0.306825791630141,0.1191668928599379,1.1352888440431759,0.13528884404317587
3533502,1,0.6241124226681185,1.60227542936085,1.0,0.6262949374824903,1.5966918142747362,1.0,0.5276821114761115,1.8950803490431958,1.0,0.5216124348260115,1.9171322101122052,1.0,0.5388678679518161,1.8557424917557284,1.0,0.5401537081341833,1.8513248820492836,1.0,0.602391992342315,1.660048627325943,1.0,0.5625344453828719,1.777668920023876,1.0
3533601,0,0.7588725924853116,4.147185134643329,3.1471851346433293,0.7158522442245665,3.5192957877531716,2.5192957877531716,0.7582006994561826,4.135661260189568,3.1356612601895684,0.6611338213918944,2.9510174314459605,1.9510174314459605,0.6431488204854295,2.80228862171708,1.8022886217170802,0.5795829940290955,2.3785907463248677,1.3785907463248677,0.7018544592684577,3.3540665996424375,2.3540665996424375,0.6398860665049384,2.7768989394399908,1.776898939439991
3533700,0,0.007643775822056956,1.0077026531761708,0.00770265317617066,0.01328092712927334,1.0134596842145092,0.013459684214509268,0.002267584583273276,1.0022727382093988,0.0022727382093987248,0.005635913847555569,1.0056678574035824,0.00566785740358239,0.0106644542094072,1.010779410741666,0.010779410741666091,0.01926238773620637,1.019640714800102,0.019640714800102183,0.0015008117394647675,1.0015030675609053,0.001503067560905383,0.004554278453855354,1.0045751148006157,0.0045751148006157125
3533809,0,0.015348478083366738,1.015587725953534,0.015587725953534082,0.02940775648265198,1.0302987754941053,0.03029877549410517,0.010637072411482575,1.0107514362170509,0.01075143621705078,0.016514923901569094,1.0167922465759065,0.016792246575906576,0.04913488242043428,1.051673872047707,0.05167387204770693,0.06939068102925539,1.0745647820354964,0.07456478203549648,0.0013166222284064504,1.0013183580078646,0.0013183580078646026,0.007877959907988272,1.0079405149665435,0.007940514966543482
3533908,1,0.6576930665272446,1.5204660819676978,1.0,0.6617545063945919,1.5111344015596604,1.0,0.5468502112348713,1.8286543178649364,1.0,0.5667841167292768,1.7643401967060555,1.0,0.5249867617642061,1.9048099358534731,1.0,0.5465411429150575,1.8296884195512766,1.0,0.5091478561941517,1.9640660131124528,1.0,0.6032730299157547,1.6576242437684428,1.0
3534005,1,0.126985058496063,7.874942232128857,1.0,0.1498878232014854,6.671656033430806,1.0,0.08637559242935221,11.57734461639628,1.0,0.10140856648432585,9.861099852491893,1.0,0.12101048150452981,8.26374697106355,1.0,0.1422143118030762,7.031641100824631,1.0,0.21054841712336822,4.749501390998644,1.0,0.1216277303366691,8.221809263660276,1.0
3534104,0,0.09198006800784946,1.1012974107364029,0.10129741073640285,0.08308435517393044,1.0906128667808812,0.09061286678088122,0.014101018153563138,1.0143027007971488,0.014302700797148713,0.027773391331474946,1.0285667879112164,0.028566787911216408,0.005847380919937283,1.0058817738923709,0.0058817738923709175,0.01622902180109123,1.0164967478821172,0.016496747882117215,0.007781889921292286,1.007842922682267,0.007842922682266893,0.019411886581574708,1.019796167540623,0.019796167540623133
3534203,1,0.8351891697968709,1.197333533722921,1.0,0.7856489133070832,1.2728331740327048,1.0,0.8939996558991741,1.1185686631995535,1.0,0.8444953254813695,1.1841391773601488,1.0,0.8305131408610001,1.204074867452779,1.0,0.7795387065073291,1.2828099383036833,1.0,0.8732852924448679,1.1451011584088162,1.0,0.8546154958223751,1.17011685943949,1.0
3534302,0,0.869991431185484,7.691800695281143,6.691800695281143,0.7873708416031797,4.703023835205823,3.7030238352058222,0.8632227452836718,7.311157122388289,6.311157122388289,0.7616229083031204,4.195033981166279,3.1950339811662793,0.8163474296595588,5.445064003984674,4.445064003984674,0.7444991685031993,3.9138815875537443,2.9138815875537443,0.8488036435976557,6.613915995031842,5.613915995031842,0.7632999510093191,4.2247562020545715,3.224756202054572
3534500,0,0.013559049100697728,1.0137454239793435,0.013745423979343556,0.018943192881904852,1.0193089663559356,0.01930896635593555,0.011331928011760691,1.0114618124452748,0.011461812445274848,0.015071493294305153,1.015302119079399,0.015302119079398973,0.021861279658437642,1.022349876560253,0.02234987656025289,0.030955177987379408,1.031944010518614,0.03194401051861382,0.005090322275276402,1.0051163662282565,0.005116366228256568,0.011128314349813212,1.0112535473624127,0.011253547362412651
3534609,0,0.2052544889934515,1.2582644206866873,0.2582644206866873,0.2135050745393328,1.2714640204630414,0.2714640204630414,0.18654567388875232,1.2293253203047572,0.22932532030475722,0.19081246703552235,1.235807472634281,0.23580747263428092,0.18833126116875015,1.2320297088685896,0.23202970886858956,0.18684006943798726,1.2297703839254024,0.22977038392540244,0.1872042359535166,1.230321372519863,0.2303213725198628,0.14696213795250812,1.1722809086102748,0.17228090861027476
3534708,1,0.482686715263154,2.0717371503684623,1.0,0.4409769132797685,2.267692411746669,1.0,0.6441847215554619,1.5523497632563825,1.0,0.5808383622078362,1.7216493693682355,1.0,0.6207400378168028,1.6109803445530722,1.0,0.5714945290592265,1.7497980280689014,1.0,0.8580010068777097,1.1654997977671713,1.0,0.62275813234534,1.605759841680344,1.0
3534757,1,0.4396550210401575,2.2745105870374247,1.0,0.44224976295059226,2.2611657117195993,1.0,0.4562964122050499,2.191557884857138,1.0,0.424484250773226,2.3558000047785854,1.0,0.3353789002133649,2.9817021862848536,1.0,0.322921336351705,3.0967294118678637,1.0,0.5447203313367007,1.8358044348116747,1.0,0.3800451221574491,2.631266504153971,1.0
3534807,0,0.16973998193667772,1.204441955825617,0.20444195582561703,0.14309751916309993,1.1669939373070115,0.1669939373070115,0.13525024243167144,1.1564039090476237,0.15640390904762363,0.15691615162500622,1.1861216436863962,0.1861216436863961,0.12693336936221222,1.1453879519704993,0.14538795197049917,0.1544698654333272,1.1826899587824764,0.1826899587824764,0.20011685650919542,1.2501826149703028,0.2501826149703028,0.1922056749181484,1.2379388774471431,0.23793887744714318
3534906,0,0.21629856057332,1.2759961251717926,0.27599612517179256,0.1967022001932406,1.2448683417788011,0.24486834177880124,0.25019651974259693,1.3336827933323354,0.3336827933323355,0.19826531596065577,1.2472954206767561,0.2472954206767561,0.18855036588672602,1.232362377108923,0.23236237710892282,0.1687894178147442,1.2030645680316006,0.2030645680316006,0.334306034753143,1.5021917761101733,0.5021917761101732,0.21560519200005704,1.2748682038702028,0.27486820387020294
3535002,1,0.3171272100872025,3.15330872972087,1.0,0.34371695143657355,2.9093706196929627,1.0,0.20682012852886705,4.835119323796496,1.0,0.28351271642964104,3.5271786486098184,1.0,0.38230550369814204,2.6157091392269693,1.0,0.44019525288050787,2.271719182467996,1.0,0.20617514857384808,4.85024508005541,1.0,0.31958969189997677,3.129012059353197,1.0
3535101,0,0.037375408523063085,1.0388265673389028,0.038826567338902794,0.04595184985849829,1.0481651265207976,0.04816512652079755,0.007487959594269673,1.007544452147108,0.007544452147108119,0.018355320799598784,1.018698538471731,0.018698538471731047,0.006762933458464064,1.0068089821516757,0.006808982151675716,0.013735839707670602,1.0139271406796322,0.01392714067963221,0.00480665201899434,1.0048298675114196,0.00482986751141958,0.021757524757763172,1.0222414435157046,0.022241443515704503
3535200,0,0.00803836201315447,1.0081035008868569,0.008103500886856945,0.011696270359417203,1.0118346921180503,0.011834692118050385,0.004277269892071948,1.0042956435187618,0.004295643518761822,0.005547649907856783,1.0055785980166299,0.005578598016629709,0.008341189289969533,1.0084113499521041,0.00841134995210421,0.011062277882650504,1.011186020752617,0.011186020752617048,0.0036217468127863763,1.0036349115420786,0.00363491154207866,0.006219917693351446,1.0062588472078393,0.006258847207839469
3535309,0,0.6423495943372559,2.7960264665349674,1.7960264665349672,0.5425914601596001,2.186229405224753,1.1862294052247526,0.44164279627317204,1.790968206956711,0.7909682069567109,0.37391857355231867,1.5972363302228794,0.5972363302228793,0.269472339614127,1.3688735611623366,0.3688735611623366,0.2393338661239211,1.3146372047673036,0.3146372047673037,0.44712300758694257,1.8087205901541559,0.8087205901541559,0.40113989573483466,1.6698390707242983,0.6698390707242982
3535408,0,0.14820081111657946,1.173985621318621,0.17398562131862114,0.14040273675359466,1.1633354859964788,0.1633354859964787,0.11901818184831309,1.1350972056358837,0.13509720563588365,0.1363696171635366,1.157902755477003,0.15790275547700303,0.10212339832667049,1.1137387900924782,0.1137387900924782,0.1174159939112666,1.1330366209915907,0.1330366209915907,0.09185556053257551,1.10114642180317,0.10114642180317002,0.12207558521228654,1.139050222497577,0.1390502224975769
3535507,1,0.6567863306319479,1.5225651834711877,1.0,0.6161360193301063,1.6230182437430776,1.0,0.7212327209748142,1.3865150192415086,1.0,0.6846348432792013,1.4606326420815678,1.0,0.7737639176522678,1.2923838617781134,1.0,0.7229623159740198,1.3831979591532897,1.0,0.7827738236822541,1.27750822746715,1.0,0.7396852936520298,1.3519262970103472,1.0
3535705,1,0.43510363898139265,2.298303002799674,1.0,0.378538943080723,2.641736123267907,1.0,0.22298794193197638,4.484547421425393,1.0,0.2365659458694191,4.227151107167323,1.0,0.14081765767970075,7.101382145373894,1.0,0.19459951210091353,5.138759029783331,1.0,0.2704844098745819,3.6970707497104165,1.0,0.3026713646993683,3.3039134739200096,1.0
3535804,0,0.016294241519803385,1.0165641416443243,0.016564141644324237,0.030222406233558628,1.031164265320031,0.03116426532003101,0.01901337863839743,1.0193818939263484,0.019381893926348346,0.03138254955767882,1.0323993229146842,0.032399322914684135,0.03670222918218603,1.038100606369126,0.03810060636912595,0.0518128439913785,1.0546441107781757,0.05464411077817572,0.015198410198859641,1.0154329667582367,0.015432966758236686,0.023869422679887693,1.0244531041588916,0.024453104158891594
3535903,0,0.05667707608735471,1.060082369091884,0.06008236909188394,0.06468235683112886,1.069155497390153,0.06915549739015293,0.03707290259512302,1.0385002174048645,0.038500217404864624,0.028191618274406395,1.0290094413719173,0.029009441371917258,0.11177410900437364,1.1258397330425534,0.12583973304255328,0.0859115422416268,1.093986026748777,0.09398602674877701,0.01885141863869921,1.0192136226834714,0.019213622683471335,0.02167467340756311,1.022154873045204,0.02215487304520393
3536000,1,0.08744615378948058,11.435608733660462,1.0,0.10293674490839193,9.714703927056808,1.0,0.05799761380929899,17.24208867089056,1.0,0.08178835599951972,12.226679308798824,1.0,0.1752306892889417,5.706762919542468,1.0,0.19281595066953763,5.186292920930979,1.0,0.06174300146657419,16.1961676019487,1.0,0.06807737026327532,14.689169045935593,1.0
3536257,0,0.006491884452790248,1.006534304401947,0.006534304401947047,0.012156913496563844,1.0123065228300523,0.012306522830052279,0.0034443107599982986,1.0034562150386448,0.003456215038644771,0.007495228244430455,1.0075518309409965,0.0075518309409965765,0.006477400156646368,1.0065196304116963,0.0065196304116963665,0.012120651325149286,1.012269364008275,0.012269364008274922,0.0018041267418134406,1.0018073874979312,0.0018073874979312777,0.008067228033930573,1.0081328374885132,0.008132837488513308
3536307,1,0.4029336306115685,2.4817983013287086,1.0,0.4886574829025635,2.046423179811198,1.0,0.40363604345988563,2.4774794426885283,1.0,0.5113278629981591,1.9556923695425534,1.0,0.4094642339724073,2.4422157469005885,1.0,0.48946991081339286,2.043026502565228,1.0,0.32192297353528804,3.106333136210248,1.0,0.39291779334480403,2.5450616310533243,1.0
3536406,1,0.2721046765830944,3.675056278184265,1.0,0.21836424120950196,4.57950438433088,1.0,0.17661248796134563,5.6621137697741135,1.0,0.1658021329974664,6.031285496280563,1.0,0.14610020492578027,6.844617367292576,1.0,0.16305395452870944,6.13293926473845,1.0,0.17084124893189553,5.8533873186483305,1.0,0.162711675268279,6.145840477342514,1.0
3536505,0,0.020652156467825655,1.0210876621664273,0.02108766216642736,0.11207717780404558,1.1262240084412556,0.12622400844125553,0.005920652021617069,1.0059559149213366,0.005955914921336659,0.033163806593369954,1.0343013706143105,0.03430137061431045,0.022167001411622072,1.0226695166185054,0.02266951661850527,0.06845324651995546,1.0734834255653083,0.0734834255653083,0.08793196656765374,1.0964094380511762,0.09640943805117605,0.05373006457398796,1.056780906338104,0.05678090633810384
3536570,0,0.0011843201636699287,1.001185724441034,0.0011857244410340016,0.004610394454954511,1.004631748643216,0.004631748643215937,0.001061977413692344,1.0010631064086866,0.0010631064086867208,0.004834181978004791,1.0048576648137024,0.004857664813702379,0.0008994890844954258,1.000900298893523,0.000900298893522933,0.0032606231803082534,1.0032712896230829,0.003271289623082779,0.000804136357869071,1.0008047835135525,0.0008047835135525321,0.002433188993699893,1.002439123842989,0.002439123842988925
3536604,0,0.16609967098495712,1.1991840813651493,0.19918408136514937,0.20458082851182202,1.2571987649342982,0.2571987649342981,0.12349842329905358,1.140899259718263,0.1408992597182629,0.1595042029388859,1.1897739447319189,0.18977394473191878,0.30271064573318923,1.43412486348868,0.43412486348868023,0.35383712817540713,1.5475974303139157,0.5475974303139157,0.1251749551692324,1.1430857014312468,0.1430857014312469,0.16279107681045785,1.1944449853571406,0.19444498535714047
3536703,0,0.7796266143757667,4.537753037497626,3.5377530374976254,0.7392904196659202,3.83568566494018,2.83568566494018,0.9050048065260154,10.526848395480775,9.526848395480775,0.8482313566097935,6.588976337021995,5.588976337021995,0.8820238329778305,8.476288264324479,7.476288264324479,0.8199261832649701,5.5532781951939905,4.5532781951939905,0.9327496098004394,14.869802197913998,13.869802197913998,0.8657446879742495,7.448494848443671,6.448494848443671
3536901,0,0.06221522020933964,1.0663427489441957,0.06634274894419571,0.07496579340486519,1.081041104069869,0.08104110406986918,0.01089499985810335,1.0110150083727616,0.011015008372761594,0.01903985155639926,1.0194094037220656,0.019409403722065614,0.024334936227474194,1.024941895667946,0.024941895667945975,0.039973395356215746,1.0416377995806145,0.041637799580614525,0.00628120794552436,1.0063209109013005,0.00632091090130056,0.01697955663511972,1.017272841831243,0.017272841831242773
3537008,0,0.04913843029212902,1.0516777960720671,0.05167779607206715,0.0857057528054066,1.093739792269704,0.09373979226970401,0.07019280279500435,1.075491782603968,0.07549178260396802,0.10538786886546825,1.1178028613716842,0.11780286137168425,0.04825993705865501,1.0507070564094025,0.05070705640940244,0.06708573281176192,1.0719098583559616,0.0719098583559616,0.07695575115387374,1.083371681531058,0.08337168153105784,0.07275710528366425,1.0784660693527581,0.07846606935275817
3537156,0,0.18100637873834013,1.2210107307789526,0.22101073077895256,0.16776901201247357,1.2015894798848659,0.20158947988486595,0.1415587798149101,1.1649021231580519,0.16490212315805197,0.0867156138753131,1.0949491912845144,0.09494919128451429,0.06072333126405071,1.0646490360989913,0.06464903609899134,0.04219347008214136,1.0440521846157802,0.044052184615780254,0.18967392746889844,1.2340711151949495,0.23407111519494944,0.08371114394370839,1.0913589021523205,0.09135890215232045
3537305,0,0.5515477391887604,2.2298917574660537,1.2298917574660535,0.5633236825552784,2.2900257239770943,1.2900257239770943,0.6171084860365598,2.6117058318912845,1.6117058318912845,0.5970082608521413,2.4814404437037294,1.4814404437037294,0.698427685262525,3.3159542541911406,2.3159542541911406,0.6296585340729904,2.700210729837878,1.7002107298378777,0.5913799147747482,2.44726100394392,1.44726100394392,0.5747929529939152,2.351795453629182,1.3517954536291816
3537404,1,0.49654092216634416,2.0139326999215466,1.0,0.4842658496030515,2.0649814576429275,1.0,0.6387257761709024,1.5656171040957525,1.0,0.6125657421152123,1.632477840740755,1.0,0.7494799741706007,1.3342584651532992,1.0,0.7190420504632522,1.390739247246718,1.0,0.6537890394828135,1.5295453726037687,1.0,0.5718928991583709,1.7485791508718767,1.0
3537503,0,0.05643701818162103,1.0598126667420324,0.05981266674203235,0.04671727645465008,1.0490067377712502,0.04900673777125011,0.01407185315720326,1.0142726964457451,0.014272696445745123,0.023923260221453073,1.0245096099993949,0.024509609999394926,0.018221297540453853,1.0185594752613862,0.018559475261386266,0.024327360345951718,1.0249339372215847,0.024933937221584542,0.0065023488492338116,1.0065449061119593,0.006544906111959253,0.02981910149203972,1.030735609758859,0.030735609758858858
3537701,0,0.11555863907374539,1.1306572082435444,0.13065720824354432,0.1177116148884831,1.1334162580793863,0.13341625807938629,0.021278557548064653,1.021741178465199,0.021741178465199136,0.041798316840105355,1.0436216274451382,0.043621627445138283,0.03320946167994096,1.0343502137884462,0.034350213788446146,0.05343241978843666,1.0564486053668711,0.05644860536687111,0.013906250251932121,1.014102361216147,0.014102361216147004,0.04100999965672407,1.042763740645934,0.04276374064593406
3538105,0,0.18756891478904184,1.2308736312573971,0.23087363125739724,0.18949161758569996,1.2337935321794604,0.2337935321794603,0.08572019463808672,1.0937570688265994,0.09375706882659932,0.09560992670921759,1.1057175764450002,0.10571757644500017,0.06617203627144007,1.0708610566846064,0.07086105668460642,0.09335736828996269,1.1029704152714277,0.10297041527142776,0.13427863653002095,1.1551060678366607,0.15510606783666067,0.1465956136363991,1.1717774316359568,0.1717774316359568
3538303,0,0.01780351031476511,1.0181262206714572,0.018126220671457107,0.019271110411519004,1.0196497835600675,0.019649783560067514,0.004504823924367509,1.0045252091950119,0.004525209195011967,0.0073047289176014045,1.0073584806238036,0.007358480623803712,0.0033360024974216904,1.0033471686604323,0.003347168660432184,0.004613701787936288,1.0046350866957114,0.004635086695711532,0.005528716032984682,1.0055594526680853,0.005559452668085345,0.010034327575068575,1.0101360358793952,0.010136035879395074
3538709,0,0.585157291000118,2.410552188348294,1.410552188348294,0.6727510898696424,3.0557779385778736,2.0557779385778736,0.5521386444441564,2.2328338616286585,1.2328338616286587,0.6542577354531922,2.8923279059063853,1.892327905906385,0.6458646620254267,2.8237791961665213,1.8237791961665215,0.6832992494380128,3.157554878621205,2.157554878621205,0.47550015650513366,1.9065782619433473,0.9065782619433475,0.6889328191337035,3.214739649535134,2.214739649535134
3538808,0,0.029958625507029223,1.0308838636111664,0.030883863611166323,0.05255808935930518,1.0554736799892708,0.05547367998927077,0.0608362798477206,1.0647770761820488,0.06477707618204884,0.08368371986875443,1.091326239294546,0.09132623929454606,0.05947551986217678,1.063236546329407,0.06323654632940688,0.08191315329201161,1.0892215737386175,0.08922157373861751,0.05459755106045419,1.0577505919534014,0.05775059195340148,0.07625807772280359,1.082553444727087,0.08255344472708695
3538907,0,0.31088814644202634,1.4511432285439159,0.4511432285439158,0.29911460028386533,1.426766773005986,0.4267667730059859,0.3080991715234134,1.4452938323571312,0.4452938323571312,0.2466579205604881,1.3274182171584017,0.3274182171584018,0.2626109808861796,1.3561362782453423,0.3561362782453424,0.25271813524879067,1.3381831503872068,0.3381831503872069,0.11192208496568352,1.126027326061091,0.12602732606109085,0.1573448980128212,1.1867251472657852,0.18672514726578518
3539004,0,0.18342452314993316,1.224626538942232,0.22462653894223195,0.20596656806501323,1.259392816198043,0.2593928161980429,0.15382572999398536,1.181789656630533,0.18178965663053304,0.1304677765502461,1.1500436361433881,0.1500436361433881,0.1399895371593501,1.1627765512258526,0.16277655122585244,0.133532949405529,1.1541119761148608,0.15411197611486083,0.18576503029733393,1.2281467109735777,0.22814671097357767,0.1297075419859324,1.1490390279629836,0.14903902796298366
3539202,0,0.49088949178856195,1.9642100955902708,0.9642100955902707,0.45153104162606217,1.823257241329992,0.8232572413299918,0.4873456470909019,1.9506320278476523,0.9506320278476522,0.46614393804104454,1.8731640815888746,0.8731640815888744,0.41189614908283184,1.7003799557518042,0.7003799557518042,0.38474078534589895,1.625331203795461,0.625331203795461,0.5878554854053176,2.426333396632576,1.426333396632576,0.5198252981339871,2.082575354582171,1.082575354582171
3539301,1,0.5832600159956358,1.714501204566511,1.0,0.5791569534091542,1.726647662802962,1.0,0.27317660948597106,3.660635520301949,1.0,0.3397331142405392,2.9434869845863068,1.0,0.24095387228087697,4.15017194176615,1.0,0.3051423672443948,3.277158819440761,1.0,0.24040466898907,4.1596529892914225,1.0,0.35104140670496936,2.8486667979895715,1.0
3539400,0,0.013608378651976206,1.0137961214972393,0.013796121497239307,0.02107449869510901,1.0215281946042034,0.021528194604203344,0.00809253285786474,1.0081585562423285,0.008158556242328521,0.014442420602990641,1.0146540607113252,0.014654060711325361,0.006627741091661106,1.006671961122555,0.006671961122555029,0.012001676214764351,1.0121474661705734,0.012147466170573376,0.005444014642552448,1.0054738141670283,0.005473814167028361,0.009784177834760436,1.0098808538661461,0.00988085386614609
3539509,1,0.8276743685721359,1.2082046248757854,1.0,0.7263916860650976,1.3766677388848614,1.0,0.8661348301268146,1.1545546550224584,1.0,0.783016926892641,1.2771115995773479,1.0,0.8834428100985995,1.1319351842236305,1.0,0.7994190915655525,1.250908328998795,1.0,0.809152306756752,1.2358612731491858,1.0,0.7529175795201154,1.3281666243433534,1.0
3539608,1,0.46103243278145895,2.1690447979264516,1.0,0.4053809743763791,2.4668153248641174,1.0,0.44252516534294467,2.2597584913052975,1.0,0.41527167458251923,2.408062146317395,1.0,0.3567138894239088,2.803367151234271,1.0,0.3576651225777843,2.7959114179004745,1.0,0.5613538618104991,1.7814075363706652,1.0,0.5105182596099657,1.9587937966489128,1.0
3539707,0,0.12712345406467365,1.14563738097517,0.14563738097517007,0.11529886218314356,1.130325210689411,0.1303252106894111,0.10783026545553215,1.1208629493698181,0.12086294936981817,0.11324018467990354,1.127701078379411,0.1277010783794109,0.11304802495998001,1.1274567599388672,0.12745675993886726,0.13857905327483733,1.160872630044195,0.16087263004419503,0.06881051640817819,1.073895289434283,0.07389528943428299,0.10341930588851024,1.1153485755021735,0.11534857550217344
3539905,0,0.2152454203574508,1.274283739071002,0.27428373907100195,0.21410942052752313,1.2724417700378117,0.2724417700378117,0.14657399670289684,1.1717477509902754,0.17174775099027542,0.16705182161322712,1.2005548795805852,0.2005548795805853,0.12514133050982437,1.1430417676294509,0.143041767629451,0.1528655153073064,1.180450115146428,0.1804501151464279,0.14185797596922498,1.165308272985985,0.1653082729859849,0.16430367668876952,1.1966069158205206,0.19660691582052045
3540002,0,0.6860946448260267,3.185673590836887,2.185673590836887,0.6557300327948283,2.9046971715776717,1.904697171577672,0.4975566203779939,1.9902740100831093,0.9902740100831093,0.5300928187717906,2.1280798420366174,1.1280798420366174,0.3252144370718428,1.4819522748243321,0.481952274824332,0.379064489814077,1.6104732030876698,0.61047320308767,0.42552221807959717,1.7407113581610294,0.7407113581610294,0.49198575593240607,1.9684487426831774,0.9684487426831774
3540101,0,0.028531142827940136,1.0293690761338394,0.029369076133839354,0.03957761176529361,1.0412085476662396,0.04120854766623964,0.014118905244805215,1.014321103548812,0.014321103548811935,0.027829385498008005,1.0286260303313775,0.02862603033137758,0.0170809212630894,1.0173777492294065,0.017377749229406606,0.03387778453984953,1.0350657339182643,0.035065733918264175,0.008822249049056687,1.0089007738930706,0.008900773893070698,0.024130190307533134,1.024726854000266,0.024726854000266144
3540200,1,0.9833678138646201,1.0169134945245113,1.0,0.9549647950208263,1.0471590211639075,1.0,0.9788575531985666,1.0215991047240196,1.0,0.9727596915900127,1.0280031220922219,1.0,0.9770682714918918,1.023469934678253,1.0,0.9589272004161254,1.0428320310092893,1.0,0.9880645640836889,1.012079611343394,1.0,0.9726710957510536,1.0280967578540454,1.0
3540259,0,0.06607280715558211,1.070747278440782,0.07074727844078219,0.0789960189775062,1.0857716368281114,0.08577163682811147,0.031678988895151854,1.0327153790239523,0.03271537902395232,0.047086524123504614,1.0494132209434799,0.04941322094347984,0.08411626050158554,1.0918416354325189,0.09184163543251894,0.09507116277958401,1.105059269711865,0.10505926971186495,0.027395464095322206,1.0281671152909442,0.028167115290944067,0.05066088580150247,1.0533643721656556,0.05336437216565563
3540309,1,0.5851679324665447,1.7089111424559684,1.0,0.49461573418238935,2.021771510469682,1.0,0.5665601228701775,1.7650377420387942,1.0,0.527651302688729,1.8951910000114567,1.0,0.5282222873161678,1.8931423834478405,1.0,0.5021672896809933,1.9913682562543247,1.0,0.6579491834897202,1.519874216875024,1.0,0.6148098219953779,1.6265192328165472,1.0
3540408,0,0.05998637794075707,1.0638143709123575,0.0638143709123574,0.0806391499703925,1.0877121860995012,0.08771218609950114,0.04448113188685242,1.0465518090445338,0.0465518090445339,0.08531184766123137,1.093268779575965,0.09326877957596506,0.12885729955978395,1.1479175564401427,0.14791755644014268,0.16941377903917126,1.2039689255176806,0.2039689255176808,0.052518744555451385,1.0554298507265034,0.055429850726503416,0.09086156951941991,1.099942502124115,0.09994250212411496
3540606,0,0.3661840444384055,1.5777450713022,0.5777450713022001,0.43747479906677844,1.7776981339520679,0.7776981339520679,0.2321390880355133,1.3023191888249803,0.3023191888249804,0.3046420493658891,1.4381082420760127,0.4381082420760127,0.36908233652128175,1.5849928728992249,0.5849928728992249,0.3581470976704371,1.5579893716622075,0.5579893716622076,0.24147283704905978,1.3183443505301045,0.31834435053010446,0.2891419833069289,1.406750682298027,0.40675068229802697
3540705,0,0.1952960725542494,1.2426930774081693,0.2426930774081693,0.21555768970147016,1.2747910035850014,0.27479100358500147,0.12967992434025502,1.1490025657996585,0.14900256579965862,0.182543114736769,1.223306107059075,0.22330610705907494,0.07958361834164689,1.0864647999835224,0.08646479998352236,0.12524426984110698,1.1431762782718293,0.14317627827182938,0.08529077667289459,1.093243595339143,0.0932435953391432,0.22532073934065303,1.2908568110483265,0.29085681104832656
3540804,1,0.5125344021777393,1.9510885430344536,1.0,0.5043167240588213,1.9828809006210237,1.0,0.42664557489201194,2.343865866306265,1.0,0.4385926411726947,2.280020014303552,1.0,0.45071956348361786,2.218674495224893,1.0,0.4283795041521476,2.334378723321996,1.0,0.4233979057000777,2.361844464833914,1.0,0.44996466400709967,2.2223967346560833,1.0
3540853,0,0.005476094505583931,1.0055062472358185,0.005506247235818384,0.01211757221716281,1.0122662088892087,0.0122662088892086,0.0005777087734405554,1.0005780427137878,0.000578042713787734,0.0021101939493036927,1.0021146562841994,0.0021146562841994673,0.0001381066004808694,1.0001381256765485,0.00013812567654849665,0.0005002382922530251,1.0005004886558435,0.0005004886558435163,0.0010306540446708525,1.00103171738837,0.0010317173883701335,0.0024435340697067398,1.0024495195541918,0.0024495195541918203
3540903,1,0.6641594652478364,1.5056624987296416,1.0,0.608982693381235,1.6420827896565207,1.0,0.8187103258083515,1.2214332328258504,1.0,0.7861978250325715,1.271944500684126,1.0,0.7534534383090284,1.3272220274743118,1.0,0.7098550627510607,1.4087382797897863,1.0,0.7010306620506747,1.4264711290584235,1.0,0.77379966215837,1.292324162058544,1.0
3541059,0,0.06786723992569792,1.0728085556399585,0.0728085556399585,0.09099087329841572,1.10009896559409,0.10009896559409004,0.08812147509646129,1.0966372961856767,0.09663729618567675,0.10507705045240359,1.117414633858169,0.1174146338581689,0.21889917114851343,1.2802444486845288,0.2802444486845289,0.19602055374983268,1.2438128918146978,0.2438128918146978,0.11764826460409886,1.1333348820936033,0.13333488209360342,0.07462962338461039,1.0806483817404808,0.08064838174048077
3541208,0,0.05533426952574387,1.0585755021492778,0.05857550214927779,0.05838884800550764,1.0620095119751185,0.06200951197511855,0.028548005955402096,1.0293869446255843,0.02938694462558435,0.03666578191037368,1.0380613303481372,0.03806133034813717,0.031218902431676254,1.0322249293571446,0.03222492935714461,0.03899293094576816,1.0405750719233968,0.040575071923396745,0.018237357156472477,1.018576136797842,0.018576136797842216,0.039210829864084,1.0408110656144647,0.040811065614464744
3541307,0,0.7830530824174282,4.609422485200287,3.6094224852002874,0.6614542959703633,2.9538109274382016,1.9538109274382014,0.7851847070485285,4.655162052293493,3.655162052293493,0.6908067977274035,3.234223756052573,2.234223756052573,0.7861320790387325,4.675783051078075,3.675783051078075,0.7000950899027166,3.334390222806353,2.334390222806353,0.7622096649468554,4.205385386149132,3.205385386149132,0.6676407612874921,3.008792545902429,2.008792545902429
3541406,1,0.15272491156222295,6.547720275435101,1.0,0.17763834368910375,5.62941524466229,1.0,0.11623883237420697,8.602976987765208,1.0,0.14556546055337893,6.8697615230867175,1.0,0.35587368172532746,2.80998582180018,1.0,0.3400679747425453,2.9405885713203905,1.0,0.13769965789512928,7.262182167232328,1.0,0.17119966141539392,5.841133047416658,1.0
3541505,0,0.6134198169334675,2.5867854685864606,1.5867854685864604,0.431020704875324,1.7575331977253723,0.7575331977253722,0.494025872244622,1.9763856393927466,0.9763856393927467,0.30169485822692943,1.4320387180035568,0.43203871800355687,0.4841489460937775,1.9385440669891352,0.938544066989135,0.3022504916238834,1.4331790821713593,0.43317908217135936,0.4716317980776641,1.8926195716580776,0.8926195716580775,0.34855958639698287,1.5350598137888822,0.5350598137888823
3541604,1,0.8701161361313275,1.1492718712770418,1.0,0.837830920613414,1.1935582411638075,1.0,0.843666253420026,1.185302832661889,1.0,0.8044707935552492,1.2430532071657145,1.0,0.7911854728105504,1.2639261391487282,1.0,0.713108655901085,1.4023108424289126,1.0,0.6761937944609145,1.4788659821955852,1.0,0.7627831189623921,1.3109886350923603,1.0
3541653,0,0.02963150797109695,1.030536345949508,0.030536345949507968,0.048565757914013186,1.0510447866660069,0.051044786666006925,0.03943572541862814,1.0410547492366555,0.041054749236655516,0.04302045098160927,1.0449544099722265,0.044954409972226606,0.04217246964750913,1.0440292936996591,0.04402929369965927,0.04857379233650514,1.051053662328466,0.05105366232846611,0.02577875904235885,1.0264608878954629,0.026460887895462856,0.03945427713914049,1.0410748558867464,0.04107485588674644
3541703,1,0.6206308291787013,1.6112638189812918,1.0,0.5584750346806197,1.7905903360064777,1.0,0.686258219052487,1.4571774475512944,1.0,0.6416011423352815,1.5586007162646696,1.0,0.6523534615321667,1.5329113110725654,1.0,0.6307988112407275,1.5852915100348481,1.0,0.8232940350134509,1.2146328741269965,1.0,0.6613779013840242,1.5119948790356657,1.0
3541802,1,0.2902160282520982,3.4457090672171384,1.0,0.3657887654931369,2.733818242481705,1.0,0.32680253871599296,3.059951749239769,1.0,0.4145555335221503,2.4122220526253537,1.0,0.48930603827600166,2.0437107286134335,1.0,0.5427857266223077,1.8423476354525448,1.0,0.4025880184449519,2.483928865699056,1.0,0.45805065940306905,2.1831646335870327,1.0
3542008,0,0.1985150284418456,1.2476840308757324,0.2476840308757326,0.19630084254264935,1.2442466695668601,0.24424666956686003,0.16738140835045387,1.2010301115410424,0.2010301115410424,0.16839996292177634,1.2025011488857544,0.2025011488857545,0.06818540366758348,1.0731748611107386,0.07317486111073855,0.09016208983936941,1.0990968708079567,0.09909687080795679,0.21156426539092965,1.2683341914935267,0.26833419149352666,0.15240493600919072,1.1798086639292218,0.17980866392922185
3542107,1,0.35392253091983683,2.8254770822332844,1.0,0.35958904916049417,2.7809523185831875,1.0,0.30507195603014103,3.2779151942147062,1.0,0.36294964661646045,2.7552031234148835,1.0,0.22174910131364492,4.509601139648303,1.0,0.26017239949360255,3.8436052476988025,1.0,0.41315869394244126,2.420377483668089,1.0,0.4253067293770221,2.351244245452625,1.0
3542206,0,0.8182366610527249,5.501659497408739,4.501659497408739,0.7670432763307945,4.29264278896703,3.2926427889670298,0.6279974075439402,2.6881533093566223,1.6881533093566221,0.6434421515185329,2.8045939929772077,1.8045939929772077,0.6745367637475183,3.0725436504424075,2.0725436504424075,0.6738699866350589,3.0662617944365493,2.0662617944365493,0.3749636465873453,1.5999069406764426,0.5999069406764425,0.5771536175150043,2.364925044701036,1.3649250447010361
3542404,0,0.17453751847571847,1.2114420974693134,0.21144209746931344,0.17306737086909482,1.20928835647831,0.2092883564783098,0.1583486671637941,1.1881404579140735,0.18814045791407355,0.13988640693671225,1.1626371307986285,0.16263713079862852,0.16314832133450183,1.1949548832771293,0.1949548832771292,0.14886518228650222,1.174902000468523,0.17490200046852278,0.10868013014825663,1.121931681121766,0.12193168112176586,0.11802687271284039,1.13382139326158,0.13382139326157982
3542503,0,0.0631993683889128,1.0674629865270522,0.06746298652705224,0.0802871940324412,1.0872959401146722,0.08729594011467226,0.08797678706404204,1.0964633200297937,0.09646332002979374,0.100315494399567,1.1115007469564213,0.11150074695642143,0.1592949348004309,1.189477786437051,0.18947778643705088,0.17363642036957297,1.2101210951809227,0.2101210951809227,0.040445308227148064,1.0421500812553188,0.042150081255318765,0.07062288947040644,1.075989486582215,0.07598948658221516
3542701,0,0.29969583183174336,1.4279509468230636,0.42795094682306356,0.2917766209099867,1.4119838874634252,0.41198388746342507,0.3535714531749879,1.5469613848453685,0.5469613848453687,0.37296714100324296,1.5948127528754785,0.5948127528754787,0.27710244814488966,1.3833218793365467,0.3833218793365467,0.3090134853249326,1.4472062460875152,0.44720624608751525,0.32457742331484357,1.480554595772926,0.48055459577292614,0.29856103564927505,1.4256407910353726,0.42564079103537256
3542909,0,0.18051264593940278,1.220275084227907,0.2202750842279071,0.20162761496814724,1.2525483330189369,0.25254833301893687,0.13924311704793782,1.16176822957301,0.16176822957301015,0.15966664624614535,1.1900039377621967,0.19000393776219662,0.13558839457116223,1.1568562866574383,0.1568562866574383,0.15873549716375046,1.1886867883151941,0.18868678831519414,0.15017891028566754,1.1767182670603646,0.1767182670603647,0.1459600522441802,1.1709054156397751,0.17090541563977513
3543105,0,0.014600125814705402,1.0148164478169601,0.014816447816960036,0.03603609947551925,1.037383245841377,0.0373832458413769,0.014094297365404308,1.0142957864304272,0.01429578643042706,0.030200833011474214,1.0311413270288277,0.031141327028827544,0.011283532194648923,1.011412303286194,0.011412303286193788,0.022262104151885,1.0227689897736594,0.02276898977365941,0.01884256316132554,1.0192044237284048,0.019204423728404866,0.026020346313823804,1.0267154926854434,0.02671549268544347
3543204,0,0.23353438462202267,1.3046899690429776,0.30468996904297757,0.13931087140193438,1.1618596851906926,0.16185968519069255,0.30842453398911834,1.445973793385356,0.44597379338535614,0.13416458301072762,1.1549539096901946,0.1549539096901945,0.14397107782416946,1.1681848289170274,0.16818482891702743,0.0944943138893156,1.1043552959840444,0.10435529598404432,0.2494713507593636,1.3323941744419372,0.3323941744419372,0.11434361140518104,1.1291060651485825,0.12910606514858256
3543238,0,0.07799866729403887,1.084597130749391,0.08459713074939092,0.08688704529503966,1.0951547613549235,0.0951547613549236,0.03603718944497923,1.0373844188285959,0.037384418828595785,0.0548455621870692,1.0580281486208547,0.058028148620854786,0.029911418005737166,1.030833697624032,0.030833697624032094,0.046077534217511144,1.0483032278516624,0.048303227851662356,0.02486364123204562,1.0254976045231867,0.02549760452318672,0.05229977447418419,1.0551859892669821,0.05518598926698211
3543402,0,0.02386643582288901,1.0244499694496303,0.024449969449630207,0.027295250818132825,1.0280611879823662,0.028061187982366287,0.05188689571448946,1.054726483032413,0.05472648303241306,0.0627995969174119,1.0670076503497596,0.06700765034975968,0.02089399189153584,1.0213398668974578,0.021339866897457777,0.06945400964027643,1.07463791189238,0.07463791189237988,0.0043713297169672965,1.0043905221368572,0.004390522136857143,0.07875834768027226,1.0854915184110001,0.08549151841100021
3543600,0,0.015524780417685504,1.0157695999948808,0.015769599994880763,0.02863853386535795,1.0294828803322,0.029482880332199955,0.010526102965070557,1.0106380804957191,0.010638080495719206,0.022683088455480206,1.0232095527945306,0.023209552794530682,0.01713580877432899,1.0174345641313476,0.017434564131347533,0.02920089743422388,1.0300792381833144,0.030079238183314434,0.0040215136461263816,1.0040377515189596,0.004037751518959545,0.013180923861023382,1.0133569812134104,0.013356981213410465
3543709,0,0.24357757772895172,1.3220126354764121,0.32201263547641207,0.21957503422664754,1.2813531650785446,0.2813531650785446,0.2866354004824153,1.4018077161051354,0.40180771610513544,0.27297987727495676,1.375477746409224,0.3754777464092241,0.3482030478741669,1.5342201229056136,0.5342201229056136,0.3542833530006567,1.548666903117672,0.5486669031176721,0.28096891200677576,1.390760450693369,0.390760450693369,0.2742612645820162,1.3779063335017627,0.37790633350176284
3543808,0,0.048472372989026756,1.0509416349174145,0.0509416349174145,0.057555787003586885,1.0610707628206382,0.06107076282063811,0.016188832802098388,1.0164552236667608,0.01645522366676071,0.02365348293220056,1.0242265246187774,0.024226524618777348,0.06851750869438285,1.0735574842618298,0.0735574842618297,0.07760542685128183,1.0841347391999123,0.0841347391999123,0.008222718586507015,1.0082908922603953,0.008290892260395295,0.019578424167731034,1.0199693934225296,0.019969393422529617
3543907,0,0.10064516205910576,1.1119081788557856,0.1119081788557857,0.1676157296889265,1.2013682089719044,0.2013682089719045,0.10632265106278523,1.1189720777741845,0.11897207777418438,0.19193318664624873,1.2375214319836512,0.2375214319836511,0.09025989800027531,1.0992150371318936,0.09921503713189356,0.17600192795315506,1.2135950725175353,0.21359507251753523,0.0580757770182228,1.0616565277771248,0.061656527777124964,0.1497248686928438,1.1760899068783381,0.17608990687833806
3544004,1,0.47689171565485666,2.0969120812401263,1.0,0.49425031469373565,2.023266288903942,1.0,0.5155325276330998,1.9397418133656383,1.0,0.5171749042947579,1.9335818341062843,1.0,0.591973109831663,1.68926592000837,1.0,0.5494017824924492,1.820161550010522,1.0,0.7725255432665284,1.2944555797749082,1.0,0.5922889561151574,1.6883650955760388,1.0
3544202,0,0.10921831333028993,1.122609518094849,0.122609518094849,0.15376843133291374,1.1817096372038176,0.18170963720381764,0.06755772980561185,1.0724524530527,0.07245245305269993,0.12193897953962017,1.138873013034659,0.13887301303465885,0.1450798770114871,1.169699920624557,0.16969992062455697,0.19022293847888058,1.234907788226994,0.23490778822699396,0.0883764374316592,1.0969440030517355,0.09694400305173548,0.11677388281151353,1.1322128960398408,0.1322128960398407
3544251,0,0.905638637927405,10.597557920271115,9.597557920271115,0.8659776926696102,7.461444440997535,6.461444440997535,0.9241542082581338,13.184647124568265,12.184647124568265,0.8969455051555782,9.703603918583752,8.703603918583752,0.7406823786385168,3.8562747674058815,2.8562747674058815,0.7059839599489248,3.4011749829236675,2.4011749829236675,0.9283343282075751,13.953682076635479,12.953682076635479,0.8727304709990297,7.857340306432468,6.857340306432468
3544400,0,0.04288280817891665,1.0448041353194426,0.04480413531944252,0.05317268887009984,1.056158803453447,0.05615880345344707,0.015325325916325514,1.0155638469432424,0.015563846943242513,0.03825112350440718,1.0397724649742104,0.039772464974210414,0.030999484549329846,1.0319911951077885,0.03199119510778833,0.06427684364755354,1.0686921587984548,0.06869215879845474,0.011617584939275215,1.0117541396551066,0.011754139655106518,0.03798628592157247,1.03948622079464,0.03948622079464001
3544509,0,0.009271575578870503,1.0093583421554577,0.009358342155457758,0.02114474524001434,1.021601503528935,0.021601503528934942,0.009783456972794338,1.009880118688873,0.009880118688873028,0.020247439151843828,1.0206658700991973,0.020665870099197233,0.03271822283584425,1.0338249139064384,0.03382491390643835,0.04926526762296685,1.0518181001968798,0.05181810019687985,0.004039073377468679,1.0040554536523494,0.004055453652349442,0.013973342720912635,1.0141713640475722,0.014171364047572181
3544608,0,0.06926049805181458,1.0744144821476271,0.0744144821476271,0.09875061985372172,1.1095708047396313,0.10957080473963142,0.034457392551687484,1.0356870761433818,0.03568707614338196,0.053134024094205354,1.0561156757622177,0.05611567576221764,0.04150932714076751,1.04330697034009,0.04330697034008981,0.06556742577798867,1.0701681722007377,0.07016817220073766,0.020823050253656317,1.0212658705446962,0.021265870544696277,0.046084241904234394,1.048310599246446,0.048310599246446144
3544707,0,0.0523419434577572,1.0552329430393272,0.055232943039327194,0.05875571495985476,1.062423449357091,0.062423449357090925,0.04237711024321224,1.0442523990356736,0.044252399035673594,0.04576108954878619,1.0479555895778219,0.04795558957782173,0.06287301104946219,1.067091239277904,0.06709123927790396,0.06345465906823317,1.0677539637377325,0.06775396373773242,0.05622187453117208,1.0595710718589113,0.05957107185891122,0.04694777176899065,1.0492604396467673,0.04926043964676721
3544806,0,0.04334486729954864,1.0453087699192023,0.04530876991920224,0.0667252494504843,1.0714958262946643,0.07149582629466428,0.018612014663901947,1.0189649913612178,0.018964991361217706,0.036704743257637396,1.0381033156768198,0.03810331567681977,0.038766307904866494,1.0403297431453638,0.04032974314536385,0.06470235832934523,1.0691783614612478,0.06917836146124785,0.032815905967030656,1.0339293275907742,0.03392932759077408,0.052268686483183655,1.0551513764900584,0.05515137649005855
3544905,0,0.27578821712270274,1.380811557673081,0.38081155767308106,0.27359866237449293,1.37664944735488,0.37664944735488015,0.14632901067944581,1.171411483475514,0.17141148347551394,0.15686973660279666,1.1860563467034446,0.18605634670344465,0.18171408656521665,1.222066741687469,0.222066741687469,0.21171598923843046,1.2685783123190453,0.2685783123190453,0.08403333006977526,1.0917427815099174,0.09174278150991742,0.13742789482114928,1.1593233701809245,0.15932337018092438
3545100,0,0.07086893998775017,1.0762744278367098,0.07627442783670994,0.06990334206453606,1.0751570726204958,0.07515707262049576,0.00829874728891309,1.0083681928062773,0.008368192806277286,0.017486767128835345,1.0177979965498627,0.017797996549862607,0.007900754535494815,1.0079636735655368,0.00796367356553693,0.015844956561156105,1.0161000613336193,0.016100061333619253,0.012416844386196595,1.0125729608849792,0.012572960884979117,0.019387503369211866,1.0197708100149896,0.019770810014989523
3545159,0,0.10119345318611017,1.1125864665147611,0.11258646651476122,0.11055285043303993,1.1242938947939338,0.12429389479393368,0.03752988673188208,1.0389933008978818,0.03899330089788178,0.067738057850217,1.072659898240632,0.07265989824063179,0.042187339760445065,1.0440455023322555,0.0440455023322554,0.0655002720360778,1.0700912692385574,0.07009126923855728,0.07045076111374174,1.0757902412981937,0.07579024129819362,0.0878426106957516,1.0963020326599051,0.09630203265990521
3545209,0,0.006345290512037216,1.0063858103337597,0.006385810333759691,0.01615004548337808,1.0164151509173092,0.016415150917309138,0.005896730375545619,1.0059317080586339,0.005931708058633834,0.015045599394219487,1.0152754273547748,0.015275427354774931,0.013723693988828115,1.0139146544484388,0.013914654448438774,0.031188933794761748,1.0321929991127439,0.03219299911274394,0.03403246256183161,1.0352314764656467,0.03523147646564678,0.01947539517782908,1.0198622197566996,0.01986221975669969
3545407,0,0.2695260593396835,1.3689742293832465,0.36897422938324637,0.15965736580195952,1.1899907957833467,0.1899907957833467,0.11973441691040038,1.1360207864655467,0.1360207864655467,0.08057953071786256,1.087641654074525,0.08764165407452502,0.02483413267221725,1.025466572922891,0.02546657292289102,0.02995568978407737,1.030880743764591,0.030880743764591042,0.09038641286933785,1.0993679229819533,0.09936792298195325,0.08089421961955799,1.0880140472906978,0.08801404729069787
3545506,1,0.8940382179435388,1.118520416610594,1.0,0.864979945891584,1.1560961670264427,1.0,0.9389742349396792,1.0649919484364139,1.0,0.9191222026025269,1.0879946074292024,1.0,0.8786104858641055,1.1381607846581856,1.0,0.8582265040650549,1.165193565175888,1.0,0.9505020050409609,1.0520756344505617,1.0,0.9181711662344362,1.0891215459326138,1.0
3545605,0,0.22730561694448514,1.2941727310681825,0.2941727310681825,0.2143794259951136,1.2728790883139223,0.2728790883139221,0.14777849748047084,1.1734038592590947,0.1734038592590949,0.11392409970870668,1.1285714910779705,0.12857149107797047,0.22935389145868412,1.297612469480715,0.29761246948071496,0.21282902310796295,1.2703720403263206,0.2703720403263205,0.20101336737295467,1.2515853947543882,0.25158539475438835,0.17381711209765335,1.2103857567650302,0.21038575676503027
3545704,1,0.38420608602488976,2.6027698060337796,1.0,0.36178153950853886,2.764099023290263,1.0,0.48405887044392837,2.065864424884734,1.0,0.41234617812450247,2.425146765148538,1.0,0.34904300456436904,2.8649764840526526,1.0,0.29317605452140405,3.410919768438976,1.0,0.5291909984226186,1.889676889782217,1.0,0.4026029030549425,2.483837032500314,1.0
3545803,0,0.1270505373477251,1.1455416868712063,0.1455416868712062,0.15147335316500726,1.1785133722435275,0.1785133722435275,0.09833155465733483,1.1090551135123348,0.10905511351233482,0.13937987532519283,1.1619528422924792,0.1619528422924792,0.16015242707226973,1.1906922544456182,0.19069225444561833,0.19387962369362036,1.2405095186676351,0.24050951866763523,0.1491854215624307,1.1753442234574705,0.17534422345747047,0.18550109694118208,1.2277487375913463,0.22774873759134626
3546207,0,0.10850101181754529,1.1217062646798421,0.12170626467984215,0.11282510842876572,1.1271734688398884,0.1271734688398884,0.0312992811322202,1.032310579028787,0.03231057902878702,0.03921666082041906,1.0408173822559272,0.04081738225592715,0.022900743446448813,1.023437479143342,0.02343747914334198,0.03139402701615485,1.0324115562899574,0.0324115562899574,0.017042607994672408,1.0173380943398815,0.01733809433988166,0.03675931305917517,1.0381621266185503,0.03816212661855034
3546256,0,0.047249777068210354,1.0495930370111213,0.04959303701112134,0.06285044598183041,1.0670655454215923,0.06706554542159218,0.06715887330980226,1.0719939027003322,0.0719939027003321,0.07382479306223559,1.0797093168865146,0.0797093168865147,0.08163792150104401,1.0888951356032466,0.08889513560324651,0.10778119836676578,1.120801308120238,0.12080130812023794,0.032854652604818554,1.0339707497878228,0.033970749787822684,0.06187980377294617,1.0659614876876282,0.06596148768762822
3546306,0,0.2555826089312193,1.3433323992663206,0.3433323992663206,0.23473890303022896,1.3067435466924062,0.3067435466924062,0.20029413130811594,1.250459749202224,0.25045974920222397,0.2088119404260562,1.2639220067836991,0.2639220067836992,0.15284531688961403,1.1804219700804015,0.18042197008040145,0.16552530745434837,1.1983586907224186,0.19835869072241874,0.120365642696132,1.1368359952026657,0.13683599520266568,0.19309354545427249,1.2393010297122735,0.2393010297122736
3546405,0,0.8387473384098167,6.201448026584871,5.201448026584871,0.7926345921711049,4.822405098661089,3.8224050986610894,0.8539531405436103,6.847117450674142,5.847117450674142,0.7991065897034734,4.977764071623655,3.9777640716236555,0.6762453281898677,3.08875851708622,2.08875851708622,0.6529610669576278,2.881521076708427,1.8815210767084267,0.7309868400737225,3.71729026295237,2.71729026295237,0.7274942451631667,3.6696472725824245,2.6696472725824245
3546504,0,0.053170055778266334,1.0561558663229336,0.05615586632293358,0.058140552289550375,1.0617295419511725,0.061729541951172515,0.05575565432463532,1.0590479091349565,0.05904790913495643,0.061101379908073815,1.0650777182973084,0.06507771829730825,0.07809004418365759,1.0847046326932326,0.08470463269323261,0.08580472978953392,1.093858207962266,0.09385820796226604,0.04827446095389426,1.0507230908212033,0.05072309082120327,0.07311564117480356,1.07888323983315,0.07888323983315013
3546702,0,0.23964403833636636,1.3151734850766912,0.31517348507669113,0.2798208920677423,1.3885434734022626,0.3885434734022625,0.19679069669779903,1.2450054996733002,0.24500549967330013,0.29099528015458004,1.4104278462603521,0.4104278462603521,0.16815507824097367,1.2021471476743424,0.20214714767434236,0.23006533094463746,1.2988114968597348,0.29881149685973485,0.48423446458271374,1.9388654947464412,0.9388654947464413,0.37485838469923305,1.5996375469562716,0.5996375469562715
3546900,0,0.04841649182985823,1.0508799190130578,0.05087991901305779,0.060636291504542965,1.0645503876253233,0.06455038762532331,0.013777328601414281,1.0139697950584285,0.013969795058428667,0.023826705080621652,1.024408273822518,0.024408273822517843,0.023339373187451558,1.0238971169172884,0.023897116917288314,0.03386403930615259,1.0350510080194433,0.03505100801944328,0.005520199581628377,1.005550841333636,0.005550841333636001,0.02463950878547354,1.0252619508452636,0.025261950845263614
3547007,0,0.019698626348246154,1.020094459599568,0.02009445959956797,0.03341035472496409,1.034565189983447,0.03456518998344683,0.02317292782884501,1.0237226511109478,0.023722651110947877,0.03960730532332223,1.0412407399003136,0.041240739900313676,0.023308982776048558,1.023865257655691,0.02386525765569102,0.04115483165598954,1.0429212484087151,0.042921248408715126,0.009907397668876796,1.0100065364043225,0.010006536404322513,0.028224406730005782,1.029044160941552,0.02904416094155189
3547106,0,0.06748878293355727,1.072373159376965,0.07237315937696501,0.08124564311115023,1.0884302126046725,0.0884302126046726,0.022561890650925082,1.0230826795426977,0.023082679542697774,0.03638850885691803,1.0377626348288482,0.03776263482884813,0.04605066495357016,1.0482737009836365,0.048273700983636425,0.06253041367552228,1.06670127179345,0.06670127179345017,0.017117396303438448,1.0174155043939743,0.017415504393974383,0.03263282893131348,1.0337336534743709,0.03373365347437083
3547205,0,0.016702262637843638,1.0169859667150765,0.016985966715076517,0.02939530060070045,1.0302855535511966,0.030285553551196484,0.005069038631416186,1.0050948646973892,0.00509486469738909,0.011182061374958141,1.0113085138711246,0.011308513871124621,0.007291359019000975,1.0073449134197077,0.007344913419707541,0.013469734782011649,1.0136536457693321,0.013653645769332087,0.002596109330202787,1.0026028666566154,0.0026028666566153,0.010632030480469885,1.0107462853134745,0.010746285313474572
3547403,0,0.03238779705532323,1.0334718774285394,0.033471877428539416,0.04700684860697854,1.0493254841740123,0.04932548417401225,0.015304097069684943,1.015541952621253,0.015541952621253043,0.02579952982221255,1.0264827729117234,0.02648277291172344,0.026609746500468965,1.0273371819830759,0.0273371819830758,0.03777819627241378,1.0392614219778262,0.03926142197782615,0.01014122028805825,1.0102451182895094,0.01024511828950938,0.027368694941684504,1.0281388176581912,0.028138817658191224
3547502,1,0.3105981032865444,3.2195946769109636,1.0,0.3458498858687322,2.8914278733622347,1.0,0.11998558845572437,8.334334255226059,1.0,0.1845415278104078,5.418834513104112,1.0,0.11938158357930295,8.37650138336219,1.0,0.17532726638863713,5.703619411845284,1.0,0.08097833033988423,12.348982694540323,1.0,0.12990383877469752,7.698001917667567,1.0
3547601,0,0.353498021686252,1.5467856766784696,0.5467856766784697,0.36087684121214536,1.564643662571351,0.564643662571351,0.18553417385769833,1.2277985986673947,0.2277985986673948,0.2957069515155513,1.4198635101565689,0.41986351015656903,0.1189530767388235,1.135013327438363,0.135013327438363,0.20020355288633035,1.2503181323308339,0.2503181323308339,0.08518370889936762,1.093115644887436,0.09311564488743584,0.19337273760354842,1.2397299801509896,0.23972998015098962
3547700,0,0.29435355603165264,1.4171402811531155,0.4171402811531156,0.22535481255839837,1.2909135901336601,0.2909135901336601,0.1698171961988756,1.2045539794625237,0.20455397946252374,0.14007466357384496,1.1628916577292565,0.16289165772925648,0.08718901008373098,1.095517046844198,0.09551704684419796,0.09089178904058856,1.0999790651375456,0.09997906513754562,0.17180137543408563,1.2074398222094758,0.20743982220947577,0.1467103386788223,1.171934977451462,0.17193497745146197
3547908,0,0.010990124540144806,1.011112249546583,0.01111224954658292,0.022741929961360603,1.023271161076686,0.02327116107668614,0.010391859899642976,1.0105009846610489,0.010500984661048896,0.022938310696521788,1.0234768295058974,0.02347682950589733,0.025287768528983123,1.0259438300992894,0.025943830099289217,0.044857564673358656,1.046964267332566,0.046964267332566145,0.004180690401213856,1.0041982419510405,0.004198241951040545,0.012177489403909307,1.012327608728577,0.012327608728577093
3548005,0,0.03325726411043911,1.034401359199081,0.034401359199081036,0.07193267450596057,1.0775080347405492,0.07750803474054917,0.05790723441968569,1.0614665949419702,0.06146659494197023,0.0828878401042012,1.0903791746841727,0.09037917468417256,0.1050725875968972,1.1174090614955587,0.11740906149555878,0.1251813908004436,1.1430941105779429,0.14309411057794297,0.05216591466424135,1.055036968464541,0.05503696846454115,0.06676806060841847,1.071544980181398,0.07154498018139815
3548054,0,0.15805438608702901,1.1877251730696308,0.1877251730696308,0.227797942169594,1.294997843970553,0.29499784397055295,0.09804904033938058,1.1087077288284874,0.10870772882848738,0.1674401774208857,1.2011148903416782,0.2011148903416783,0.1751534126824688,1.2123466537602854,0.2123466537602854,0.22169391505332126,1.2848415544232952,0.2848415544232953,0.10990687153358071,1.1234779463166333,0.1234779463166333,0.1577351277909559,1.1872749689503934,0.1872749689503935
3548302,0,0.02735002093130784,1.028119078311702,0.028119078311701972,0.03762143683157868,1.039092139280117,0.03909213928011688,0.005495665211916703,1.005526034447188,0.005526034447187967,0.013345261773968713,1.0135257666708852,0.013525766670885297,0.0033359848498690477,1.0033471508945435,0.0033471508945434702,0.0066589807932360585,1.0067036200705308,0.006703620070530875,0.006681835865372331,1.006726783126123,0.006726783126123041,0.015207607998153131,1.015442450735469,0.015442450735468934
3548401,0,0.025597550364314714,1.0262699979601706,0.026269997960170623,0.0364848525440153,1.037866402661492,0.03786640266149215,0.0049535137677647004,1.004978173217335,0.004978173217335087,0.013807161568627994,1.0140004682964334,0.014000468296433304,0.00513274015457309,1.0051592210958582,0.005159221095858121,0.013091435331881477,1.0132650944581516,0.01326509445815167,0.006594695972795609,1.0066384746951331,0.006638474695133109,0.015302594255053098,1.0155404027326307,0.015540402732630663
3548906,0,0.6529144775937685,2.881134289518399,1.881134289518399,0.6417659895086157,2.7914714145324027,1.7914714145324027,0.6161288293537184,2.6050406398490673,1.6050406398490673,0.6009626924154373,2.5060313434178916,1.5060313434178916,0.6204739507300514,2.6348652534485764,1.6348652534485764,0.6285348874996217,2.6920428496471027,1.692042849647103,0.3455605222795062,1.528025178864733,0.528025178864733,0.5456647330655886,2.2010177786712775,1.2010177786712772
3549003,0,0.0045613035953764765,1.004582204420876,0.004582204420876168,0.010180806222892486,1.0102855211203199,0.010285521120319932,0.005292421509069281,1.0053205802624912,0.005320580262491219,0.009316429977385694,1.0094040420768995,0.009404042076899518,0.008019192511448007,1.0080840198226724,0.008084019822672378,0.010830324410375807,1.0109489045991225,0.01094890459912256,0.007032023719964942,1.0070818232691743,0.007081823269174376,0.009177399336253958,1.0092624041176554,0.009262404117655445
3549102,1,0.3242334446974844,3.084197563064532,1.0,0.37576392039510675,2.6612453876586235,1.0,0.26858847436545324,3.7231679518733043,1.0,0.27752560064646514,3.603271185327086,1.0,0.2743014122423742,3.6456246864540187,1.0,0.26999330791076814,3.703795504185224,1.0,0.26827042044890953,3.7275820357930365,1.0,0.24413125677816433,4.096157178712572,1.0
3549201,0,0.01452707415009223,1.0147412209600417,0.014741220960041648,0.02564941310960351,1.0263246242725246,0.02632462427252459,0.013347152340387459,1.013527708729618,0.01352770872961806,0.021416910267954215,1.021885632904017,0.021885632904016933,0.017113666373393083,1.0174116434300677,0.017411643430067743,0.023067783548765014,1.0236124709169283,0.023612470916928224,0.005968097741918749,1.0060039297816914,0.0060039297816915005,0.014214986715969132,1.0144199663460225,0.014419966346022564
3549250,0,0.018309555530212265,1.0186510479279456,0.018651047927945637,0.03271687548310747,1.033823473865987,0.03382347386598711,0.006525601360958361,1.0065684645421138,0.006568464542113786,0.018537141830931962,1.0188872576039334,0.01888725760393342,0.013873516701242716,1.0140686990322312,0.014068699032231131,0.022948635991249078,1.023487645416197,0.02348764541619691,0.007598656167310586,1.007656837845427,0.007656837845426836,0.02085579566278225,1.0213000246239516,0.021300024623951613
3549300,0,0.035979816251113406,1.0373226793978472,0.03732267939784716,0.048207788853605715,1.050649488710925,0.050649488710925075,0.0112163389822361,1.0113435723348128,0.011343572334812877,0.024953107121369136,1.0255916995414447,0.025591699541444697,0.053397999798930944,1.0564101911760049,0.05641019117600491,0.07420944692473265,1.0801579219816249,0.0801579219816249,0.015532804005500408,1.015777878703017,0.015777878703016928,0.03026132624871843,1.0312056506230254,0.031205650623025324
3549409,1,0.8830811534486734,1.132398756439005,1.0,0.7995207832027899,1.2507492250471752,1.0,0.9483753403127907,1.0544348397652163,1.0,0.8912933735067199,1.1219650338760883,1.0,0.9249256737701883,1.0811679558248104,1.0,0.8716770646274445,1.1472138485453909,1.0,0.9417371283861232,1.0618674467191531,1.0,0.900166187153349,1.1109059796640015,1.0
3549508,0,0.08204676115711813,1.0893801096671782,0.08938010966717813,0.10218233185181552,1.1138118968660689,0.11381189686606877,0.08482764510580014,1.0926903491480648,0.09269034914806489,0.09866220175948472,1.1094619597137514,0.10946195971375144,0.1743980584034296,1.2112374615618928,0.21123746156189277,0.17289184449357617,1.2090317249836784,0.20903172498367825,0.10307159710875835,1.1149161926152722,0.11491619261527215,0.11081638220830896,1.1246271073724052,0.12462710737240539
3549706,0,0.10447868070717449,1.1166679993611757,0.11666799936117558,0.13555903455330037,1.1568169949965876,0.15681699499658752,0.01979043562160295,1.0201900046079975,0.020190004607997393,0.03679775238790887,1.0382035574347293,0.038203557434729286,0.03015230809794438,1.0310897353777375,0.03108973537773748,0.04410358172988199,1.0461384527517072,0.046138452751707214,0.00880169578079268,1.0088798535503207,0.008879853550320595,0.03578786756671089,1.0371161763712686,0.03711617637126853
3549805,0,0.014011789598164709,1.0142109098773648,0.014210909877364826,0.027959465797278538,1.0287636830085602,0.028763683008560137,0.02908445605241971,1.0299557013313096,0.029955701331309592,0.04547264798445089,1.0476389156250288,0.04763891562502878,0.06869885798341636,1.0737665346728342,0.07376653467283416,0.11389234741450915,1.1285310504679575,0.1285310504679576,0.19248828246827546,1.238372123015928,0.2383721230159279,0.06950704144500872,1.0746991589844481,0.07469915898444804
3550100,1,0.5227192256981399,1.9130729287112167,1.0,0.5283266515327405,1.8927684172261179,1.0,0.7231680777638636,1.382804400177811,1.0,0.6962936017320059,1.4361757705550289,1.0,0.7029435585886386,1.422589321406953,1.0,0.6909686859112839,1.4472435877193917,1.0,0.7333546875043896,1.3635966566232856,1.0,0.6730952802489802,1.485673766171851,1.0
3550407,0,0.16400750661649777,1.196182989577708,0.19618298957770802,0.19551682285935568,1.2430340725759816,0.24303407257598167,0.0732348009758857,1.0790219583698244,0.07902195836982451,0.1467549159209218,1.1719962044426155,0.1719962044426155,0.096018770012751,1.1062176589818191,0.1062176589818191,0.16228828970872208,1.193728090123383,0.1937280901233831,0.1132688116803206,1.1277374847894552,0.12773748478945524,0.17579316934028288,1.2132876879940115,0.21328768799401157
3550506,0,0.11111130576244312,1.125000246355646,0.12500024635564602,0.1251912268403098,1.143106963123079,0.14310696312307905,0.11771983439983978,1.1334268172284734,0.13342681722847335,0.09129463389001773,1.1004667049352146,0.10046670493521458,0.10268778060616622,1.1144392981470101,0.11443929814701004,0.10269629441597855,1.1144498721858476,0.11444987218584746,0.0785111733917334,1.0852003530858971,0.08520035308589718,0.06305797931698581,1.0673019012115794,0.06730190121157942
3550803,0,0.004694302886097013,1.00471644329949,0.004716443299489921,0.009335576649865835,1.0094235509319045,0.009423550931904544,0.005440929306202667,1.0054706949707946,0.005470694970794558,0.008423889723273766,1.0084954544950895,0.00849545449508949,0.013329004638479854,1.01350906705593,0.013509067055929878,0.017574579960363813,1.0178889711136085,0.017888971113608564,0.0024692334714010453,1.002475345677802,0.002475345677801962,0.0059822473320209,1.0060182499919788,0.0060182499919788504
3550902,0,0.2758228022862012,1.3808775022977302,0.3808775022977302,0.3215013169656548,1.473842212232239,0.473842212232239,0.31661009242708754,1.4632934857811135,0.46329348578111346,0.38483821302146565,1.6255886193966307,0.6255886193966308,0.3829793018914033,1.6206911746484043,0.6206911746484042,0.44945176820309907,1.8163712863742396,0.8163712863742396,0.2683489066126404,1.3667716880873542,0.3667716880873543,0.28496999064625117,1.3985427001921358,0.3985427001921358
3551207,0,0.0022847138148832237,1.0022899456854262,0.002289945685426049,0.004674102328792943,1.0046960521571167,0.004696052157116655,0.002364454775278247,1.0023700586718225,0.0023700586718225277,0.0052643785845730914,1.005292238933881,0.005292238933881059,0.003788509321488243,1.0038029167068812,0.0038029167068811052,0.006783102666570357,1.0068294273735994,0.0068294273735993675,0.0010037958319719295,1.0010048044504913,0.0010048044504912795,0.00298960109359862,1.0029985656086213,0.0029985656086213815
3551306,1,0.3413455345046582,2.9295827802497687,1.0,0.3695619744627232,2.7059060972217734,1.0,0.3567180968873778,2.8033340857268523,1.0,0.3472649110385633,2.8796459654080957,1.0,0.35374090017012494,2.826927843286058,1.0,0.34133023198546686,2.929714119324121,1.0,0.3520603980052189,2.8404217164612082,1.0,0.38802248444915,2.577170241615339,1.0
3551405,0,0.16140805818417356,1.1924750884615851,0.19247508846158504,0.15485202340093082,1.183224746066441,0.18322474606644096,0.30780461033752987,1.4446787929165812,0.4446787929165813,0.30955939557308976,1.4483505077602363,0.44835050776023644,0.32052428479984507,1.4717229440722945,0.47172294407229465,0.3255140550729136,1.482610582950105,0.48261058295010506,0.2851540820129327,1.3989028612150396,0.3989028612150396,0.2761267133681102,1.3814572501395932,0.38145725013959314
3551504,1,0.4830292878617022,2.070267839092841,1.0,0.3517584847682027,2.842859641776565,1.0,0.9114047746137893,1.0972073307644818,1.0,0.8419645955480445,1.1876983964498988,1.0,0.8590934021993583,1.1640177860054657,1.0,0.8255537353386421,1.2113081889088662,1.0,0.761145902191223,1.3138085577563414,1.0,0.8186895369233258,1.2214642485331466,1.0
3551702,1,0.877918409837117,1.1390580135864028,1.0,0.8306812211805181,1.2038312345364632,1.0,0.8403694943107661,1.1899527609818294,1.0,0.8080648946392549,1.2375243704237775,1.0,0.8936481846329102,1.1190085955478963,1.0,0.8438041656365026,1.1851091055537453,1.0,0.8499623781634914,1.1765226622861755,1.0,0.8203847877543502,1.2189402033371595,1.0
3551900,1,0.06700354489322544,14.924583491717728,1.0,0.10168266785492293,9.834517731446258,1.0,0.06841417493796911,14.616853903546984,1.0,0.10934264275122929,9.14556274513273,1.0,0.05334998023674535,18.74414939916397,1.0,0.06844906361074418,14.609403653595546,1.0,0.09539857622180668,10.48233673503625,1.0,0.12756979837839952,7.838845970688019,1.0
3552304,1,0.21275732509431267,4.7001906964035784,1.0,0.241964323034432,4.132840690971197,1.0,0.2811545291670117,3.556762905305996,1.0,0.2646732760301594,3.7782431796629536,1.0,0.3359643115260293,2.976506627914625,1.0,0.29359531664505334,3.4060488819341956,1.0,0.2580028034481223,3.875926876124329,1.0,0.24646015953246506,4.057450915786958,1.0
3552403,0,0.004295783218820823,1.0043143165876187,0.004314316587618595,0.008097987228200135,1.0081641000057766,0.008164100005776663,0.006602763063641667,1.0066466493142308,0.006646649314230649,0.011323197618132408,1.0114528808513086,0.011452880851308701,0.0035135373178315364,1.0035259257896734,0.0035259257896734586,0.012360445098050803,1.0125151377713684,0.012515137771368343,0.021054151824484706,1.0215069626820765,0.021506962682076674,0.01552863708983415,1.0157735792780507,0.015773579278050728
3552551,1,0.5478759486180581,1.8252306977927444,1.0,0.5117000531096864,1.9542698772900913,1.0,0.6702586103362085,1.4919614378372401,1.0,0.6755783233349185,1.480213271295635,1.0,0.4992144385138114,2.0031471905681544,1.0,0.4901109500610398,2.040354331759895,1.0,0.6817584989685465,1.4667950623467563,1.0,0.684479454415179,1.4609642313579778,1.0
3552601,0,0.09105006545421493,1.1001706056557603,0.10017060565576025,0.12111836278458832,1.137809640861688,0.1378096408616881,0.06597418758379008,1.0706342230661945,0.07063422306619446,0.09346635332596201,1.103103016274,0.1031030162740001,0.10389966400833767,1.1159464625056277,0.11594646250562769,0.1345485217030425,1.1554662798286601,0.15546627982866026,0.04663841406794893,1.048919963585855,0.048919963585855014,0.11955759245319235,1.1357926326905559,0.13579263269055586
3552700,0,0.08174357953497355,1.0890204279688855,0.08902042796888553,0.11638012649799365,1.13170836237165,0.13170836237164985,0.09121541587707152,1.1003707781477212,0.10037077814772119,0.13389050479240047,1.1545884273677292,0.15458842736772904,0.11994769177107235,1.1362960935952349,0.1362960935952348,0.14701082808676252,1.1723478244829535,0.17234782448295355,0.0679702163498267,1.072927086174897,0.07292708617489689,0.12728347830722128,1.1458474489062427,0.14584744890624257
3552908,0,0.10335794990403836,1.1152722537304343,0.11527225373043418,0.14617053233643879,1.1711940590858538,0.1711940590858538,0.11869172190014392,1.1346767355414487,0.13467673554144877,0.1636333950875964,1.1956479301379261,0.19564793013792608,0.14761091237052887,1.1731731606056113,0.17317316060561128,0.18027450393754263,1.2199205768314993,0.21992057683149943,0.15372704169024304,1.1816518419745785,0.1816518419745785,0.16497658343911573,1.1975712059891517,0.19757120598915173
3553104,0,0.030451071719088132,1.0314074626157137,0.03140746261571381,0.04171130299804026,1.0435268652636054,0.04352686526360538,0.025744091505627405,1.0264243627174021,0.026424362717402092,0.026742361032163042,1.0274771653069417,0.027477165306941703,0.0277801408166148,1.028573928576144,0.02857392857614397,0.03421986941507488,1.0354323601525635,0.0354323601525635,0.03375016861795278,1.03492902924462,0.034929029244620116,0.03649879824607866,1.0378814247243675,0.03788142472436737
3553203,0,0.048516364699406,1.0509902250542424,0.05099022505424241,0.06507221825521871,1.0696013312747854,0.06960133127478532,0.03217114081651445,1.033240526474542,0.033240526474542016,0.04235715554436935,1.0442306396268717,0.0442306396268717,0.04414450721206113,1.0461832437488066,0.0461832437488067,0.05897238486345543,1.0626680704315978,0.06266807043159775,0.0215944502971834,1.0220710627650698,0.022071062765069715,0.043181222142299434,1.0451299902777633,0.04512999027776335
3553302,0,0.37642089796305506,1.6036457872521093,0.6036457872521093,0.3966182044395731,1.6573254403063158,0.6573254403063158,0.3264356568002919,1.4846391589697105,0.48463915896971044,0.3667628362424692,1.579187162778248,0.5791871627782482,0.2034516550612924,1.2554165812458595,0.2554165812458596,0.25746280571482494,1.3467338844388514,0.34673388443885156,0.2940725275475312,1.4165761201018163,0.41657612010181627,0.310565726686507,1.4504645891680081,0.4504645891680083
3553401,1,0.6636494418192613,1.5068196203988378,1.0,0.6468760171216732,1.5458912891060335,1.0,0.648327129016242,1.542431212954761,1.0,0.6152238956242558,1.6254245114866992,1.0,0.6041786127634995,1.6551396869644597,1.0,0.5820858057804732,1.7179597751214333,1.0,0.6123042169566739,1.6331750987610119,1.0,0.6187777551577617,1.6160891235416877,1.0
3553609,0,0.14226261978035776,1.1658580155897234,0.1658580155897232,0.1531092088122922,1.1807897906146396,0.18078979061463965,0.06021271307062546,1.0640705762974962,0.06407057629749621,0.09118575605705762,1.1003348667395914,0.10033486673959137,0.058655547239990495,1.0623103977168116,0.06231039771681152,0.08921690645519033,1.0979562610324198,0.09795626103241994,0.050976773227933266,1.0537149900970513,0.05371499009705133,0.0631564408638749,1.0674140738311872,0.06741407383118717
3553658,0,0.0031140777624048778,1.0031238055357579,0.0031238055357578585,0.011471926023362052,1.0116050583947636,0.011605058394763576,0.002052549340091257,1.002056770963976,0.002056770963976085,0.008442816952912945,1.0085147050490502,0.008514705049050119,0.0013711735791234715,1.001373056277614,0.0013730562776139853,0.004272411334974821,1.0042907431546642,0.004290743154664274,0.007822076056654645,1.0078837432963297,0.007883743296329676,0.009759222673590804,1.0098554037533578,0.009855403753357967
3553708,0,0.5044781055384608,2.018074299394286,1.0180742993942862,0.5326059149343589,2.139522154756322,1.139522154756322,0.437793478749605,1.7787057997404851,0.7787057997404853,0.4304069366133404,1.7556393577798282,0.7556393577798282,0.4628695120116334,1.861744999329955,0.8617449993299551,0.42399484717540037,1.7360955802152551,0.7360955802152551,0.6269741790237282,2.6807795701188475,1.6807795701188473,0.4935762813807217,1.9746310514965921,0.9746310514965923
3553807,0,0.036902250809682166,1.038316205017306,0.03831620501730599,0.03725429161226058,1.0386958791794028,0.038695879179402856,0.07823921864732378,1.0848801774062338,0.08488017740623373,0.07038851785713879,1.0757182104666836,0.07571821046668353,0.08230006593026304,1.0896808018338693,0.08968080183386934,0.07502101766810611,1.081105645750973,0.08110564575097301,0.06726044219188661,1.0721106354167556,0.07211063541675551,0.06768367868795645,1.0725973332663592,0.0725973332663592
3553906,0,0.11692555461058925,1.1324073584294791,0.13240735842947918,0.09646974773724448,1.1067698037732001,0.1067698037732002,0.045158146201584905,1.0472938487372996,0.04729384873729952,0.05450572371435165,1.057647862162081,0.05764786216208107,0.04241716741445884,1.0442960817289608,0.04429608172896072,0.04933429685415866,1.0518944742519971,0.05189447425199718,0.04983127890778918,1.0524446635651283,0.05244466356512825,0.06018503557927019,1.0640392394862177,0.0640392394862176
3553955,1,0.9211062211538229,1.085651119311029,1.0,0.8685196325944534,1.1513844505883957,1.0,0.9518512047170408,1.0505843718475647,1.0,0.8769333533950847,1.1403375138241207,1.0,0.913516781153383,1.094670640573702,1.0,0.8267004673768902,1.2096279601401303,1.0,0.9325682070908407,1.0723076257548108,1.0,0.8748136099204048,1.1431006429940949,1.0
3554003,0,0.33538074776896204,1.5046208737455826,0.5046208737455825,0.39573916979922885,1.654914483978286,0.6549144839782862,0.3406000503062945,1.5165302946481947,0.5165302946481947,0.3860481199231878,1.628792145525947,0.6287921455259472,0.35457214290883105,1.5493598378397022,0.5493598378397022,0.3470249228644941,1.5314520186388052,0.5314520186388052,0.5422638489700613,2.184664675818,1.1846646758179997,0.42728625753228716,1.7460729957189314,0.7460729957189315
3554201,0,0.0010609928732203708,1.0010621197747318,0.0010621197747318677,0.002742279929892553,1.002749820708031,0.0027498207080309893,0.0015715555879962859,1.0015740292624793,0.001574029262479405,0.0031404119428078275,1.003150305198878,0.003150305198877873,0.004921205401360702,1.0049455434364327,0.004945543436432739,0.007854058455711896,1.0079162330125413,0.007916233012541431,0.0006787587821068561,1.0006792198085168,0.0006792198085168678,0.0017958055650328303,1.001799036284404,0.001799036284404059
3554300,0,0.8594663736535897,7.11573468925534,6.11573468925534,0.7250501002908961,3.637026240264124,2.637026240264124,0.7973532293753145,4.934694971537753,3.9346949715377533,0.7203496709994588,3.575894237542859,2.575894237542859,0.7567129600962862,4.110371026733573,3.1103710267335734,0.7153656520234173,3.5132794306408566,2.5132794306408566,0.8391584640611309,6.217299493957016,5.217299493957016,0.753371358593057,4.054679109025204,3.054679109025204
3554409,0,0.28941761215474715,1.4072963488897716,0.4072963488897717,0.23531431641832473,1.3077268496987509,0.3077268496987508,0.05809067392043897,1.0616733185584069,0.061673318558406735,0.07444360450785027,1.080431192383762,0.08043119238376185,0.08494124144283507,1.0928259968537624,0.09282599685376236,0.09752321596257589,1.1080617448421053,0.10806174484210529,0.02982485586637723,1.0307417233338947,0.030741723333894685,0.07007794863327138,1.0753589492046953,0.07535894920469534
3554508,0,0.5654000753557441,2.300966804857491,1.3009668048574914,0.6023844416112104,2.5149921297148974,1.5149921297148972,0.4042957877744154,1.6786854607993174,0.6786854607993176,0.5373325105236483,2.1613794414900487,1.1613794414900485,0.3898272611857211,1.638880166857757,0.638880166857757,0.46534040730004994,1.8703489353855065,0.8703489353855064,0.3165232013984655,1.463107455945989,0.46310745594598873,0.5478098916844326,2.2114592548807717,1.2114592548807714
3554706,0,0.11881515878353749,1.1348356817163525,0.13483568171635243,0.146212372301562,1.171251453591226,0.171251453591226,0.10281990351697111,1.114603415657601,0.11460341565760097,0.12356325567654164,1.140983655097577,0.14098365509757688,0.07872512926075849,1.0854523788297716,0.08545237882977155,0.10683763949031655,1.1196172658119512,0.11961726581195116,0.03268488487074015,1.033789283718959,0.033789283718959104,0.06315115714881037,1.067408053743886,0.06740805374388596
3554755,0,0.010694505350023305,1.0108101141738903,0.010810114173890337,0.020882522853521674,1.0213279032812093,0.021327903281209225,0.009434410930647326,1.0095242667772368,0.009524266777236891,0.019328856458423506,1.01970982483345,0.01970982483344993,0.010053432220354996,1.0101555301544243,0.010155530154424271,0.017116982339269473,1.017415075885641,0.017415075885641028,0.0037490622574608465,1.0037631706183947,0.0037631706183946555,0.017478236037319024,1.0177891591600234,0.017789159160023348
3554904,0,0.01706989458741252,1.0173663361142524,0.01736633611425238,0.022844754260632434,1.0233788380712698,0.02337883807126971,0.011903156404145748,1.0120465483533254,0.012046548353325486,0.0186675082072051,1.0190226129913436,0.01902261299134349,0.017055254260131693,1.0173511830996096,0.017351183099609636,0.026088839014292355,1.0267876989805595,0.026787698980559497,0.009861130198404193,1.0099593405522804,0.009959340552280477,0.020294312033788665,1.0207147026735324,0.020714702673532488
3555000,0,0.18619895512351484,1.2288015680193372,0.22880156801933724,0.22652592675196026,1.2928681575591963,0.2928681575591963,0.19151675465130769,1.2368840118247695,0.23688401182476954,0.22679351896608232,1.293315594901401,0.2933155949014009,0.23892959479071815,1.3139388854898602,0.3139388854898601,0.2539376547375826,1.3403705552895362,0.34037055528953614,0.1935063538754699,1.2399353730873544,0.2399353730873544,0.21027202276313295,1.2662587990093013,0.26625879900930116
3555109,0,0.1666265143225927,1.1999421834102995,0.1999421834102994,0.15583591176884454,1.1846038157052856,0.18460381570528545,0.22692524693163585,1.2935359692331958,0.2935359692331959,0.185661274118578,1.227990230868147,0.2279902308681469,0.2809851149920958,1.3907917914508916,0.3907917914508917,0.22948345319347674,1.2978306619690285,0.29783066196902847,0.3867552731128785,1.6306703607156618,0.630670360715662,0.20308356370032193,1.2548367111654763,0.2548367111654765
3555208,0,0.020964508742736827,1.0214134307999545,0.02141343079995446,0.04034022468810547,1.0420359649595552,0.04203596495955526,0.034649755380948735,1.0358934548098886,0.03589345480988851,0.05250364928307175,1.055413035884882,0.055413035884881855,0.0692206163538717,1.074368446025002,0.07436844602500196,0.07924626910398064,1.0860667368970236,0.08606673689702367,0.021624845545448586,1.0221028155171261,0.02210281551712598,0.04561994569180515,1.0478006067770076,0.04780060677700757
3555307,0,0.011365333212486114,1.0114959889575963,0.011495988957596256,0.025576217667914854,1.026247530213911,0.026247530213911012,0.007396050434027044,1.007451159586118,0.007451159586117956,0.016069483001381803,1.0163319286512225,0.0163319286512224,0.024729381635733745,1.0253564304820442,0.025356430482044168,0.04448171176247456,1.0465524441656915,0.04655244416569154,0.003383748126280686,1.0033952367522796,0.003395236752279491,0.01300283923952272,1.0131741404701753,0.013174140470175299
3555356,1,0.7302088928770261,1.3694711331986056,1.0,0.6757974832201925,1.4797332408445414,1.0,0.8271521626598983,1.2089674006101485,1.0,0.771294538697078,1.2965215619045696,1.0,0.7221736364509694,1.384708537567742,1.0,0.6663498040969816,1.5007132797992966,1.0,0.9267384953132358,1.079053050086154,1.0,0.8296435888190542,1.2053368620897047,1.0
3555604,0,0.39653985549628945,1.6571102650406289,0.6571102650406289,0.40920800897543314,1.6926431217623208,0.6926431217623209,0.24840909371286726,1.3305110421572433,0.33051104215724336,0.280054195964935,1.3889934414442324,0.3889934414442326,0.19688179409548776,1.2451467201814328,0.24514672018143277,0.2776133326196106,1.3843001887428619,0.3843001887428618,0.13220893375622905,1.1523511118044747,0.1523511118044747,0.23500628863952977,1.3072002882502038,0.30720028825020396
3555703,0,0.01908587075269575,1.0194572289088557,0.01945722890885579,0.03164056245437251,1.0326743988105984,0.03267439881059832,0.0027362761224859504,1.0027437838727824,0.0027437838727823066,0.010515705519239282,1.0106274607670833,0.010627460767083197,0.01253454644232693,1.0126936556587038,0.012693655658703859,0.02589859824220898,1.0265871686412464,0.02658716864124648,0.0015987035497835788,1.001601263495418,0.001601263495417842,0.013950458191966336,1.0141478268590711,0.014147826859070985
3555802,0,0.05073798415362487,1.053449925633426,0.05344992563342607,0.061049344681288975,1.0650186932992414,0.06501869329924137,0.07274091353537313,1.0784472372362652,0.07844723723626519,0.05013755634049624,1.0527840180177384,0.05278401801773837,0.15157256927886167,1.1786511890003715,0.1786511890003715,0.11032922766008685,1.1240112984378605,0.12401129843786055,0.04957654868427336,1.0521625898599636,0.05216258985996363,0.04193864891390995,1.043774491963763,0.04377449196376298
3555901,0,0.004195525326584416,1.004213201921954,0.004213201921953988,0.011962348103438625,1.0121071783858404,0.012107178385840477,0.001817548766456647,1.0018208582651504,0.0018208582651503635,0.0057623556235543005,1.0057957528123653,0.005795752812365365,0.010178780433108131,1.010283453447848,0.010283453447847864,0.018300036206771505,1.0186411702981644,0.01864117029816451,0.0011812474035108628,1.0011826443991367,0.0011826443991366196,0.004781415715238183,1.0048043874890806,0.004804387489080566
3556008,0,0.1420561107155109,1.1655773908873963,0.16557739088739631,0.16829399853297158,1.2023479429463313,0.20234794294633127,0.13470105253930412,1.1556699600000642,0.1556699600000641,0.10967346219464957,1.1231834136551675,0.12318341365516747,0.2569076983413698,1.3457278426488004,0.34572784264880035,0.22194117879887362,1.2852498715408849,0.2852498715408849,0.19533619549336095,1.2427550417942894,0.24275504179428925,0.13810638685553833,1.160236002157717,0.16023600215771686
3556107,0,0.2583701948354719,1.348381622524129,0.34838162252412896,0.20581427565620747,1.259151316055529,0.25915131605552905,0.3064702987356215,1.4418993132909714,0.4418993132909715,0.23215698247993724,1.302349539141145,0.30234953914114515,0.23246509150961892,1.302872337060005,0.30287233706000516,0.1851885039154419,1.227277725959114,0.22727772595911402,0.35368714812185764,1.5472383027725136,0.5472383027725136,0.27640593791550155,1.3819903346349238,0.381990334634924
3556305,1,0.792809204929614,1.2613375245671883,1.0,0.7622002746292417,1.311991130528563,1.0,0.9008829990589445,1.110022057297776,1.0,0.8722201394793512,1.1464995529648325,1.0,0.88600540710175,1.128661283536793,1.0,0.8607937268449187,1.1617185032996422,1.0,0.9498096764276456,1.0528425060493452,1.0,0.9001766948705456,1.1108930121144827,1.0
3556404,0,0.17917780664361507,1.2182906457620835,0.21829064576208354,0.1908288515884364,1.2358324959596512,0.23583249595965122,0.049230543443562993,1.051779685500068,0.05177968550006813,0.08058035330778346,1.0876426271699613,0.08764262716996128,0.04101204474259291,1.0427659643875138,0.042765964387513754,0.06893955885121894,1.0740441283985371,0.0740441283985371,0.03225395388131841,1.033328944107474,0.03332894410747391,0.08770499428618968,1.0961366594543247,0.09613665945432458
3556800,0,0.24961160428114815,1.3326432094435934,0.3326432094435935,0.2210095435814112,1.2837127743483576,0.2837127743483576,0.1256459461500241,1.1437014509131365,0.14370145091313638,0.12768327454621142,1.1463726085038541,0.14637260850385414,0.14718297054446874,1.1725844647338193,0.1725844647338194,0.1448527285758839,1.16938921916298,0.16938921916297997,0.13624592850231268,1.1577369450381543,0.15773694503815427,0.15640429980934933,1.1854019642039455,0.18540196420394547
3556909,1,0.43879565030952244,2.2789651613333204,1.0,0.4620564909263379,2.1642375329371193,1.0,0.5949225215310388,1.680891147685064,1.0,0.42970483426669487,2.3271788452334548,1.0,0.4082962821787761,2.4492018263397783,1.0,0.33359035201035353,2.997688614114845,1.0,0.831912216031631,1.2020499047004953,1.0,0.4166281774530626,2.4002217183513954,1.0
3556958,0,0.0028424440642778057,1.002850546583494,0.0028505465834940055,0.006941184967248692,1.0069897017801708,0.006989701780170765,0.0012598443050332937,1.0012614335148633,0.0012614335148631722,0.0031641537682165523,1.0031741974169344,0.0031741974169344086,0.0011320556815454762,1.001133338684042,0.0011333386840418611,0.002391154122210788,1.0023968854447225,0.002396885444722403,0.0011443756483019221,1.0011456867443127,0.0011456867443126958,0.002745872756910289,1.0027534333344914,0.002753433334491438
3557105,0,0.28066462229187567,1.3901721380451237,0.3901721380451239,0.28989242883079136,1.4082373440315201,0.40823734403152007,0.36063333380802903,1.5640477567526927,0.5640477567526928,0.3114529125812925,1.4523334979876215,0.45233349798762135,0.4546108750468917,1.8335532452833165,0.8335532452833165,0.39112099919178256,1.6423624376478974,0.6423624376478972,0.5143199461477873,2.0589686400922065,1.0589686400922065,0.33244056625039137,1.497993960452493,0.49799396045249317
3557154,0,0.02307239517777322,1.0236173029238658,0.02361730292386583,0.04567100708616383,1.047856669372181,0.0478566693721809,0.02298333457573647,1.023523994409815,0.023523994409815,0.04834660916789958,1.0508027498600374,0.050802749860037376,0.09927195909456633,1.1102130216738626,0.11021302167386257,0.13533678466261517,1.1565196509600653,0.1565196509600652,0.01823367451714679,1.0185723160836455,0.01857231608364555,0.048394541077811895,1.0508556782898502,0.050855678289850034
3557204,0,0.12597289134000791,1.1441292725269612,0.14412927252696117,0.14017098467050212,1.163021928978271,0.16302192897827106,0.14298577070315854,1.1668417697340623,0.16684176973406237,0.14340482999911736,1.167412606352858,0.16741260635285812,0.11746948932560422,1.1331053010686718,0.1331053010686719,0.11780797263472151,1.1335400558839355,0.13354005588393536,0.13985996947869722,1.1626013957214998,0.16260139572149976,0.1385911379839874,1.1608889159320155,0.16088891593201549
3557303,0,0.01144416602902894,1.0115766511468132,0.011576651146813218,0.02328853891256266,1.0238438268008383,0.023843826800838387,0.012075549423071995,1.0122231506832533,0.012223150683253277,0.017565703956589098,1.0178797747873136,0.01787977478731353,0.007317107095039265,1.0073710417972719,0.007371041797271915,0.013051286100702228,1.0132238746724118,0.013223874672411704,0.00999456677982062,1.0100954665948765,0.01009546659487656,0.017720326631475925,1.018040001347791,0.01804000134779105
4100103,0,0.0016177097323449375,1.0016203309575045,0.0016203309575045124,0.003708910769636834,1.003722717998514,0.003722717998513843,0.0026591614085632494,1.0026662514013953,0.0026662514013953676,0.005004033021621248,1.0050291993009957,0.005029199300995745,0.01807221352344976,1.018404829532626,0.018404829532626073,0.021039333425102155,1.0214915002649827,0.0214915002649828,0.001213026125791622,1.0012144993452272,0.0012144993452271394,0.0031116650935484953,1.0031213777758172,0.0031213777758172844
4100608,0,0.008951016564866689,1.0090318609014068,0.009031860901406754,0.02145961044596653,1.0219302245211836,0.02193022452118372,0.006998346688750924,1.0070476687177854,0.007047668717785451,0.019108086823662836,1.0194803184397625,0.019480318439762417,0.05234024310235404,1.0552310496688182,0.05523104966881817,0.07481704114452783,1.0808672927104954,0.08086729271049556,0.0033642063145162215,1.0033755624028668,0.00337556240286699,0.01284304391970945,1.013010133637416,0.013010133637416073
4100707,0,3.654867356248583e-06,1.0000036548807143,3.654880714352797e-06,7.380125642687882e-06,1.0000073801801095,7.380180109344354e-06,4.631998826408396e-06,1.000004632020282,4.632020281920905e-06,1.441078020351159e-05,1.000014410987877,1.4410987877090402e-05,0.0014001726533459187,1.0014021358856693,0.0014021358856693077,0.0010067629735598207,1.0010077775666997,0.001007777566699558,4.222378599130348e-06,1.0000042223964276,4.222396427686661e-06,2.3534120689258384e-05,1.0000235346745572,2.3534674557129794e-05
4100806,0,0.004491428775244908,1.0045116927217606,0.004511692721760486,0.00849207439123708,1.0085648073725917,0.008564807372591745,0.0020124613204479417,1.0020165194879194,0.0020165194879193087,0.004780044044405702,1.0048030026084194,0.004803002608419342,0.0061908620322358296,1.0062294275587922,0.006229427558792119,0.0096927196938662,1.0097875880412288,0.009787588041228867,0.0008953844503629245,1.000896186882162,0.0008961868821618315,0.003347376322797914,1.003358618884128,0.0033586188841279456
4100905,0,0.038938547004048994,1.0405161885149639,0.04051618851496382,0.0628139472611384,1.0670239885426902,0.06702398854269008,0.17309519400343135,1.2093290457960522,0.20932904579605216,0.18923485238542923,1.2334027960404996,0.23340279604049963,0.26088399229524695,1.3529675850282215,0.3529675850282214,0.23010438187028992,1.2988773756490228,0.2988773756490227,0.23551661871339563,1.308072908422192,0.30807290842219187,0.16808445273763978,1.202045091344628,0.202045091344628
4101101,0,0.3886608637018866,1.635753284266035,0.6357532842660348,0.3164062294407288,1.4628570988613108,0.4628570988613109,0.18968056559709914,1.2340812246924187,0.2340812246924188,0.15738757871637593,1.1867852582526779,0.18678525825267786,0.1065006639314274,1.1191950118284744,0.11919501182847425,0.09595189916797847,1.106135834011123,0.10613583401112305,0.10888964841802945,1.1221954702071633,0.12219547020716326,0.13907927112955606,1.161547127935963,0.16154712793596293
4101705,0,0.03205227613120644,1.0331136437855306,0.03311364378553067,0.03791863096073281,1.03941312261207,0.03941312261207,0.06006834648181242,1.063907142883182,0.06390714288318208,0.05399829658276258,1.057080548996587,0.05708054899658721,0.12089652630922873,1.1375225214406952,0.1375225214406952,0.08925838511232183,1.0980062661607157,0.09800626616071571,0.03549393078749033,1.0368001113942913,0.036800111394291235,0.03877876966900955,1.0403432305127678,0.04034323051276793
4102109,1,0.09333105809772883,10.714546908413702,1.0,0.09826206497743319,10.176867341732127,1.0,0.10522155624657976,9.503756033189303,1.0,0.10036684721241267,9.96344936374894,1.0,0.11035651332953374,9.061540364309234,1.0,0.10525174328544847,9.501030280210614,1.0,0.14921937249558684,6.701542723814732,1.0,0.11944131733654875,8.372312214058296,1.0
4102208,0,0.006640330808443561,1.006684719557668,0.00668471955766815,0.013195266184542106,1.0133717094500783,0.013371709450078246,0.007606311658814295,1.007664611079428,0.007664611079428026,0.0118814023972277,1.0120242675586235,0.012024267558623637,0.03597296447465662,1.037315306676076,0.03731530667607602,0.0393310590293109,1.0409413246873263,0.040941324687326315,0.00867431123804425,1.0087502133117094,0.008750213311709295,0.015005987009089854,1.0152345971764076,0.015234597176407745
4102406,1,0.11733670615875653,8.522482288253432,1.0,0.13497037934166975,7.409033040268469,1.0,0.18178420057318512,5.501028124814437,1.0,0.13111564974048803,7.6268546277981315,1.0,0.17113745260752555,5.843256311015268,1.0,0.11995623184003529,8.336373897885736,1.0,0.09444752718994101,10.587889696560563,1.0,0.1081642254008588,9.245200955250962,1.0
4102505,0,0.0027552344801788395,1.0027628467708654,0.0027628467708653787,0.004761468405984537,1.0047842484538438,0.004784248453843895,0.0025851452349478815,1.0025918455320748,0.0025918455320748457,0.0054137306678019095,1.0054431986794237,0.005443198679423644,0.008501356630338165,1.0085742493821734,0.008574249382173478,0.012183268431704336,1.0123335311524453,0.012333531152445365,0.0021879041441548387,1.0021927015649958,0.0021927015649957876,0.0044529496309419795,1.0044728670827674,0.0044728670827674415
4102703,0,0.012206046735102562,1.012356875332916,0.01235687533291597,0.02278834366424102,1.0233197624245398,0.023319762424539887,0.004621421801375383,1.0046428785013024,0.004642878501302439,0.010475534201358636,1.0105864327395926,0.010586432739592621,0.010251866824206908,1.0103580562373093,0.010358056237309449,0.016113451288745494,1.0163773468697705,0.016377346869770427,0.0012295275814165458,1.0012310411805019,0.0012310411805018324,0.005717984396619127,1.005750867768788,0.005750867768788077
4103206,0,0.024989889050058143,1.0256303896435606,0.02563038964356048,0.04813212722954268,1.0505659751804122,0.05056597518041218,0.01783399602189547,1.018157822557146,0.018157822557145892,0.04394585091670518,1.045965859735918,0.04596585973591801,0.02325364380176669,1.0238072490920531,0.023807249092053225,0.042877806568228496,1.0447986755113154,0.04479867551131552,0.011872467614966414,1.0120151166988638,0.012015116698863716,0.034492935739965876,1.0357252028667459,0.035725202866745784
4103404,0,0.019179177125561993,1.0195542107980076,0.019554210798007555,0.03268761441503621,1.0337922008465434,0.03379220084654348,0.013683130971490272,1.0138729564515792,0.013872956451579009,0.024013414452081806,1.0246042464186131,0.024604246418613113,0.02583156446544962,1.0265165278643782,0.0265165278643782,0.03645151928829599,1.0378304984315598,0.03783049843155985,0.012071751072283707,1.0122192589243058,0.012219258924305707,0.024404842105970763,1.0250153374670825,0.025015337467082486
4103479,0,1.1524852827874852e-06,1.000001152486611,1.152486611011343e-06,4.071928295607128e-06,1.0000040719448764,4.071944876274688e-06,1.2129927387069735e-06,1.00000121299421,1.2129942100601423e-06,6.699520205744446e-06,1.0000066995650896,6.699565089616133e-06,0.00019058527000367115,1.0001906215996728,0.00019062159967271332,0.0002882715525542609,1.0002883546770047,0.00028835467700468733,5.2645801165219e-07,1.0000005264582887,5.264582888103739e-07,9.026801814907721e-06,1.0000090268832988,9.026883298794265e-06
4103602,0,0.40356111772159375,1.6766177218024145,0.6766177218024145,0.356023984129479,1.552852863080947,0.5528528630809472,0.15845060866344493,1.1882843838931336,0.1882843838931337,0.19528583587809772,1.2426772692527317,0.24267726925273161,0.056417390162684676,1.0597906209530628,0.05979062095306281,0.08286845196589535,1.0903561240953121,0.0903561240953122,0.09129859519109244,1.1004715021985596,0.1004715021985597,0.16662240153345137,1.199936261593837,0.19993626159383684
4103800,0,0.009374849011243358,1.009463568537389,0.009463568537388932,0.015591177785416691,1.0158381126149825,0.015838112614982334,0.009216887735721,1.0093026290230738,0.00930262902307373,0.014806629937155874,1.0150291611647888,0.015029161164788776,0.015563982442891174,1.0158100497800897,0.015810049780089725,0.020061150364181133,1.0204718390046854,0.020471839004685435,0.0057352450212036655,1.0057683277944676,0.005768327794467556,0.01139436138655481,1.0115256892551572,0.011525689255157203
4105102,0,0.0707424220673936,1.076127893651166,0.07612789365116604,0.10165907307999134,1.1131631322069817,0.1131631322069816,0.16442744648545968,1.196784164096647,0.19678416409664704,0.19710424424458514,1.2454917003006662,0.24549170030066614,0.18787067526715592,1.2313309833122421,0.23133098331224203,0.19522936403757168,1.242590068913357,0.2425900689133571,0.1128829731297074,1.1272469918968337,0.12724699189683378,0.16087193228733807,1.1917132062163658,0.19171320621636573
4105508,0,0.3966380328314076,1.6573799052875642,0.6573799052875641,0.47489000864750763,1.904362926754381,0.9043629267543809,0.5404440761316154,2.1760137299120026,1.1760137299120028,0.6142855271596157,2.592591334818329,1.592591334818329,0.5580494348830078,2.2626965070975356,1.2626965070975353,0.5782907773948808,2.371302182633036,1.3713021826330358,0.45309548882847617,1.8284727581747324,0.8284727581747325,0.5669495246113669,2.309199635683505,1.3091996356835047
4105607,1,0.3370709218807551,2.966734699096257,1.0,0.3276353720154631,3.052173499608595,1.0,0.5321802819691898,1.8790624791654613,1.0,0.513606014828997,1.947017696692952,1.0,0.3740612224569429,2.673359172147568,1.0,0.3596756130233379,2.7802830211207956,1.0,0.5030927843565511,1.987704914668944,1.0,0.4379077117945188,2.283586182810213,1.0
4105904,1,0.44769919087227505,2.2336426341348736,1.0,0.42946085264212025,2.3285009421646246,1.0,0.6512240590444941,1.5355698029142935,1.0,0.6010501758075166,1.663754608600672,1.0,0.6057749398443267,1.6507780930273908,1.0,0.5402412633552757,1.85102484358433,1.0,0.717527791725106,1.3936742402628952,1.0,0.6342883147935668,1.5765701127971377,1.0
4106001,0,0.0038008307975359447,1.0038153322297776,0.0038153322297777154,0.006305106323460606,1.006345112935151,0.006345112935151099,0.009637226823879125,1.009731006743087,0.009731006743086952,0.013241799071389924,1.0134194973590576,0.013419497359057612,0.03027917374125584,1.0312246297298524,0.031224629729852425,0.03487276914655574,1.0361328206600475,0.03613282066004748,0.004184454531497142,1.0042020377674747,0.004202037767474774,0.0073480039069946275,1.0074023967472143,0.007402396747214282
4106100,0,0.0050415103300241034,1.005067055944913,0.005067055944913194,0.007412293243142539,1.007467645622331,0.007467645622331126,0.007180691847558812,1.0072326271141134,0.007232627114113559,0.009519147895675241,1.0096106329319252,0.009610632931925284,0.025451658798816598,1.0261163635735566,0.026116363573556605,0.02799668236161631,1.0288030728430415,0.02880307284304144,0.003733881564569747,1.0037478756885094,0.0037478756885093714,0.006624932581130783,1.0066691150185043,0.006669115018504181
4106407,0,0.12767113678805225,1.1463566576462487,0.1463566576462486,0.12940963817389262,1.1486458429225535,0.14864584292255353,0.10462612909178712,1.1168518900218305,0.11685189002183047,0.09142996379000964,1.1006306175046237,0.10063061750462371,0.11145398556110869,1.125434117929718,0.12543411792971787,0.0962096306519391,1.1064512678104093,0.10645126781040923,0.054643733209776814,1.0578022647433323,0.05780226474333235,0.07702332812934715,1.0834510020423802,0.0834510020423802
4106605,0,0.4677796143385981,1.8789208886789976,0.8789208886789975,0.48096644098974317,1.9266576941708669,0.9266576941708669,0.4831087112471203,1.934642780327624,0.9346427803276242,0.5337638722820204,2.144835933016515,1.1448359330165152,0.4967365264805937,1.987030755494396,0.9870307554943961,0.5190078361581938,2.079035949385842,1.079035949385842,0.4176958645866429,1.7173156417481654,0.7173156417481654,0.47336461513671796,1.898846960804972,0.8988469608049722
4106704,0,0.01091934323786966,1.0110398916035983,0.011039891603598225,0.02494776527149662,1.025586080809756,0.025586080809755957,0.010654157967867103,1.0107688914383905,0.010768891438390528,0.025667458123087628,1.026343632199375,0.02634363219937511,0.19843282735639614,1.2475560802994912,0.24755608029949122,0.20808721007235614,1.2627653104218317,0.2627653104218317,0.005303388617657194,1.0053316645065142,0.005331664506514208,0.023729627591822258,1.0243064096406902,0.024306409640690113
4107108,0,0.35654764552911,1.5541166227020782,0.5541166227020782,0.3056701141264246,1.440237587846077,0.44023758784607675,0.3410170049756779,1.5174898404822896,0.5174898404822896,0.2947184377450785,1.4178734473120305,0.41787344731203047,0.13445521521741083,1.1553417195520204,0.1553417195520204,0.13241353934300634,1.1526228743158742,0.15262287431587404,0.20645025624800495,1.260160447247937,0.26016044724793713,0.26707373955320085,1.3643937377689128,0.3643937377689128
4107256,0,0.2557261552947481,1.343591484658474,0.3435914846584741,0.2977772014115901,1.4240494640877142,0.42404946408771416,0.3623808454536779,1.5683343150371927,0.5683343150371927,0.3550127165453182,1.5504181642834856,0.5504181642834857,0.3275497131471053,1.4870987782309624,0.4870987782309625,0.31038241554705576,1.450079032995184,0.450079032995184,0.20844806314778455,1.263340980475299,0.2633409804752992,0.29658570716560195,1.4216373056204388,0.42163730562043883
4107504,0,0.1914245029016477,1.2367428936303315,0.23674289363033157,0.1976069229897917,1.2462719690031394,0.24627196900313944,0.23001349836569776,1.2987240657823123,0.2987240657823122,0.1958043395318962,1.2434784831068637,0.24347848310686357,0.2172349485547446,1.2775225441576035,0.2775225441576034,0.1952918317472472,1.2426865284234414,0.24268652842344146,0.27752207805959406,1.3841253409020928,0.3841253409020928,0.1964940069062764,1.2445457888244484,0.24454578882444838
4107702,0,0.05716131570847267,1.060626824780132,0.06062682478013205,0.04886371698600805,1.0513740437187056,0.051374043718705686,0.025600998899553282,1.0262736300741693,0.02627363007416936,0.024170558094520775,1.0247692445590937,0.024769244559093743,0.02889972993391626,1.0297597795250841,0.029759779525084077,0.034076259243912964,1.0352784156824217,0.03527841568242169,0.030757958070980397,1.0317340320997268,0.031734032099726944,0.023884983886113115,1.0244694359699578,0.024469435969957837
4107801,0,0.02622544306860813,1.0269317398795579,0.02693173987955804,0.033934901937639685,1.0351269308928592,0.03512693089285911,0.016148495056529127,1.0164135491742292,0.016413549174229266,0.01539706891534018,1.0156378459064492,0.01563784590644925,0.027329670027202806,1.0280975672692383,0.02809756726923822,0.024282899141983515,1.0248872333185817,0.024887233318581645,0.01130753830764774,1.0114368610521138,0.01143686105211376,0.015571788990510673,1.015818105186708,0.01581810518670779
4108007,1,0.2399999270248503,4.1666679335967345,1.0,0.2277832536587863,4.390138361523167,1.0,0.22137217422200978,4.517279570092309,1.0,0.25670163436535104,3.8955731718355495,1.0,0.11254174957398573,8.885591380846563,1.0,0.14801753517691446,6.755956304803844,1.0,0.14074427961608474,7.105084503098459,1.0,0.24165941235977714,4.13805524988707,1.0
4108106,0,0.00782133461390205,1.007882990117368,0.007882990117368068,0.013862152901227965,1.014057013369896,0.014057013369896069,0.006186275489861909,1.0062247837167988,0.006224783716798833,0.012162632651356264,1.012312383650763,0.01231238365076306,0.005870421590742439,1.0059050869406139,0.00590508694061383,0.00967289662135266,1.0097673754341894,0.009767375434189514,0.004486523914421546,1.0045067435270316,0.004506743527031738,0.012857449921093072,1.0130249171409593,0.013024917140959344
4108601,0,0.041512164562641736,1.0433100588529636,0.043310058852963663,0.03594932831131421,1.0372898742431695,0.037289874243169534,0.054455046607509924,1.0575911768257367,0.057591176825736765,0.052414447652343855,1.0553136838383472,0.0553136838383472,0.11475979415077038,1.129636897863986,0.12963689786398586,0.09621999371446058,1.1064639547735922,0.10646395477359223,0.09919537767777578,1.1101186375154866,0.11011863751548656,0.07220256934797666,1.0778214801664574,0.07782148016645749
4108908,0,0.057803470932930354,1.0613496963209632,0.06134969632096326,0.08717596594696193,1.0955013920480283,0.09550139204802832,0.04737948163758969,1.0497359449269859,0.04973594492698599,0.07474535217626492,1.080783546834454,0.08078354683445398,0.24227273594543566,1.3197360678947265,0.31973606789472664,0.2646081793168912,1.359819312473581,0.359819312473581,0.025766641768900145,1.0264481210289127,0.026448121028912655,0.06497091521613378,1.0694854483923908,0.06948544839239085
4109005,0,0.0036155993650239986,1.0036287193604394,0.0036287193604394538,0.0065514912762966795,1.006594696372048,0.006594696372047977,0.0027298038354997343,1.002737276062193,0.0027372760621931307,0.006027178063480313,1.0060637252150797,0.006063725215079614,0.008112904597085328,1.0081792621707513,0.008179262170751182,0.012022294886839032,1.0121685892552221,0.012168589255222134,0.002419613208027151,1.0024254819361558,0.0024254819361557048,0.005217375357634907,1.0052447391303307,0.005244739130330718
4109104,0,0.013719761343399759,1.0139106116148968,0.01391061161489687,0.031024229673918078,1.0320175494826642,0.03201754948266429,0.010849463395347364,1.0109684653587603,0.01096846535876037,0.027022603242088168,1.027773104834841,0.027773104834840998,0.033734082249544356,1.034911799774621,0.03491179977462105,0.05372178378204074,1.056771658547476,0.056771658547476095,0.005801389894384565,1.0058352424107375,0.005835242410737502,0.023738667381112046,1.024315894308168,0.02431589430816792
4109203,0,0.04539254286085739,1.0475510038407767,0.04755100384077664,0.05668420717039123,1.06009038288266,0.06009038288266006,0.054549568457653984,1.0576969099994649,0.0576969099994649,0.06335353007452948,1.0676386791694956,0.06763867916949558,0.07521300640587177,1.0813300867409057,0.08133008674090561,0.08136031358325752,1.0885660774145438,0.08856607741454386,0.05422165653500828,1.0573301946588878,0.057330194658887654,0.06711925594960536,1.0719483775152074,0.07194837751520738
4109708,0,0.09635081835053562,1.1066241416549096,0.10662414165490959,0.11197451657105387,1.1260938099869442,0.12609380998694428,0.22366494971259396,1.288103634673961,0.288103634673961,0.21709810360419898,1.2772992434986308,0.2772992434986307,0.1933582261980882,1.2397076775316764,0.2397076775316765,0.19242438543750745,1.2382741404862183,0.2382741404862183,0.18257128032552014,1.2233482576905599,0.22334825769055985,0.15292347035683732,1.1805308788584397,0.18053087885843971
4109906,0,0.2932804093055359,1.4149883676174044,0.4149883676174045,0.26675611777755226,1.3638027186384696,0.3638027186384695,0.4971595899319851,1.9887025385742938,0.9887025385742937,0.4465034708883533,1.8066960629454794,0.8066960629454794,0.45557948393257375,1.8368154220627322,0.8368154220627322,0.4306537423171087,1.7564004092514292,0.7564004092514292,0.41831803770184167,1.7191525005333073,0.7191525005333075,0.4202214860566762,1.724796583437645,0.7247965834376452
4110003,0,0.008477807714882348,1.0085502954758319,0.00855029547583188,0.012430922512023565,1.0125873954494844,0.012587395449484302,0.0027771187464779496,1.0027848526128753,0.0027848526128753438,0.00966452382131946,1.0097588383469924,0.009758838346992373,0.012963755144846599,1.0131340213821114,0.013134021382111472,0.024023169597826376,1.0246144876082017,0.024614487608201802,0.0015612447086558424,1.0015636860051573,0.0015636860051573935,0.010237437712413814,1.0103433268770567,0.01034332687705682
4110300,0,0.014607349572951936,1.0148238872764288,0.014823887276428766,0.029842120150499755,1.0307600657277856,0.030760065727785606,0.012536614117111397,1.012695776163794,0.012695776163794104,0.035720269123994494,1.0370434719099033,0.037043471909903376,0.023540287538305917,1.0241077918913417,0.024107791891341743,0.04654281560901636,1.0488147935439234,0.04881479354392339,0.015240916867367145,1.0154767974506862,0.015476797450686133,0.032898862667068526,1.0340180167275959,0.03401801672759574
4110409,0,0.21062522543250373,1.2668253815786128,0.2668253815786129,0.28988425364581993,1.408221131743833,0.40822113174383284,0.4945078247513468,1.9782699890618423,0.9782699890618423,0.48424072089066156,1.938889013740856,0.938889013740856,0.38083878508552327,1.6150882450512143,0.6150882450512144,0.3675263373018305,1.581093504722302,0.5810935047223021,0.37368086732918987,1.596630132845701,0.5966301328457012,0.49438726834210805,1.9777982977624475,0.9777982977624478
4110607,0,1.4224221749874764e-05,1.0000142244240813,1.4224424081237161e-05,2.495620800939107e-05,1.0000249568308373,2.49568308372527e-05,1.6434656963728554e-05,1.0000164349270662,1.643492706611711e-05,4.0967660037540915e-05,1.0000409693384555,4.096933845547072e-05,0.0021171085642824054,1.002121600222283,0.002121600222282984,0.001664543240529894,1.001667318564376,0.0016673185643760362,6.067328487706044e-06,1.0000060673653004,6.067365300404377e-06,4.921947544962494e-05,1.0000492218981256,4.922189812563132e-05
4110904,0,0.02702785649959329,1.0277786539729254,0.027778653972925373,0.043988058630852596,1.0460120388955136,0.046012038895513516,0.03294005790500792,1.0340620642745766,0.03406206427457657,0.052140881596062776,1.0550091048170331,0.055009104817033104,0.1046737944551704,1.116911348966351,0.11691134896635093,0.1152926056187337,1.1303172171397589,0.13031721713975877,0.03656292664024192,1.0379505082908398,0.03795050829083979,0.05447696783866129,1.0576156962714427,0.05761569627144275
4111001,0,0.03367806877502083,1.034851810444091,0.034851810444090914,0.03443644423113992,1.0356646064626154,0.03566460646261533,0.01666192236871451,1.0169442460815212,0.016944246081521213,0.02102317118983734,1.0214746361416833,0.02147463614168342,0.01637668527280078,1.0166493463784383,0.01664934637843831,0.020191483586501895,1.020607581224555,0.020607581224555003,0.016616789416682185,1.0168975728259846,0.016897572825984624,0.022303175540281345,1.0228119545674155,0.022811954567415332
4111100,0,0.034962854415703674,1.0362295426405943,0.0362295426405943,0.036569335754627716,1.0379574131401261,0.03795741314012611,0.01938271354805872,1.0197658289486096,0.019765828948609544,0.016062092515652843,1.0163242948497828,0.01632429484978285,0.04981082624464883,1.0524220098696617,0.05242200986966182,0.035619541380192264,1.0369351546496182,0.03693515464961814,0.03609346460984759,1.0374449838077282,0.03744498380772814,0.017119776884608237,1.017417968621186,0.01741796862118605
4111308,0,0.04904171219421577,1.0515708342028054,0.051570834202805366,0.054632455729115764,1.057789646006148,0.057789646006147916,0.08769087290436273,1.0961196926567305,0.09611969265673048,0.0773176787958768,1.0837966405327626,0.08379664053276248,0.06802283198907529,1.0729876592730843,0.07298765927308416,0.06352381270157063,1.0678328115152886,0.06783281151528878,0.06308916249993632,1.067337424197457,0.06733742419745682,0.07023877754182609,1.0755449634220315,0.07554496342203154
4111555,1,0.43937550555377686,2.275957551934142,1.0,0.3856454596583342,2.593055291992698,1.0,0.5058451128651837,1.9768897130108616,1.0,0.487467791406682,2.051417586204635,1.0,0.39711366627414985,2.5181707025656577,1.0,0.3999891256109289,2.5000679667794374,1.0,0.5128259461199066,1.9499793400979455,1.0,0.4775599550935573,2.0939779169802732,1.0
4111803,1,0.3720747110439376,2.687632269321072,1.0,0.3948935433398021,2.532328058702924,1.0,0.5135764638614856,1.9471297272487658,1.0,0.5484393934912897,1.8233555281908866,1.0,0.4285967983340641,2.333195217246031,1.0,0.44291186740679095,2.25778551804202,1.0,0.4750807203349293,2.104905455424513,1.0,0.4552230961045533,2.196725097116613,1.0
4111902,0,0.7048460269076531,3.3880621342241697,2.3880621342241697,0.651720540031913,2.8712574668963553,1.8712574668963555,0.7822886028772013,4.593236795205335,3.5932367952053346,0.6852832687371905,3.177460556315111,2.177460556315111,0.575658160742872,2.356590624555536,1.3565906245555357,0.5029274864811756,2.0117789111308997,1.0117789111308997,0.8156931631838611,5.425734700213978,4.425734700213978,0.7225016191743143,3.603624630257441,2.603624630257441
4112108,0,0.03397040777146389,1.0351649763576056,0.03516497635760564,0.056366084166415496,1.0597329994403848,0.05973299944038467,0.08334534315890399,1.0909233837813275,0.09092338378132744,0.10730209851209609,1.1201997880058308,0.12019978800583081,0.07560875109213028,1.0817930191155085,0.08179301911550863,0.09073402204268989,1.099788207457763,0.09978820745776308,0.052672793407148095,1.0556014786027212,0.055601478602721195,0.08090604884921626,1.0880280506121436,0.08802805061214364
4112405,0,0.07836052743594248,1.0850229723971552,0.08502297239715513,0.08966685140106201,1.0984989413370974,0.09849894133709745,0.07094442851288604,1.0763618783312685,0.07636187833126842,0.06714960184900448,1.071983248313022,0.07198324831302193,0.04850067046483451,1.0509728897954436,0.05097288979544365,0.05206383039364688,1.0549233503931676,0.0549233503931676,0.0742736521184766,1.0802328380178958,0.08023283801789588,0.06857807291580544,1.0736272906205766,0.07362729062057653
4112603,0,0.027438082073990767,1.0282121699073952,0.02821216990739525,0.037787454687414034,1.0392714217575894,0.03927142175758926,0.018599675946717353,1.018952180359895,0.018952180359895144,0.02642560747774003,1.0271428744230615,0.02714287442306144,0.024938768392676714,1.0255766177387309,0.02557661773873095,0.03023247115487154,1.03117496745934,0.031174967459340095,0.011319386324663887,1.0114489817723693,0.01144898177236937,0.02642745514666066,1.0271448237590162,0.027144823759016064
4113007,1,0.15688929838678486,6.373921040392849,1.0,0.12397672162872776,8.06603035523631,1.0,0.2201697521492941,4.541949973772572,1.0,0.12547512340969136,7.969707244159305,1.0,0.18847404713018995,5.3057702915948,1.0,0.12277315836719041,8.145102832731535,1.0,0.21736499534675405,4.600556765843269,1.0,0.13547959176411817,7.381185512730859,1.0
4113106,0,0.009522957793332744,1.009614516427475,0.009614516427474892,0.01144758426166891,1.0115801489930294,0.011580148993029294,0.004422473207003983,1.0044421183564176,0.0044421183564175805,0.006384503740202519,1.0064255275448453,0.006425527544845358,0.008596976581699318,1.0086715254832062,0.00867152548320605,0.012241036054402469,1.0123927359823754,0.012392735982375417,0.003158723328455283,1.0031687324776541,0.0031687324776540826,0.005660361556664542,1.0056925836382484,0.005692583638248581
4113502,0,0.25976612562078955,1.3509243964802877,0.35092439648028767,0.23246852181038313,1.3028781599403696,0.30287815994036965,0.34127054434121806,1.5180739094169098,0.5180739094169098,0.31415319146115367,1.4580515467155668,0.4580515467155667,0.2421052529997641,1.319444426759813,0.31944442675981327,0.22265617976016586,1.286432044563588,0.2864320445635879,0.35751298104687973,1.5564516799567683,0.5564516799567683,0.3176958077806173,1.46562194898323,0.4656219489832299
4113601,0,0.2509094652494339,1.3349521234212127,0.33495212342121283,0.2557307977652292,1.343599865475237,0.343599865475237,0.18587689695385154,1.2283154675974295,0.22831546759742935,0.22858011644324855,1.2963108954222757,0.29631089542227557,0.14888136928290957,1.1749243453377034,0.1749243453377034,0.19206769948871943,1.2377274672236447,0.23772746722364485,0.18612220761278825,1.2286856937905468,0.22868569379054693,0.24942538590420438,1.332312579215969,0.3323125792159689
4113809,0,0.020848725989585537,1.0212926506281232,0.021292650628123255,0.026240883527301737,1.0269480234725354,0.026948023472535533,0.016171326659449193,1.0164371369707492,0.016437136970749288,0.020158772652351182,1.0205735093499988,0.02057350934999883,0.012659982400555405,1.0128223126530778,0.012822312653077789,0.01680091517430718,1.0170880093702341,0.01708800937023425,0.025477633417194646,1.0261437133624063,0.026143713362406246,0.024649175422344363,1.0252721121479729,0.025272112147972908
4114104,0,0.1381303866192247,1.160268310281173,0.160268310281173,0.15371059168205478,1.1816288732569211,0.18162887325692106,0.23143629176354713,1.301128311528788,0.301128311528788,0.21310607116068964,1.2708193103929861,0.27081931039298623,0.22781678712937628,1.2950294481052724,0.2950294481052725,0.19171220133380834,1.2371830944994657,0.2371830944994656,0.27841308012189236,1.3858344330422767,0.38583443304227666,0.24790230949814773,1.329614507036619,0.32961450703661904
4114203,0,0.01724190584836409,1.017544404824514,0.017544404824513943,0.033562797842825114,1.034728379420732,0.03472837942073207,0.010982438083075498,1.0111043913737885,0.011104391373788366,0.024003796597801927,1.024594149561369,0.024594149561368947,0.027669170169036545,1.028456538988738,0.028456538988737755,0.04073356492119088,1.0424632442370867,0.04246324423708663,0.006177682777326983,1.0062160837709815,0.006216083770981397,0.019511892177696524,1.0199001823908227,0.01990018239082275
4114708,0,0.029223961694137785,1.0301037114030314,0.030103711403031353,0.04611468471006142,1.048344055591258,0.04834405559125796,0.015226932469682942,1.0154623770407025,0.015462377040702496,0.030956936509029313,1.0319458831865604,0.03194588318656053,0.026161749524930136,1.026864573775129,0.026864573775129068,0.04216463644147767,1.044020755597109,0.04402075559710891,0.00889544699815364,1.008975286180667,0.008975286180667024,0.021837417474842722,1.0223249364318032,0.022324936431803336
4114807,0,0.1540053324645368,1.1820405475050835,0.18204054750508347,0.15962662960619223,1.189947272521724,0.18994727252172391,0.09216728053234631,1.1015245193920666,0.10152451939206654,0.08425839234157059,1.0920110996780206,0.09201109967802061,0.09221175303384678,1.1015784830240096,0.10157848302400954,0.08266404550504673,1.0901131642120776,0.09011316421207767,0.0754948500526572,1.0816597398694396,0.08165973986943953,0.09637980465354182,1.1066596399127497,0.10665963991274975
4115002,0,0.04092899071850367,1.0426756625134215,0.042675662513421496,0.055443893764303205,1.0586983593650796,0.05869835936507957,0.04288709789383246,1.0448088180605002,0.04480881806050006,0.05570911816464393,1.0589957175657208,0.058995717565720626,0.052988676282944736,1.0559535825558688,0.055953582555868686,0.06511628516813489,1.069651748271009,0.06965174827100906,0.038585406153058825,1.040133992556391,0.04013399255639101,0.053605461793765186,1.0566417700332116,0.05664177003321175
4115101,0,0.14252397054896235,1.1662133583375005,0.1662133583375004,0.142417807307518,1.1660689885133695,0.16606898851336946,0.13849144028122304,1.160754572567951,0.16075457256795095,0.1807565770484441,1.220638423189554,0.22063842318955393,0.12573842780994368,1.1438224346232724,0.14382243462327235,0.16574331599333206,1.198671846651944,0.198671846651944,0.09619578132828127,1.106434313251664,0.10643431325166414,0.15341055735259065,1.1812100997537287,0.18121009975372873
4115200,1,0.008896627620471345,112.40214187440834,1.0,0.015998609986549533,62.5054302117951,1.0,0.010605872829862176,94.28738360735134,1.0,0.017433346591271583,57.36133305011406,1.0,0.027264079829102988,36.678296361667485,1.0,0.03681851883572638,27.160245214146496,1.0,0.03744303805168251,26.707234563063583,1.0,0.028430664145974463,35.173290179420285,1.0
4115507,0,0.010519264645819272,1.0106310959576732,0.010631095957673135,0.01965274037446581,1.020046713224835,0.02004671322483486,0.009473946891746042,1.0095645610350348,0.009564561035034827,0.022771493487859444,1.023302117504875,0.023302117504875042,0.00824003975681887,1.0083085021448117,0.008308502144811734,0.017873753255283915,1.0181990383767128,0.01819903837671272,0.008141607019757458,1.008208436887139,0.008208436887139025,0.01583369929815189,1.0160884388002924,0.01608843880029244
4115903,0,0.02124358038570326,1.0217046651853123,0.021704665185312215,0.035557266375865204,1.0368681987392345,0.036868198739234505,0.015621562544759509,1.015869468438524,0.015869468438524,0.035823483253172,1.0371544863735553,0.037154486373555264,0.1497214316059972,1.1760851527620995,0.17608515276209943,0.15927175639137223,1.1894449931974878,0.18944499319748764,0.007280015254640014,1.0073334025369776,0.0073334025369776274,0.030515959857025186,1.0314764953247966,0.031476495324796516
4116000,0,0.00967852969686003,1.0097731191204986,0.009773119120498728,0.02328591896049126,1.0238410804272509,0.023841080427250774,0.005236678694669186,1.0052642458588015,0.005264245858801472,0.01429016602602795,1.0144973353551885,0.0144973353551886,0.011534292966252734,1.0116688853079847,0.011668885307984631,0.0228167127467483,1.0233494709174606,0.023349470917460553,0.006945161088109739,1.0069937336952304,0.006993733695230456,0.015630299477284393,1.0158784849523348,0.015878484952334942
4116109,0,0.13115889127067737,1.1509584318155672,0.15095843181556734,0.17221535673516244,1.2080436719095604,0.2080436719095605,0.2699060817099956,1.3696867963811539,0.3696867963811538,0.31181369881197046,1.4530948934520787,0.45309489345207876,0.22279636476704706,1.2866640796144344,0.2866640796144344,0.23403946297262368,1.305550288375051,0.3055502883750509,0.39909940574982306,1.664168765297748,0.6641687652977479,0.3092170874838895,1.4476327973394651,0.44763279733946504
4116307,0,0.008117185888631622,1.0081836138031122,0.008183613803112257,0.014866210344113624,1.0150905496291083,0.015090549629108232,0.004319536369143091,1.0043382757088468,0.004338275708846825,0.010251613319307129,1.0103577974536415,0.010357797453641567,0.017572347462414248,1.0178866580322992,0.01788665803229919,0.035285741208167784,1.0365763653709836,0.0365763653709837,0.00405490730665464,1.0040714165232631,0.004071416523263254,0.011278347884399412,1.011406999998702,0.011406999998702119
4116406,0,0.027982273563304273,1.0287878222816822,0.02878782228168209,0.04220985175455513,1.0440700416807152,0.04407004168071519,0.017059179116667607,1.0173552453558061,0.017355245355806015,0.030493005552251522,1.0314520738136819,0.03145207381368195,0.041906949022938164,1.043739957178691,0.043739957178691065,0.05788883188382718,1.0614458610012878,0.06144586100128774,0.029741547588076556,1.0306532218442863,0.030653221844286264,0.04375963815332517,1.0457621743437155,0.045762174343715545
4116505,0,0.0049805458135427794,1.0050054758151588,0.005005475815158758,0.012532516836637343,1.0126915742040328,0.012691574204032817,0.001872278652940967,1.0018757906557432,0.0018757906557431009,0.010538535303242,1.0106507789128218,0.010650778912821797,0.014271700518307236,1.01447833092122,0.014478330921219832,0.028368738665714016,1.0291970213337485,0.0291970213337484,0.0004940403639654633,1.0004942845604896,0.0004942845604896301,0.008323996076702159,1.0083938665892596,0.008393866589259516
4116604,0,0.012563755183054373,1.0127236115232772,0.012723611523277117,0.019701808613667392,1.0200977710525052,0.020097771052505153,0.006833183363265288,1.006880197011017,0.006880197011016957,0.011975844100379607,1.012121003346801,0.012121003346801077,0.012544936420901598,1.012704311197141,0.01270431119714108,0.017958272178438563,1.0182866691604593,0.018286669160459148,0.00709554334005267,1.0071462498656936,0.007146249865693544,0.011656576274964319,1.0117940545716702,0.011794054571670083
4116901,0,0.0985650320719666,1.1093423658708519,0.10934236587085182,0.1643794395772333,1.196715408120246,0.1967154081202461,0.11958452204573006,1.1358273735981974,0.1358273735981973,0.17485659765351352,1.2119105565847927,0.21191055658479271,0.1720842983799921,1.2078524396182722,0.2078524396182721,0.18747326361127029,1.2307287320100924,0.23072873201009247,0.1184554560445655,1.1343726268363745,0.13437262683637446,0.16901710002285034,1.2033941974347462,0.2033941974347462
4117008,0,0.008526258713428788,1.0085995809655683,0.008599580965568301,0.011731714678881027,1.0118709816485398,0.01187098164853993,0.046622722876310176,1.048902699901732,0.04890269990173199,0.0365279068340902,1.037912781380166,0.03791278138016614,0.09756775252178557,1.1081164295651358,0.10811642956513579,0.0752968946242454,1.0814281840155044,0.0814281840155045,0.03296665607936554,1.0340905060684973,0.03409050606849721,0.027082977662656407,1.0278368833526954,0.027836883352695428
4117107,1,0.25891759785794405,3.862232649588589,1.0,0.23306802615787708,4.2905928216966736,1.0,0.5349211444360816,1.8694344211317508,1.0,0.4395071499159513,2.2752758406575047,1.0,0.4339397419983772,2.3044674253498996,1.0,0.36512198397195483,2.738810709564972,1.0,0.6923639749088037,1.444327024859601,1.0,0.4739749008080875,2.10981636009646,1.0
4117206,0,0.04234129326772829,1.044213343407283,0.044213343407282835,0.06155968400009404,1.0655978680269105,0.06559786802691052,0.02948453661608828,1.0303802852489172,0.030380285248917185,0.05375654522808025,1.0568104803864007,0.05681048038640077,0.02168375429181253,1.022164360846442,0.022164360846441845,0.03767321438571128,1.0391480471591186,0.03914804715911869,0.050305419686419155,1.0529701029459477,0.05297010294594789,0.06400585442524717,1.068382750819391,0.06838275081939107
4117404,0,0.0261610150288921,1.0268637992857395,0.02686379928573947,0.022008443900003942,1.0225037156637307,0.0225037156637308,0.019158994025845255,1.019533231083479,0.019533231083479086,0.013527856758345641,1.0137133692532783,0.013713369253278292,0.039104692996873365,1.0406961015543248,0.04069610155432482,0.029435149252613917,1.0303278541665168,0.03032785416651685,0.011839459294481136,1.0119813115448104,0.011981311544810415,0.01002985090595415,1.0101314680196496,0.010131468019649679
4117503,0,0.17939707436566882,1.2186161769128396,0.21861617691283972,0.16665811950592477,1.1999876922147676,0.19998769221476762,0.11883910184025206,1.134866517668272,0.13486651766827198,0.09620220191477054,1.1064421733695113,0.10644217336951128,0.07559735130434572,1.0817796783804274,0.0817796783804273,0.058635172786347244,1.062287405574629,0.0622874055746289,0.20836954177646655,1.2632156704077058,0.26321567040770566,0.12693320568623437,1.1453877372418044,0.14538773724180454
4118006,0,0.1422840053190042,1.1658870840713689,0.16588708407136896,0.1765827879858564,1.2144511742157065,0.21445117421570642,0.32843931029579004,1.4890686952514325,0.4890686952514325,0.3417977747967966,1.519289910773661,0.519289910773661,0.25410727815342704,1.3406753688712032,0.34067536887120325,0.23002257225033765,1.298739370740519,0.2987393707405191,0.414288805693966,1.7073260844618587,0.7073260844618587,0.3609216327772311,1.5647533249258327,0.5647533249258329
4118105,1,0.4719679618151575,2.1187878858430693,1.0,0.4580771282729042,2.1830384847423328,1.0,0.6016686559608041,1.6620443662685087,1.0,0.5775587988834023,1.7314254443587487,1.0,0.5867814237906689,1.7042120957747713,1.0,0.5201421869499517,1.922551227509297,1.0,0.6724025176648604,1.4872044255170698,1.0,0.6063219003893608,1.649288932756398,1.0
4118303,0,0.05604854765828182,1.059376515094329,0.059376515094329015,0.06289062922032594,1.067111301179286,0.06711130117928604,0.006539547325002032,1.0065825945133433,0.00658259451334334,0.014660644986614776,1.0148787774608024,0.014878777460802448,0.016132902407787805,1.0163974407186391,0.016397440718639095,0.0268063853588551,1.0275447608323445,0.027544760832344424,0.004493349364840574,1.0045136306844096,0.00451363068440949,0.01510122059875782,1.0153327640510819,0.015332764051081912
4118402,0,0.3565234172558335,1.5540581068784287,0.5540581068784287,0.42098166499836387,1.7270610264823036,0.7270610264823035,0.3222037965909633,1.4753697276119437,0.4753697276119436,0.426865433070339,1.7447909403843842,0.7447909403843841,0.5082417011796444,2.033519317109299,1.0335193171092987,0.5141708020333893,2.058336559814436,1.0583365598144359,0.25093760917087676,1.3350022805084616,0.33500228050846154,0.38437125611036804,1.6243556038040956,0.6243556038040955
4118857,0,2.57619791146166e-06,1.0000025762045484,2.5762045482744365e-06,6.79164841520856e-06,1.000006791694542,6.791694542010033e-06,1.115313860331705e-06,1.0000011153151043,1.1153151042580993e-06,5.211748980079895e-06,1.0000052117761424,5.211776142548891e-06,0.0002538433643534318,1.000253907817168,0.0002539078171679774,0.0003210867779018089,1.0003211899077344,0.0003211899077343779,5.56104821852872e-07,1.000000556105131,5.561051311056169e-07,7.237973585113419e-06,1.0000072380259737,7.238025973754225e-06
4119707,0,0.026777209327414384,1.0275139562945386,0.027513956294538573,0.039399932217688505,1.041015958190227,0.041015958190227,0.03441586605181071,1.0356425347536389,0.03564253475363896,0.058399112291524134,1.0620210888220878,0.06202108882208784,0.04873270098047662,1.0512292402258605,0.051229240225860485,0.057527172686883205,1.0610385477646997,0.06103854776469965,0.01625794060280852,1.016526629564635,0.016526629564634975,0.04531417864839669,1.0474650169039306,0.04746501690393057
4120002,0,0.6660159823258232,2.9941552501939332,1.9941552501939332,0.5854409803155779,2.412201767461814,1.4122017674618141,0.8238276548485031,5.676259796281102,4.676259796281102,0.7891955725388408,4.743733383798356,3.743733383798356,0.6149104383129389,2.5967985099856827,1.596798509985683,0.6091565217949131,2.5585689816097457,1.5585689816097454,0.6563267569507117,2.909740633653531,1.909740633653531,0.7076089465931578,3.4200772846786394,2.4200772846786394
4120333,0,0.08389336293100541,1.0915759798438043,0.09157597984380411,0.07438263020190825,1.0803600198407401,0.08036001984074002,0.0973167508095763,1.1078083047368557,0.10780830473685575,0.0838620278957913,1.0915386442319108,0.09153864423191072,0.06160486142461779,1.0656491694086807,0.06564916940868083,0.05599015694232867,1.0593109884966614,0.059310988496661395,0.1242236537430609,1.1418440384625501,0.14184403846255014,0.08762953675937009,1.0960460035588182,0.09604600355881814
4120408,0,0.009397198656595012,1.0094863437129908,0.009486343712990727,0.019374653089181796,1.019757446766205,0.019757446766204997,0.004639555403230558,1.0046611812117068,0.00466118121170677,0.016684624752538516,1.016967724874982,0.016967724874981903,0.040229476520844305,1.0419157241618684,0.041915724161868374,0.054601016297753324,1.0577544690009417,0.05775446900094183,0.0015484600347852571,1.0015508614818094,0.0015508614818093268,0.019675716202913255,1.0200706200265726,0.020070620026572606
4121109,0,0.0221396235025042,1.022640884153425,0.02264088415342484,0.023551329467070233,1.0241193727615159,0.02411937276151577,0.017854633603220135,1.018179216859439,0.0181792168594389,0.023237532617922933,1.0237903619292459,0.023790361929245978,0.05757190746696198,1.0610889126959506,0.06108891269595056,0.06408730119817002,1.0684757256528472,0.0684757256528473,0.010183578462943923,1.0102883506894442,0.010288350689444161,0.021376550000702994,1.0218434884231706,0.02184348842317068
4122404,0,0.14317920399778153,1.1671051924344409,0.16710519243444089,0.1268335570809657,1.145257021853652,0.14525702185365194,0.06991119383633229,1.0751661490526851,0.0751661490526852,0.08508079235478387,1.092992683554826,0.09299268355482615,0.071023970277691,1.0764540397225553,0.07645403972255517,0.06937004214877053,1.0745409510660304,0.07454095106603051,0.06296101925120136,1.0671914621960428,0.06719146219604277,0.09121220332776436,1.1003668883558535,0.1003668883558535
4122602,1,0.379989950787375,2.631648542094089,1.0,0.3632638991533357,2.7528196507572433,1.0,0.5083272814970665,1.967236535200149,1.0,0.4761931511536795,2.0999882034785395,1.0,0.5169930481361402,1.9342619859303585,1.0,0.45932854377808013,2.1770909157414344,1.0,0.42494658863727464,2.3532369166836133,1.0,0.43834501089702566,2.281308045353609,1.0
4123402,0,0.03747927342727269,1.0389386663503093,0.03893866635030927,0.053389907935128,1.056401160713031,0.05640116071303109,0.09862076041081105,1.1094109516608772,0.10941095166087726,0.10944413243244028,1.1228941792628608,0.12289417926286088,0.12568574995324586,1.1437535187680228,0.1437535187680228,0.11781605746624269,1.1335504442847353,0.1335504442847353,0.05438514618356809,1.0575129990440333,0.057512999044033244,0.09332537043175604,1.102931489851213,0.10293148985121303
4123600,0,0.013836927158606013,1.0140310741090093,0.014031074109009377,0.027529243958115773,1.0283085571335475,0.02830855713354746,0.021678409070385322,1.0221587760828075,0.02215877608280749,0.03107805896586872,1.0320748841054204,0.03207488410542038,0.05526248749841477,1.0584950706065268,0.058495070606526846,0.06154943242166761,1.0655862274989036,0.0655862274989035,0.013586413057708732,1.0137735461449027,0.013773546144902792,0.023194457097001842,1.023745214454936,0.02374521445493596
4123709,0,0.0049954097876092765,1.0050204891884398,0.005020489188439795,0.008462369967963911,1.008534592850188,0.008534592850188143,0.004628985180558746,1.0046505123332312,0.004650512333231279,0.006948321691633101,1.0069969386723854,0.006996938672385464,0.010175619525064575,1.0102802272057414,0.010280227205741418,0.012883532613674661,1.0130516844155053,0.013051684415505213,0.003364999288003154,1.0033763607394877,0.0033763607394875716,0.007512124058146663,1.007568983198931,0.0075689831989310605
4123907,0,0.0652836164986085,1.0698432355000134,0.06984323550001338,0.057177354314480455,1.0606448673842652,0.06064486738426527,0.033493173983549125,1.03465384111315,0.03465384111315013,0.03738789094079956,1.0388400380474543,0.03884003804745429,0.058380026185860814,1.0619995622537464,0.06199956225374644,0.05940485130025387,1.06315666350435,0.06315666350434995,0.01988976103925271,1.0202933917518733,0.020293391751873415,0.029832905275818514,1.0307502753268498,0.030750275326849763
4123956,0,0.04444072873022844,1.0465075585224288,0.046507558522428924,0.06722136238262143,1.0720657181368634,0.07206571813686337,0.05357228331212997,1.0566047278281454,0.05660472782814538,0.08956192526690103,1.0983723415710143,0.09837234157101427,0.04423311830252423,1.046280237523992,0.04628023752399188,0.06672154603596055,1.0714915744090794,0.07149157440907923,0.07593034002579718,1.0821694979444698,0.08216949794446982,0.0844531007237792,1.0922433365134467,0.0922433365134468
4124103,0,0.0891090386909863,1.097826240983806,0.09782624098380602,0.12884929795222624,1.1479070127009554,0.14790701270095535,0.19369235028695006,1.2402213973238152,0.24022139732381506,0.22310611235611139,1.2871770725764524,0.28717707257645253,0.2064905970578588,1.260224511886364,0.260224511886364,0.19354956737146348,1.2400018147930183,0.24000181479301827,0.10784256193753276,1.1208783980681016,0.12087839806810176,0.15665348009123292,1.1857522102636762,0.18575221026367625
4124202,0,0.0061241574823923855,1.0061618938909704,0.0061618938909704804,0.01390746232852884,1.0141036077216135,0.014103607721613528,0.0045766369951843085,1.0045976789025417,0.004597678902541659,0.012634589496272945,1.0127962650522941,0.012796265052294186,0.008586389054851835,1.008660753655244,0.00866075365524399,0.015381280192201105,1.0156215597802198,0.015621559780219885,0.004214204989588216,1.0042320396722912,0.0042320396722913215,0.01156859314128853,1.0117039918612605,0.011703991861260404
4124509,1,0.5267452375753495,1.8984509562973555,1.0,0.4981322587485836,2.0074989773041745,1.0,0.5624237839467983,1.77801869078601,1.0,0.5116673055310635,1.9543949538892114,1.0,0.40074116848707675,2.4953762643736175,1.0,0.35602646809562566,2.8087799352361875,1.0,0.626356379348446,1.5965351882265952,1.0,0.5466867243344186,1.8292011777265715,1.0
4124608,1,0.4007364114218448,2.4954058865075925,1.0,0.4362111512056276,2.292467758415019,1.0,0.36926636602649443,2.7080722535348674,1.0,0.4100559879747076,2.438691372217397,1.0,0.18628956187928886,5.3679872877041594,1.0,0.18905550067596213,5.289452020303724,1.0,0.5685620345310749,1.7588230294426117,1.0,0.47542767832221544,2.103369335855667,1.0
4124707,0,0.0010827441142857157,1.0010839177198172,0.0010839177198172178,0.002708451514050075,1.0027158071460267,0.0027158071460265986,0.0018618268985543238,1.0018652997638284,0.0018652997638284867,0.00504318453869621,1.0050687471660344,0.005068747166034515,0.01162257524225637,1.011759247986775,0.011759247986775016,0.01880661126979784,1.0191670790751415,0.019167079075141504,0.0007233595031374063,1.0007238831308793,0.0007238831308792887,0.002704186267297415,1.0027115187189808,0.002711518718980803
4124905,0,0.026268588162189545,1.0269772422280292,0.026977242228029275,0.03775422081719463,1.0392355275896952,0.03923552758969511,0.05118952691808947,1.0539512667390953,0.05395126673909542,0.056340434100455375,1.059704194326424,0.05970419432642406,0.10584046256460582,1.1183686558532662,0.11836865585326614,0.10430603528821993,1.1164527610965693,0.11645276109656932,0.03857116753116401,1.0401185883224635,0.04011858832246355,0.04848448232950387,1.05095500959165,0.05095500959164992
4125001,0,0.04058158241285929,1.0422981065080226,0.04229810650802251,0.03990624450248255,1.0415649453753641,0.04156494537536416,0.08566075557465394,1.0936859662285314,0.09368596622853145,0.057462061068799454,1.0609652499866045,0.06096524998660434,0.13438386922258397,1.1552464937337672,0.15524649373376725,0.08830258096608921,1.0968551397893174,0.0968551397893173,0.08550716523405467,1.093502280152845,0.09350228015284485,0.048485109289648345,1.0509557020736184,0.0509557020736185
4125308,0,0.014212630789067055,1.0144175419902606,0.0144175419902605,0.01518359933251887,1.0154176954427525,0.015417695442752425,0.011473343907133319,1.0116065093808209,0.011606509380820845,0.008134411232587353,1.008201122535863,0.008201122535862903,0.07570949041071968,1.0819109247852845,0.08191092478528436,0.04388770307232232,1.0459022472708999,0.04590224727089989,0.006516349637495629,1.0065590909675441,0.006559090967544286,0.007299564338771028,1.007353239785685,0.007353239785685047
4125555,0,0.01695326707936229,1.017245636968849,0.01724563696884891,0.03539555680691264,1.0366943746285724,0.03669437462857241,0.018762848104644923,1.0191216242356933,0.019121624235693333,0.0367965582180789,1.038202270280519,0.0382022702805188,0.01452083429303977,1.0147347958215056,0.014734795821505628,0.028488566956266274,1.0293239646876948,0.029323964687694857,0.023664378500007858,1.0242379546324973,0.024237954632497293,0.050471531872623786,1.05315431139433,0.053154311394330085
4125803,1,0.231746813044404,4.315053945567719,1.0,0.2245949419218555,4.452460021775269,1.0,0.33789622195996716,2.959488550062796,1.0,0.2864264722371238,3.4912974076367154,1.0,0.17684092281334732,5.654799715422677,1.0,0.16236275494623228,6.159047993064407,1.0,0.33307218383213694,3.002352188329194,1.0,0.2488010702140221,4.019275315575557,1.0
4125902,0,0.00749196214546108,1.0075485153366175,0.0075485153366174505,0.010387016063971593,1.0104960385853659,0.010496038585365854,0.0028568999389700055,1.002865085200705,0.0028650852007050436,0.008151851092265325,1.0082188499330693,0.008218849933069382,0.005220080629958309,1.0052474728613983,0.0052474728613983255,0.009810629758358879,1.0099078318281327,0.009907831828132773,0.0013818643459488468,1.0013837765374087,0.0013837765374086525,0.008338901850665275,1.0084090238754224,0.008409023875422323
4126009,0,0.10140764269090884,1.1128516639008397,0.11285166390083973,0.075203195363194,1.0813186150580705,0.08131861505807045,0.06189755865343601,1.0659816624766347,0.06598166247663473,0.046394118729190165,1.0486512506271077,0.04865125062710779,0.05233433761522752,1.0552244738756595,0.055224473875659603,0.04517239413735053,1.04730947645417,0.04730947645417,0.04230792534617014,1.0441769609103875,0.04417696091038749,0.03841105658159586,1.0399454016651297,0.03994540166512973
4126108,0,0.13007381233434828,1.149522814899258,0.14952281489925784,0.14269636922688628,1.1664478769303743,0.1664478769303743,0.1656108604445219,1.1984815628505798,0.19848156285057988,0.19139279760840208,1.2366944012399645,0.23669440123996455,0.22630541416491776,1.2924996740421242,0.2924996740421241,0.24660702689811795,1.3273285465920706,0.32732854659207056,0.14323067963756922,1.1671753133935512,0.16717531339355118,0.21296068869161697,1.2705845637336575,0.27058456373365736
4126702,0,0.029846080109768584,1.0307642730682833,0.030764273068283367,0.05813784992754065,1.0617264956693164,0.06172649566931635,0.025081602238643128,1.0257268734452405,0.02572687344524056,0.06293660015095474,1.0671636520656909,0.06716365206569098,0.04296438330543217,1.0448931915970103,0.04489319159701033,0.0732226170806156,1.0790077729885483,0.07900777298854827,0.023213737869270754,1.0237654221493995,0.023765422149399473,0.05065392546991794,1.0533566492019164,0.05335664920191637
4126801,1,0.6375871951333695,1.568412928667461,1.0,0.5802063342740275,1.7235247892480037,1.0,0.752524499519302,1.328860390111924,1.0,0.7045645535719259,1.4193163634620944,1.0,0.7429644163309514,1.3459594807223618,1.0,0.6602153410667024,1.5146573213283887,1.0,0.7751841700033806,1.29001602289639,1.0,0.6836425937922793,1.4627526270018278,1.0
4126900,0,0.053029765717233376,1.0559994008231928,0.055999400823192734,0.07164141944473093,1.0771699868405167,0.07716998684051675,0.07393680061905004,1.079839907976556,0.07983990797655596,0.0868904546600087,1.0951588504396321,0.09515885043963211,0.09272991018063177,1.1022076129491867,0.10220761294918664,0.10267276250298472,1.114420646351244,0.11442064635124401,0.03837506076582014,1.0399064741357282,0.03990647413572834,0.06360202760100718,1.0679220048267115,0.06792200482671143
4127205,0,0.1532693944700916,1.181013174047454,0.1810131740474542,0.15996748152650053,1.1904301059882685,0.1904301059882684,0.11894578649220262,1.1350039358175659,0.13500393581756584,0.13628760531264342,1.1577928094478442,0.15779280944784438,0.09540454837664415,1.1054665355717126,0.10546653557171268,0.11599850189120682,1.1312198023865012,0.13121980238650116,0.11588064091499474,1.131069000722846,0.13106900072284605,0.1430366302921574,1.1669110201768853,0.1669110201768854
4127304,1,0.25231280683790364,3.9633342933814775,1.0,0.2865708524690248,3.489538420897461,1.0,0.2583806791393921,3.870258423852646,1.0,0.30017651540607887,3.331373204353444,1.0,0.2933832402909145,3.4085109940445633,1.0,0.297103037789655,3.3658356624006873,1.0,0.2381746704238544,4.198599281025162,1.0,0.27019243397266424,3.7010658858832866,1.0
4127908,0,0.07620323455370744,1.082489176628469,0.08248917662846886,0.09872262728116217,1.1095363428279028,0.10953634282790282,0.0873495345690434,1.0957097354109129,0.09570973541091293,0.11859053995722132,1.1345464796253328,0.13454647962533284,0.17797269873080387,1.2165046081267825,0.2165046081267825,0.20948814385945694,1.2650031650154183,0.26500316501541826,0.06284469507901422,1.0670589973177529,0.06705899731775283,0.10101448849211585,1.1123649794118289,0.11236497941182887
4128104,0,0.5637534277338653,2.2922816213898964,1.2922816213898967,0.5347828649020361,2.149533894080284,1.1495338940802842,0.6297263443497074,2.7007052344670632,1.700705234467063,0.5775709380945588,2.3672613704400987,1.3672613704400989,0.7391812913340852,3.834080787819978,2.834080787819978,0.6401921557239313,2.779261252661109,1.7792612526611091,0.5271668360518411,2.1149108739539244,1.1149108739539246,0.5203520540054404,2.084862467046492,1.0848624670464917
4128302,0,0.004251216356761848,1.0042693663568512,0.004269366356851102,0.011014709030140695,1.0111373840750846,0.011137384075084675,0.00578827681366712,1.0058219760224878,0.005821976022487812,0.012846516784739638,1.01301369746769,0.013013697467689841,0.01572460293831072,1.0159758163063433,0.01597581630634336,0.02371679704885953,1.0242929479654752,0.02429294796547521,0.0030653510702576075,1.0030747763391998,0.0030747763391997763,0.01261698800546269,1.012778210534508,0.012778210534507853
4128625,0,0.004384666924943075,1.0044039768967807,0.0044039768967806025,0.007045680120085726,1.0070956739691086,0.007095673969108484,0.002577555223313749,1.002584216183235,0.002584216183235018,0.006138222227414207,1.0061761327024479,0.006176132702447832,0.0049262056462102384,1.004950593286812,0.004950593286811821,0.010615995810414431,1.010729904430899,0.010729904430899002,0.0024862942414913135,1.002492491308278,0.0024924913082780523,0.007125984059159093,1.007177128160018,0.007177128160017922
4128807,0,0.04036941444232533,1.0420676612957946,0.04206766129579463,0.048393553724011114,1.050854587958493,0.05085458795849289,0.035056960109735656,1.0363306005230344,0.03633060052303442,0.045893885214846955,1.0481014475262862,0.048101447526286326,0.04424171379816261,1.0462896471177647,0.04628964711776469,0.05197772396975455,1.0548275344197675,0.05482753441976744,0.053578857069477334,1.0566120669109043,0.05661206691090436,0.046423663602335456,1.0486837412280077,0.04868374122800763
5000252,0,1.7551026899229382e-06,1.0000017551057703,1.7551057703137968e-06,4.762435955800474e-06,1.0000047624586368,4.762458636704723e-06,4.471133345008124e-07,1.0000004471135344,4.4711353441123565e-07,2.0233930589654757e-06,1.0000020233971532,2.023397153093231e-06,9.919128706672299e-05,1.0000992011269543,9.920112695418405e-05,0.00013495543926908096,1.000134973654698,0.00013497365469794048,1.8558115770194074e-07,1.0000001855811922,1.8558119214231322e-07,3.424401040968866e-06,1.0000034244127676,3.424412767531512e-06
5000609,0,0.03647540415634313,1.0378562252730097,0.037856225273009726,0.04861395845685203,1.0510980362692732,0.051098036269273193,0.022123499045775662,1.0226240215652869,0.022624021565286895,0.043529553721797114,1.0455106102767506,0.045510610276750706,0.05631000867583071,1.0596700284982545,0.059670028498254486,0.056935609543156615,1.0603729820776877,0.06037298207768784,0.01326545373482045,1.0134437917320627,0.013443791732062688,0.04121729240917808,1.0429891904420623,0.04298919044206241
5000807,0,0.011460485776477259,1.0115933512131574,0.011593351213157355,0.019596038026435423,1.0199877181105923,0.01998771811059226,0.007029727814195252,1.0070794947352462,0.007079494735246061,0.014227032993517826,1.014432362693736,0.014432362693736024,0.014083550967924728,1.0142847307008127,0.014284730700812702,0.02048188303022427,1.0209101625333759,0.020910162533375853,0.005204678243762972,1.0052319086448602,0.005231908644860232,0.015316435442660262,1.0155546776588535,0.015554677658853482
5000856,1,0.6238731239375932,1.6028900134188682,1.0,0.6355162353376664,1.573523923379666,1.0,0.7551167973433992,1.3242984443176635,1.0,0.7819012792628134,1.2789338328526754,1.0,0.898044638840153,1.1135303934240117,1.0,0.8737308715396479,1.1445171878130465,1.0,0.8166800771861603,1.2244696888473898,1.0,0.8119882562503057,1.231544905117122,1.0
5001003,1,0.5177036266881223,1.9316070980557862,1.0,0.5701432384149546,1.7539452064363383,1.0,0.4510708666251822,2.2169465465189333,1.0,0.5110586784919552,1.9567224705993158,1.0,0.5073414810782068,1.9710590150736165,1.0,0.47371281175847835,2.110983649118294,1.0,0.4190725712476751,2.3862215487469647,1.0,0.4819997042023204,2.074690069893171,1.0
5002001,1,0.17017076454773672,5.876450062722011,1.0,0.16587282975842665,6.028714898373512,1.0,0.1497948557287453,6.675796676294687,1.0,0.1538777394679747,6.498665781401876,1.0,0.10061847238367838,9.938532918555946,1.0,0.11050851973620991,9.049076056643022,1.0,0.1440976037394703,6.939740662225088,1.0,0.18701958052088483,5.347033702111893,1.0
5002308,0,0.015250216804204048,1.015486387572194,0.015486387572193935,0.02924815782791673,1.0301293868909618,0.030129386890961948,0.007467708660604782,1.0075238949158292,0.0075238949158291995,0.018820779864320975,1.0191817962285405,0.0191817962285406,0.10381590685015991,1.1158421664072118,0.11584216640721173,0.13929891169102068,1.1618435407868504,0.16184354078685023,0.005025117199542133,1.005050496536554,0.005050496536554199,0.014652967831043927,1.014870870213908,0.01487087021390795
5002407,1,0.6033042574902386,1.6575384436370895,1.0,0.5894903606930152,1.6963805800393115,1.0,0.613018739422524,1.6312715023067974,1.0,0.6320162961331032,1.5822376829811982,1.0,0.46892611268911744,2.132532125936367,1.0,0.46748253574701976,2.139117343500409,1.0,0.6129421730304564,1.6314752745040944,1.0,0.5881437725208897,1.7002645385733164,1.0
5002704,0,0.03784533235966721,1.0393339383287328,0.039333938328732755,0.06977027447897323,1.0750032734547312,0.07500327345473132,0.015559262797556973,1.0158051797427368,0.01580517974273684,0.042186976904883974,1.0440451068085912,0.04404510680859115,0.10320916636898166,1.1150872226816793,0.11508722268167912,0.11046540785016443,1.1241833750199535,0.12418337501995351,0.011538621699460676,1.0116733156729896,0.011673315672989688,0.05396964480758008,1.0570485339200377,0.0570485339200377
5002951,0,0.6686603261530208,3.0180508974057383,2.0180508974057383,0.6604548361863585,2.9451163102085807,1.9451163102085807,0.6563609256287839,2.910029954625445,1.9100299546254453,0.6669701434371362,3.0027337798502667,2.0027337798502667,0.6488237557475973,2.847573024561607,1.847573024561607,0.6614538678031286,2.953807191684234,1.953807191684234,0.7198711151850179,3.5697853888236986,2.5697853888236986,0.6810009266329774,3.1348053442445445,2.1348053442445445
5003256,1,0.8103817785986227,1.2339862845007206,1.0,0.7799606714373977,1.282115927918634,1.0,0.8304183039963358,1.2042123772893287,1.0,0.7914501354798626,1.2635034794626598,1.0,0.7855241532834364,1.2730353303842656,1.0,0.7721827453539746,1.2950302321785139,1.0,0.9999970967974674,1.0000029032109612,1.0,0.9610554039764345,1.0405227376719692,1.0
5003454,0,0.09103145791686845,1.100148084012068,0.10014808401206804,0.10152538000783745,1.1129974934725737,0.11299749347257362,0.06423235456262143,1.068641350099895,0.0686413500998949,0.09538150365055555,1.1054383743373193,0.1054383743373192,0.04903318163493549,1.0515614011845704,0.0515614011845703,0.0664474372150576,1.071176964065991,0.07117696406599094,0.06186138355339727,1.0659405576840129,0.06594055768401291,0.12098318099977606,1.1376346599799763,0.13763465997997615
5003702,0,0.6992403527646794,3.3249141272518496,2.3249141272518496,0.7149330225329302,3.5079475317884463,2.5079475317884463,0.7935634922302537,4.844104421275005,3.844104421275005,0.758588350381277,4.142302169673107,3.1423021696731066,0.7434889358133936,3.898467316296817,2.898467316296817,0.6618749243499301,2.957485475093581,1.957485475093581,0.7243135040097184,3.6273086079459316,2.6273086079459316,0.743200663063223,3.8940910515130964,2.8940910515130964
5003751,0,0.2084009598492071,1.2632658066506859,0.2632658066506858,0.20140366324731254,1.252197078772331,0.25219707877233105,0.17776631562942316,1.216199261850363,0.21619926185036312,0.20643267221169728,1.2601325243404762,0.2601325243404762,0.15224500824901943,1.179586094721268,0.17958609472126807,0.1841073955037939,1.2256515066924474,0.2256515066924473,0.13747537720877753,1.1593871914796965,0.15938719147969646,0.20000306896800846,1.250004795280909,0.2500047952809089
5003801,1,0.11509201346162079,8.688700196677551,1.0,0.13794411313449453,7.249312618545796,1.0,0.1570388345193531,6.367851640396391,1.0,0.13388326966886271,7.46919314469484,1.0,0.06627442589407154,15.088776500279774,1.0,0.05890609727792079,16.97617133387685,1.0,0.14263226531154913,7.011036372560708,1.0,0.13936307176840917,7.175501998562291,1.0
5004007,0,0.02191666656809158,1.022407770196012,0.022407770196011992,0.03178735269286187,1.032830962063211,0.03283096206321113,0.017750309356802045,1.018071076556083,0.01807107655608297,0.02642347872724249,1.0271406285483333,0.027140628548333365,0.027496068549759174,1.0282734780400895,0.02827347804008959,0.030939671761666655,1.0319274980721915,0.03192749807219151,0.018562606556125127,1.0189136940166796,0.01891369401667969,0.03237369456378225,1.0334568152828254,0.03345681528282532
5004304,0,0.19771489372451193,1.2464396910499553,0.24643969104995542,0.1851383225052027,1.2272021468409093,0.22720214684090942,0.1501329970873285,1.1766546960557256,0.17665469605572567,0.1899221524451006,1.2344492606708757,0.2344492606708758,0.13759319815604698,1.1595455855193308,0.1595455855193308,0.15410352200689512,1.1821777558082602,0.1821777558082601,0.18106412693368962,1.2210968317406077,0.22109683174060762,0.23254788982065697,1.3030129003962394,0.30301290039623935
5004502,0,1.1778270495329685e-05,1.0000117784092246,1.1778409224619538e-05,1.967359334530202e-05,1.0000196739804033,1.9673980403191956e-05,1.5418382537597767e-05,1.0000154186202679,1.5418620267783256e-05,3.4926833612899125e-05,1.0000349280535392,3.492805353921351e-05,0.0028128340606577004,1.0028207684141301,0.0028207684141301932,0.001610048346406283,1.0016126447824716,0.0016126447824716423,4.3038430557038575e-06,1.000004303861579,4.303861578848627e-06,3.587893321740752e-05,1.0000358802205616,3.5880220561444876e-05
5004601,0,0.1783876680840692,1.2171190245746242,0.21711902457462412,0.19057351905523517,1.2354426542022658,0.23544265420226582,0.47741114022215003,1.9135501671908874,0.9135501671908873,0.40145614183896267,1.6707213454205245,0.6707213454205246,0.41603832181301975,1.7124411367278234,0.7124411367278236,0.34338742412246076,1.5229680891559774,0.5229680891559773,0.4536137595141956,1.8302071426814799,0.8302071426814799,0.4171220724245124,1.7156250952228613,0.7156250952228613
5004700,1,0.7527895391102876,1.3283925294470582,1.0,0.7207791527892368,1.3873875182574964,1.0,0.8027468245357658,1.245722772654139,1.0,0.7515125547340583,1.3306497592097783,1.0,0.8547809565102678,1.1698903589085607,1.0,0.7920201830538096,1.2625940871156567,1.0,0.792755157920907,1.2614235177259734,1.0,0.731821063239638,1.3664542471259065,1.0
5005103,0,0.13933449400448597,1.1618915746406273,0.16189157464062723,0.1725797258442441,1.208575655244045,0.20857565524404495,0.07339451781165998,1.0792079468797509,0.07920794687975087,0.1048853680628288,1.1171753475148094,0.11717534751480946,0.29094321575346305,1.410324281802941,0.41032428180294084,0.31060419956276886,1.45054553475054,0.45054553475054,0.0784560770261647,1.0851354721899589,0.08513547218995901,0.1296771705325842,1.1489989302152843,0.14899893021528424
5005152,0,0.38854120798937236,1.6354331854674178,0.6354331854674178,0.3508136771853812,1.5403898154606674,0.5403898154606674,0.5639217014468713,2.2931661660713596,1.2931661660713598,0.49980335331534215,1.999213722499096,0.999213722499096,0.5368493894630976,2.1591248661871796,1.1591248661871796,0.46618892617476554,1.8733219467219075,0.8733219467219074,0.5951556428942798,2.4700850646631642,1.4700850646631642,0.5045981722983113,2.0185634046593792,1.0185634046593792
5005251,0,0.13618004431340552,1.1576486435824058,0.15764864358240582,0.16118943904642105,1.192164293762798,0.19216429376279814,0.17627960739105153,1.2140041802688963,0.2140041802688964,0.25079358709104616,1.3347456492227376,0.3347456492227376,0.46085632089969947,1.8547931446933705,0.8547931446933708,0.4596183855266606,1.8505440844330145,0.8505440844330145,0.1685492665818113,1.2027170820920274,0.20271708209202735,0.237254886219784,1.31105395751922,0.31105395751922005
5005400,0,0.6042005578996278,2.5265321110442756,1.5265321110442758,0.5929023357460944,2.4564130129135378,1.4564130129135375,0.6241375508961854,2.6605477678984535,1.6605477678984533,0.6033447294691994,2.5210808333942185,1.5210808333942183,0.639266705838886,2.7721311456030198,1.7721311456030195,0.6039243711998066,2.5247703400212633,1.5247703400212633,0.5612325274169306,2.279111516888198,1.279111516888198,0.5575472966882585,2.260128579879925,1.2601285798799249
5005707,1,0.29374418472812286,3.404322713403016,1.0,0.3120854403876065,3.2042507294092655,1.0,0.30200410929118887,3.3112132227174813,1.0,0.32211185221124583,3.104511656851996,1.0,0.19799977729111554,5.0505107312808635,1.0,0.19891797365663513,5.027197802276848,1.0,0.3013891581678553,3.31796938575694,1.0,0.36882184312074945,2.7113361604036226,1.0
5006002,1,0.8957199592516615,1.1164203607067775,1.0,0.8730801038210811,1.1453702765914,1.0,0.9364253261266776,1.0678908099765791,1.0,0.91138467757902,1.0972315253931804,1.0,0.9324255523627213,1.0724716814828255,1.0,0.8910321158099012,1.1222940029395605,1.0,0.9264263366325434,1.0794166362269975,1.0,0.9123577206272803,1.096061311688646,1.0
5006200,1,0.8760579884266336,1.1414769492553358,1.0,0.8221649190742951,1.2163009839022756,1.0,0.8510926625553689,1.1749601941080579,1.0,0.7932043471616443,1.2607091773744572,1.0,0.7933048714927478,1.2605494254917629,1.0,0.7295339180238227,1.370738186798527,1.0,0.8444466009020599,1.1842075022053187,1.0,0.8272442952007879,1.2088327544855186,1.0
5006259,0,0.05052423762027611,1.0532127723762472,0.05321277237624729,0.07272672320561804,1.0784307334478969,0.07843073344789685,0.12189670080999278,1.1388181788206861,0.13881817882068603,0.13236437075422405,1.1525575556057865,0.15255755560578652,0.37824264633597515,1.6083444676721328,0.6083444676721327,0.33592059304393723,1.5058440143230682,0.5058440143230682,0.07817666592457767,1.0848065600367862,0.08480656003678615,0.12838908354976894,1.1473009127428706,0.14730091274287058
5006275,1,0.742092509272807,1.3475408894504572,1.0,0.7282126728309272,1.3732252092132637,1.0,0.7467873909843555,1.3390692077458348,1.0,0.673701671870785,1.484336527209626,1.0,0.589410056106649,1.6966117046008766,1.0,0.5403560828376097,1.8506315219931087,1.0,0.7356113606866493,1.359413480328199,1.0,0.6687045804436034,1.4954286679726685,1.0
5006309,0,0.3637899658799888,1.5718079665046047,0.5718079665046047,0.35615464040538436,1.553167985290179,0.553167985290179,0.2299773324408693,1.298663068153392,0.2986630681533919,0.24435155782244228,1.3233667194737972,0.3233667194737973,0.21241115187578297,1.2696980186828164,0.26969801868281645,0.2027726237987977,1.2543472914402558,0.25434729144025586,0.22549735037419816,1.2911511671175642,0.2911511671175643,0.27751958291578577,1.3841205607147098,0.38412056071470974
5006606,1,0.7772077188291054,1.286657319238337,1.0,0.7523668552303951,1.3291388277514868,1.0,0.889821433112343,1.1238209856356052,1.0,0.8667901865700489,1.153681727705146,1.0,0.8258651558246769,1.210851424045659,1.0,0.7787781214829759,1.2840627804178242,1.0,0.8913116434429187,1.121942036050651,1.0,0.8304709684037853,1.2041360120294868,1.0
5007208,1,0.7973637462002796,1.25413276533496,1.0,0.808712626869964,1.2365331846868688,1.0,0.876539099329234,1.140850420437883,1.0,0.8749514744314301,1.14292052670673,1.0,0.8890596221220214,1.124783957248204,1.0,0.8708743195342099,1.1482713148951889,1.0,0.8160962857788311,1.225345608632029,1.0,0.8413098286477946,1.1886227474689819,1.0
5007554,0,0.0018910261168665799,1.0018946088717242,0.0018946088717242575,0.003567798323632209,1.003580573086287,0.003580573086287107,0.0012577194536526797,1.001259303303916,0.001259303303916064,0.0029497901704778422,1.0029585171753608,0.0029585171753609115,0.11735292549217008,1.1329556613073317,0.13295566130733158,0.10335338514081098,1.1152665759598521,0.11526657595985211,0.0007250211318837443,1.0007255471689134,0.000725547168913385,0.0032040968018158178,1.0032143960378805,0.0032143960378805602
5007802,0,0.3261541157794308,1.4840188586395981,0.4840188586395983,0.43867729576705466,1.7815064177147666,0.7815064177147667,0.1766242718483102,1.2145123615008613,0.2145123615008613,0.3406264565783294,1.5165910279182953,0.5165910279182951,0.14338343031464648,1.167383442474517,0.16738344247451703,0.21024380956732244,1.2662135632670861,0.266213563267086,0.16008056799270973,1.190590385092222,0.1905903850922219,0.3076355109344535,1.4443259522880145,0.44432595228801447
5007901,0,0.16645852621160062,1.1997003525872034,0.19970035258720353,0.172152027105153,1.207951257648389,0.20795125764838915,0.24571526275246494,1.3257592930344924,0.32575929303449247,0.24995395612214488,1.3332514825754482,0.3332514825754482,0.45524833937419373,1.8356988556055216,0.8356988556055215,0.37556799549232145,1.6014553911092864,0.6014553911092864,0.29444210363036577,1.417318132424544,0.4173181324245441,0.2582088896005436,1.3480884119270418,0.3480884119270417
5007935,1,0.5809975114991197,1.7211777679042868,1.0,0.49656301664699365,2.0138430903542286,1.0,0.4944556707315412,2.0224259912329696,1.0,0.5087855659611843,1.9654645628769487,1.0,0.41342839490329913,2.418798544869904,1.0,0.4375380096713466,2.285515721825271,1.0,0.5920594878197585,1.6890194660716786,1.0,0.5681402781152747,1.760128683918273,1.0
5007976,0,0.024373895861772858,1.0249828246275783,0.024982824627578386,0.03514290977551459,1.0364229170636432,0.036422917063643256,0.01564541039423544,1.0158940797954743,0.015894079795474362,0.03879772559101534,1.0403637471778466,0.04036374717784655,0.019149014197651124,1.0195228576764768,0.0195228576764767,0.04861571141066572,1.051099972948629,0.0510999729486291,0.008470274006148545,1.0085426324436804,0.008542632443680332,0.04247019185771236,1.0443539109660818,0.04435391096608174
5008404,1,0.3018350985667156,3.3130673163875497,1.0,0.305650454479186,3.2717111502548,1.0,0.3040111024173531,3.289353553368515,1.0,0.3168795251538943,3.1557734742070966,1.0,0.17698431966906472,5.650218063780207,1.0,0.20473858598211608,4.884277163501315,1.0,0.33520715384497163,2.983229887935164,1.0,0.3483774350437991,2.870449975826583,1.0
5100300,0,0.5568580719321861,2.2566133707099145,1.2566133707099143,0.48036862998087737,1.9244411667509598,0.9244411667509597,0.4209510232330934,1.7269696349062806,0.7269696349062805,0.3966940435959755,1.6575337759972582,0.6575337759972583,0.1531925490614258,1.1809060004037897,0.18090600040378965,0.18399334783192556,1.2254802057594356,0.22548020575943553,0.427246620689472,1.7459521604286041,0.745952160428604,0.47613549489947365,1.9088905437639951,0.9088905437639951
5100607,1,0.7528648511393702,1.328259645123053,1.0,0.7135275645783916,1.40148755232866,1.0,0.8007653829380204,1.2488052322279277,1.0,0.7457610704365577,1.3409120422639043,1.0,0.8397853503904933,1.1907804768623413,1.0,0.7743948730573357,1.291330863351365,1.0,0.8835805256713104,1.131758759893716,1.0,0.7761930169745092,1.2883393410286772,1.0
5101308,0,0.04147255066111913,1.043266941066449,0.04326694106644909,0.04526498325605102,1.04741104333894,0.04741104333894005,0.05890606803654714,1.0625931865415903,0.06259318654159035,0.05618496156973631,1.0595296316354337,0.05952963163543371,0.022683586247606163,1.0232100739621397,0.023210073962139675,0.03133296899503116,1.032346480258055,0.032346480258055185,0.048815735129038015,1.0513210078550452,0.05132100785504518,0.06958805123633288,1.0747927316806298,0.07479273168062986
5101704,1,0.8910453071817873,1.1222773880744812,1.0,0.7978190087048479,1.2534171147706368,1.0,0.8400037072054857,1.1904709365233495,1.0,0.757071410883179,1.3208793590995955,1.0,0.87012725272857,1.1492571883758051,1.0,0.8150517384212733,1.2269159770605054,1.0,0.7840824260743945,1.275376117032266,1.0,0.7590227952237438,1.3174834883650908,1.0
5102504,0,0.09969251675212358,1.1107316318114795,0.11073163181147948,0.09629939481853599,1.106561171107326,0.10656117110732594,0.08855470733916766,1.0971585547176892,0.09715855471768914,0.11867210296067933,1.1346514768899738,0.13465147688997384,0.09506626195173294,1.1050532850689918,0.1050532850689918,0.13578879952347683,1.1571245541004367,0.15712455410043671,0.04050598963677639,1.0422159900940315,0.042215990094031486,0.13524223112945272,1.156393195872749,0.15639319587274877
5102637,1,0.7358779646675844,1.3589209733324825,1.0,0.6990647371403456,1.4304826818910736,1.0,0.752718223516227,1.328518386772447,1.0,0.7692151890128196,1.3000263311016524,1.0,0.8298454602760793,1.2050436471235408,1.0,0.8655831274028848,1.1552905415340322,1.0,0.9982136865195227,1.001789510106504,1.0,0.8899319243896954,1.1236814553942291,1.0
5102686,0,0.4377456404752839,1.7785544621571603,0.7785544621571603,0.4595105195252345,1.850174769584046,0.8501747695840459,0.35511842020777945,1.5506722960240202,0.5506722960240202,0.36995099924471236,1.5871781382102406,0.5871781382102407,0.4954927487181245,1.9821320654146266,0.9821320654146266,0.5484516443087658,2.2146022400395884,1.2146022400395882,0.37218346578422873,1.5928220196512293,0.5928220196512294,0.39444920473848427,1.6513891284184272,0.6513891284184273
5103437,0,0.13715226305960038,1.158953030978482,0.15895303097848193,0.13638226485081098,1.157919712970289,0.15791971297028898,0.12444819204518696,1.142136868332079,0.14213686833207897,0.13165415688136586,1.1516148870000165,0.1516148870000166,0.2212593675539709,1.284124595963349,0.28412459596334905,0.18896827012930173,1.232997382432163,0.23299738243216292,0.12452572123521109,1.1422380123044906,0.14223801230449062,0.16321335060428485,1.1950477469043623,0.19504774690436236
5103452,0,0.21624662654954827,1.2759115735572897,0.27591157355728974,0.23241924452656848,1.3027945175400026,0.3027945175400027,0.21444383104951803,1.2729834473020805,0.27298344730208035,0.2257012436099828,1.291491161192433,0.29149116119243285,0.8088833636436316,5.23240686454598,4.23240686454598,0.763475423282022,4.2278904538210345,3.227890453821034,0.15226605165955778,1.1796153757409855,0.17961537574098557,0.2457199599260442,1.325767549015286,0.32576754901528593
5103502,0,0.18613539475633184,1.2287056023287848,0.22870560232878484,0.17230849007890028,1.2081796031655871,0.20817960316558726,0.22315789183417398,1.2872628678188727,0.28726286781887256,0.19667396246481877,1.2448245833886662,0.24482458338866622,0.6962597326617864,3.2922865603673945,2.2922865603673945,0.6535065180885877,2.8860571762665055,1.8860571762665055,0.1854140998431916,1.2276176150452631,0.22761761504526318,0.23464938134596175,1.3065906992518295,0.30659069925182936
5103957,0,0.07430374249296313,1.0802679517070406,0.08026795170704068,0.06829598179265439,1.0733022295257029,0.07330222952570276,0.01998476378240688,1.0203922990621441,0.02039229906214403,0.03027280203843484,1.0312178539511632,0.031217853951163173,0.025123878063054703,1.025771354429255,0.025771354429255072,0.03601936600900401,1.0373652381997338,0.03736523819973384,0.016227324326843453,1.0164949939433312,0.016494993943331208,0.04017158382894771,1.0418528803191722,0.04185288031917225
5104609,0,0.2434366419231502,1.3217663653999252,0.3217663653999253,0.2429345103435336,1.3208896900765745,0.32088969007657453,0.18156239115943903,1.221840234610735,0.22184023461073504,0.2444760934012281,1.323584854517462,0.32358485451746194,0.2445539123456693,1.3237211977694028,0.32372119776940295,0.2953502639142421,1.4191447875292995,0.4191447875292996,0.19048626883092923,1.2353094969196332,0.23530949691963318,0.28659303080402737,1.4017244618832712,0.401724461883271
5104807,0,0.5341228126042179,2.1464884459999505,1.1464884459999505,0.47173204152863996,1.8929787127231468,0.8929787127231469,0.301093210909598,1.4308059609800876,0.4308059609800876,0.30192354443478325,1.4325078464225276,0.43250784642252765,0.20798524703615068,1.2626027435194052,0.26260274351940505,0.24466219428217176,1.3239109606723038,0.32391096067230385,0.23531987823687822,1.307736361309225,0.307736361309225,0.29844464984320646,1.4254042817526884,0.4254042817526883
5105150,0,0.055724758316774425,1.0590132578478302,0.05901325784783026,0.047367252530917184,1.0497224692902491,0.04972246929024919,0.032375771573564444,1.0334590336025529,0.03345903360255291,0.040308814870869014,1.0420018600727747,0.04200186007277463,0.026956067595287833,1.0277028268689476,0.027702826868947743,0.045321336736442265,1.0474728706950585,0.047472870695058594,0.08134353046130913,1.0885461901794,0.08854619017940003,0.20558581019986824,1.2587891969195464,0.25878919691954644
5105234,1,0.5162719376236511,1.9369636951465958,1.0,0.373310640632114,2.678734252810835,1.0,0.6000310468220256,1.6665804299566664,1.0,0.45256674419430737,2.2096188304341133,1.0,0.5818965131856741,1.7185186323343984,1.0,0.45701446421852077,2.1881145528073516,1.0,0.5310724563134175,1.882982233614165,1.0,0.47614464031850723,2.1002021556539425,1.0
5105622,1,0.4226690675712314,2.3659171600757665,1.0,0.35351294327588795,2.8287507403076377,1.0,0.5687619972352523,1.758204670602101,1.0,0.43911081715249145,2.277329459758507,1.0,0.373071752950652,2.6804495169921774,1.0,0.2695724485264824,3.7095779092638304,1.0,0.647350780264318,1.544757541794717,1.0,0.5474343179012198,1.8267031629179706,1.0
5106232,1,0.8717191318134877,1.1471584866098352,1.0,0.7527169798312383,1.3285205818317043,1.0,0.950089271229952,1.052532672751304,1.0,0.8751394756731218,1.14267499958317,1.0,0.9051105387486208,1.1048374283461229,1.0,0.8561388053417323,1.1680348954639952,1.0,0.9450376002124158,1.0581589555539699,1.0,0.8847037986529419,1.1303218111221056,1.0
5106851,0,0.006903472552088636,1.0069514617776676,0.0069514617776676585,0.010637786539331695,1.010752165783775,0.010752165783774999,0.0019662291598302353,1.0019701028334693,0.0019701028334692667,0.005555079266872913,1.0055861105537927,0.005586110553792747,0.0008899114392454413,1.0008907040870014,0.0008907040870014466,0.0029683864808523895,1.0029772240324206,0.002977224032420696,0.0012713862729063143,1.0012730047536755,0.001273004753675482,0.007265863240997944,1.007319042402147,0.00731904240214701
5107305,0,0.19153318443685957,1.2369091479697238,0.23690914796972395,0.16424576532762183,1.1965240001350486,0.19652400013504853,0.25259315660578635,1.3379593842875188,0.3379593842875187,0.2537581005417708,1.3400480470555178,0.34004804705551767,0.3316001373500161,1.4961104211412186,0.4961104211412185,0.35754988781153024,1.5565410932742416,0.5565410932742417,0.5594348474131173,2.2698118408327645,1.2698118408327645,0.4955856708730175,1.9824972096465912,0.9824972096465912
5107800,0,0.00574793291185336,1.0057811626469002,0.005781162646900256,0.006909264903828081,1.0069573349741894,0.0069573349741894235,0.007034293742768344,1.0070841255628884,0.007084125562888354,0.009276636462805233,1.0093634982319228,0.0093634982319229,0.04671809060792675,1.0490076336786038,0.04900763367860384,0.05190017957311484,1.0547412608408118,0.054741260840811684,0.002724997122731973,1.0027324430221052,0.002732443022105239,0.010405369731437174,1.0105147799039829,0.0105147799039828
5107925,1,0.009222107473291797,108.43508416011267,1.0,0.008322671615423828,120.15372541513828,1.0,0.006828629034790064,146.4422792489186,1.0,0.00832719719304055,120.08842553119186,1.0,0.1735546446428461,5.761874031420339,1.0,0.11891891960116366,8.409090860847467,1.0,0.004840370163435379,206.5957697934129,1.0,0.01130405238022502,88.46385051695009,1.0
5107958,0,0.3006792829459597,1.4299590668679196,0.42995906686791974,0.22987930996233466,1.2984977717597634,0.29849777175976355,0.2825918266622701,1.3939066171319408,0.3939066171319407,0.2531927294813296,1.3390335625756336,0.3390335625756334,0.24294305028006355,1.3209045902952707,0.3209045902952707,0.26334665484967573,1.3574906115385061,0.3574906115385062,0.2983209545626081,1.4251530047853282,0.42515300478532836,0.35423065473053955,1.5485405235250516,0.5485405235250516
5200134,0,0.24318904346469733,1.3213339359911254,0.32133393599112536,0.2858528430562971,1.4002716250802512,0.4002716250802511,0.27175548602055605,1.3731651674731693,0.37316516747316936,0.2936030927531285,1.4156347369886209,0.41563473698862075,0.34267650988851484,1.521320955425456,0.5213209554254562,0.3498199388539369,1.5380354762607058,0.5380354762607059,0.29901352492871425,1.4265610472702865,0.42656104727028654,0.30331367111436947,1.4353661878216102,0.43536618782161013
5200852,0,5.784494760008046e-06,1.0000057845282206,5.784528220581227e-06,1.498044217193106e-05,1.000014980666589,1.4980666588940594e-05,2.8706337879884073e-06,1.0000028706420285,2.8706420285504076e-06,1.2170879094585255e-05,1.0000121710272267,1.2171027226686088e-05,5.3293060368893444e-05,1.0000532959006705,5.32959006705453e-05,8.786431549734636e-05,1.0000878720363138,8.787203631366842e-05,1.895235583923184e-06,1.0000018952391758,1.8952391758479103e-06,2.0221251975982328e-05,1.0000202216608833,2.022166088328242e-05
5201306,1,0.3053249212003224,3.2751994041911314,1.0,0.2848356125999785,3.5107969501145004,1.0,0.44996820444912955,2.222379248383212,1.0,0.4215810208678531,2.3720232897141154,1.0,0.37056940946249217,2.698549784372357,1.0,0.33901076562586135,2.94975883185851,1.0,0.5335887714308127,1.8741024053383102,1.0,0.41719799436966215,2.3969434501018734,1.0
5201504,0,0.7895625620210278,4.752006152536054,3.7520061525360533,0.714881100888957,3.5073087161806757,2.5073087161806757,0.43698787377397197,1.7761606782844637,0.7761606782844637,0.41198933418692435,1.7006494237944532,0.7006494237944533,0.18502168094686944,1.2270265068668746,0.22702650686687456,0.21698298057110502,1.2771114486494364,0.27711144864943643,0.4776450695466177,1.9144071237770104,0.9144071237770105,0.5008176695372031,2.0032760355778017,1.0032760355778019
5201603,0,3.4249650062979457e-06,1.0000034249767367,3.4249767367234162e-06,9.286994441079197e-06,1.00000928708069,9.28708069014594e-06,2.2954654119614907e-06,1.000002295470681,2.2954706811350435e-06,9.39636780445e-06,1.000009396456097,9.396456097007546e-06,5.699729929601988e-05,1.0000570005481733,5.700054817332415e-05,8.062374037680818e-05,1.0000806302410883,8.063024108843221e-05,2.0533807533059924e-06,1.0000020533849696,2.0533849696871683e-06,1.5721997850945977e-05,1.000015722245036,1.5722245036048645e-05
5201702,0,0.08181281820746537,1.0891025488373143,0.08910254883731437,0.046313456546371166,1.048562556391594,0.04856255639159395,0.04223905240973835,1.044101873767157,0.044101873767156956,0.04849261787245598,1.0509639954279995,0.05096399542799955,0.04239277617604959,1.0442694824364058,0.0442694824364057,0.05495416297422994,1.05814973287135,0.05814973287135005,0.030163415973883796,1.031101544807338,0.031101544807337917,0.06325752884067315,1.067529263152107,0.06752926315210696
5202809,0,0.02131682975193662,1.021781134487613,0.021781134487613103,0.02644788504600524,1.027166378296302,0.02716637829630213,0.032848039141344994,1.0339636794120564,0.033963679412056316,0.03592198378444378,1.0372604531793534,0.037260453179353545,0.029582745856292114,1.030484562934112,0.030484562934112093,0.030078425475784216,1.0310111933436874,0.031011193343687456,0.038901473932773226,1.040476052015142,0.04047605201514184,0.03713175636768601,1.0385636940601661,0.038563694060166076
5203203,0,0.8197599815035085,5.548157442180165,4.548157442180165,0.7328766880968108,3.743589403991891,2.743589403991891,0.7582005996793748,4.135659553638278,3.135659553638278,0.7553433607667683,4.087360977139467,3.0873609771394674,0.35546337655243354,1.5515022166639547,0.5515022166639546,0.44461519967646684,1.8005534170496948,0.8005534170496947,0.8501913300311632,6.675181084032186,5.675181084032186,0.780222717207886,4.5500608038088,3.5500608038088
5203500,0,0.3956424642663019,1.6546496748584207,0.6546496748584208,0.38995332576228686,1.639218837230045,0.6392188372300448,0.5267342003116994,2.1129775290304385,1.1129775290304387,0.43073169458505617,1.7566409204374949,0.756640920437495,0.6177613850697866,2.616166867867532,1.616166867867532,0.5463768105592606,2.2044728384209695,1.2044728384209695,0.5087364363307836,2.0355672065948944,1.0355672065948947,0.3640160997100689,1.5723668469345244,0.5723668469345244
5203609,0,2.5807161427017436e-05,1.0000258078274538,2.5807827453786617e-05,4.868967511593151e-05,1.000048692045916,4.869204591582788e-05,4.9388085445162897e-05,1.0000493905247487,4.939052474861937e-05,0.00011493875535109751,1.0001149519677872,0.00011495196778720013,0.00044952883925005057,1.0004497310063074,0.00044973100630729066,0.0005623476306188322,1.0005626640434104,0.0005626640434104784,3.187430194596492e-05,1.0000318753179496,3.187531794947387e-05,0.0001630403120078847,1.0001630668984858,0.000163066898485892
5203906,0,0.06961082217034013,1.0748190368386732,0.07481903683867314,0.07367985046194271,1.0795403732701765,0.07954037327017642,0.10559629852641636,1.1180633514289355,0.11806335142893544,0.11231714232331035,1.1265284570406995,0.12652845704069945,0.0962189491636294,1.1064626759706757,0.1064626759706758,0.11972261865216248,1.1360055605073587,0.13600556050735857,0.08962838165245794,1.098452521856016,0.09845252185601588,0.11720753075251367,1.132769065024336,0.13276906502433602
5204102,0,0.21214956514524738,1.2692764460863173,0.26927644608631723,0.1891140379876992,1.233219030600052,0.23321903060005178,0.17284379741159892,1.2089614958706987,0.20896149587069862,0.15366036993045581,1.1815587554582898,0.18155875545828978,0.17430560590335054,1.211101840038589,0.21110184003858898,0.1926707103113463,1.238651951282047,0.23865195128204714,0.13286855158697278,1.153227693252437,0.15322769325243704,0.16578714151014062,1.1987348190847336,0.19873481908473353
5204250,1,0.8025967266209179,1.2459557419455058,1.0,0.8228605362050263,1.215272766162694,1.0,0.813593051922173,1.2291157079542738,1.0,0.7947909809236791,1.258192435497738,1.0,0.3801067607100261,2.630839814929982,1.0,0.4217549387178114,2.3710451454110464,1.0,0.5803653566397251,1.7230525367501779,1.0,0.6626373464473116,1.5091210982318413,1.0
5204300,1,0.9516182404899987,1.050841563824049,1.0,0.9033166339847493,1.1070315350983375,1.0,0.9030016514614992,1.107417686757837,1.0,0.83448713260837,1.198340826268086,1.0,0.7143179580956662,1.3999368049852015,1.0,0.6328903451652049,1.5800525440769166,1.0,0.8797313127032845,1.1367107042343958,1.0,0.8464925189497128,1.1813453487347436,1.0
5204706,0,0.08646764921669169,1.0946519837448012,0.09465198374480116,0.05586267172695469,1.0591679515829917,0.0591679515829917,0.11338689091409726,1.1278876769947594,0.12788767699475934,0.0813615938161557,1.0885675944620512,0.08856759446205109,0.05147931107266876,1.0542732611672245,0.05427326116722451,0.06419909979703786,1.0686033746955297,0.06860337469552975,0.16699438018395152,1.2004720931184458,0.20047209311844577,0.12568695866877005,1.1437550999781485,0.14375509997814853
5204805,0,0.004887513747724825,1.0049115188636932,0.004911518863693336,0.007516661564878779,1.0075735896752993,0.007573589675299264,0.006838596429813151,1.0068856848496426,0.006885684849642736,0.010351156809104794,1.0104594239465081,0.010459423946508005,0.0890072004888127,1.097703517016349,0.097703517016349,0.1079683841807232,1.1210364994536217,0.12103649945362173,0.004188948504533568,1.0042065696080023,0.004206569608002225,0.010488808352133363,1.0105999896117053,0.010599989611705144
5205000,1,0.5026042330666016,1.9896370428449752,1.0,0.4145339758305626,2.412347499372987,1.0,0.7154361340191817,1.397748803072321,1.0,0.61974803492996,1.6135589685460054,1.0,0.4445646739283854,2.2493915028459712,1.0,0.4191464858314738,2.3858007493878164,1.0,0.7544733705183566,1.3254278269794408,1.0,0.628971760755766,1.5898964983712627,1.0
5205059,0,0.03120946219173526,1.0322148709899064,0.03221487098990637,0.04307592523964841,1.0450149874747756,0.04501498747477556,0.04377619204844106,1.0457802783034855,0.04578027830348552,0.06520010285968243,1.0697476572891573,0.06974765728915737,0.04422345125627017,1.0462696550929163,0.04626965509291618,0.06292665138391694,1.067152322149435,0.06715232214943491,0.0776040077670161,1.0841330712844366,0.08413307128443644,0.08574115223102968,1.0937821410646016,0.09378214106460159
5205109,0,0.10762226190484,1.1206016883999896,0.1206016883999896,0.11508289154462682,1.1300493463681638,0.13004934636816382,0.15337926727283666,1.1811664436550782,0.1811664436550782,0.19320257908469232,1.2394685135030612,0.2394685135030612,0.3465291567183743,1.5302901579788328,0.5302901579788327,0.3366015595093192,1.5073897358883643,0.5073897358883642,0.09762602790642083,1.1081879918144366,0.10818799181443665,0.18279840094263866,1.2236882565495415,0.22368825654954158
5205208,0,1.113643764499474e-06,1.0000011136450047,1.1136450047032893e-06,4.827749296986057e-06,1.0000048277726044,4.827772604261853e-06,1.2631470160277936e-06,1.0000012631486115,1.263148611570193e-06,8.480657342312642e-06,1.0000084807292644,8.480729264471546e-06,3.5676608406492655e-05,1.0000356778812722,3.567788127229158e-05,7.204036463571746e-05,1.0000720455548238,7.204555482375735e-05,1.2525248155981488e-06,1.0000012525263844,1.2525263844185275e-06,1.3768949714895586e-05,1.0000137691393016,1.3769139301482247e-05
5205406,0,1.1832768941400748e-05,1.0000118329089576,1.1832908957478347e-05,2.3797041252910426e-05,1.0000237976075654,2.3797607565559382e-05,1.7648666778399866e-05,1.0000176489782593,1.7648978259336145e-05,4.0256473956789074e-05,1.0000402580946057,4.025809460572612e-05,0.0009129639867938348,1.000913798251689,0.0009137982516888219,0.0008314721843831778,1.0008321641056899,0.000832164105689901,1.1694267919160358e-05,1.0000116944046766,1.1694404676661801e-05,6.99824143877434e-05,1.0000699873122687,6.998731226883247e-05
5205471,1,0.9354481580824687,1.0690063274589723,1.0,0.8799723736242661,1.136399312039066,1.0,0.9679381141756047,1.0331239005416193,1.0,0.9187130643014175,1.0884791333193813,1.0,0.9490622242971547,1.053671692328254,1.0,0.9133289041120245,1.0948958206597443,1.0,0.9998354684294042,1.0001645586456882,1.0,0.9538867906006334,1.0483424341900474,1.0
5207402,1,0.7980753259731734,1.2530145557132712,1.0,0.7454199868567573,1.3415256065466403,1.0,0.9166744910329659,1.0908997793460333,1.0,0.8416398514184422,1.1881566661971488,1.0,0.8390729373139194,1.1917915064705198,1.0,0.7951404049010393,1.2576395235813187,1.0,0.9514875181143966,1.0509859361915148,1.0,0.8553775121781265,1.1690744563223412,1.0
5207907,0,0.010927634436344435,1.0110483669515091,0.011048366951509117,0.015500420832959862,1.015744466692484,0.01574446669248388,0.011413114878425763,1.0115448778961116,0.011544877896111482,0.015819596349088652,1.0160738786206314,0.016073878620631286,0.00639941811826811,1.0064406344309387,0.0064406344309386005,0.009274126140927647,1.009360940685644,0.009360940685644052,0.028676578274608556,1.029523202707981,0.029523202707981113,0.021195122673067522,1.0216540836320211,0.021654083632021072
5208004,0,0.4126602598125127,1.7025920971749426,0.7025920971749426,0.30451735553426934,1.437850402101981,0.43785040210198106,0.25512015830274337,1.342498405811917,0.3424984058119168,0.24258658855695375,1.3202829325331997,0.32028293253319967,0.19976719416829689,1.249636346713721,0.2496363467137211,0.2272782146555536,1.2941268370662575,0.29412683706625753,0.20400959434690177,1.2562965494282747,0.2562965494282748,0.2829276633909738,1.3945594453258574,0.3945594453258573
5208608,1,0.6654777834181111,1.5026797662029732,1.0,0.5996273971943549,1.6677023176042003,1.0,0.732235084245701,1.3656816253623414,1.0,0.6811689232583048,1.4680646251690372,1.0,0.6015927781679331,1.6622539968737,1.0,0.5631223018920927,1.7758131699632511,1.0,0.7729069753803173,1.2938167617234133,1.0,0.6840179824556147,1.4619498692271429,1.0
5208806,0,3.168187153476716e-06,1.000003168197191,3.168197190918356e-06,1.063198634743848e-05,1.0000106320993878,1.0632099387774016e-05,7.545476023241738e-06,1.0000075455329578,7.545532957879754e-06,3.108448845297909e-05,1.0000310854547285,3.1085454728437655e-05,0.0004421945243220255,1.0004423901468227,0.00044239014682256444,0.000564145886570902,1.000564464326799,0.0005644643267989817,4.3926328070792245e-05,1.0000439282576778,4.3928257677850584e-05,6.120381204521944e-05,1.0000612075581812,6.12075581811061e-05
5209101,1,0.7199145000334947,1.389053838967647,1.0,0.705329849136656,1.4177763796952996,1.0,0.8756936616620956,1.1419518534620507,1.0,0.8231778660335936,1.2148042862454593,1.0,0.8596765699733264,1.163228166182344,1.0,0.8246879967593225,1.2125797925149633,1.0,0.9100939485268947,1.0987876599098696,1.0,0.814318499762848,1.2280207318036218,1.0
5209150,0,0.15801877319132468,1.187674936400015,0.18767493640001492,0.21837112943420137,1.2793795593503714,0.27937955935037145,0.3695108350855349,1.5860700796272438,0.5860700796272437,0.3678232838948099,1.5818361773286291,0.5818361773286292,0.6117265628212525,2.5755045394455736,1.5755045394455736,0.5510246604701227,2.2272938220774026,1.2272938220774026,0.43158400787197587,1.759274921622491,0.7592749216224909,0.3731819200491304,1.5953592150347364,0.5953592150347365
5209606,0,4.444336049175969e-06,1.0000044443558014,4.4443558013866725e-06,1.2207052266074317e-05,1.00001220720128,1.2207201280018366e-05,4.788671458683904e-06,1.0000047886943901,4.7886943901680545e-06,2.0136307909669507e-05,1.0000201367133887,2.013671338873059e-05,0.00018309515041999147,1.0001831286803933,0.00018312868039327429,0.00026971641865665896,1.0002697891852295,0.00026978918522949135,3.784404992346886e-06,1.0000037844193141,3.7844193141222316e-06,3.1640843912362716e-05,1.000031641845087,3.164184508704422e-05
5209804,0,0.007217342125441605,1.0072698108374427,0.0072698108374426714,0.008556584138237221,1.0086304311485088,0.0086304311485087,0.0035711812203450943,1.0035839802633557,0.003583980263355677,0.005932123870785921,1.005967523962131,0.005967523962131166,0.005509705961888552,1.005540231005691,0.005540231005690847,0.009299219771626073,1.0093865069627608,0.009386506962760683,0.003827877754946839,1.0038425867071246,0.003842586707124495,0.007895731781711015,1.007958570519902,0.007958570519901993
5209937,0,0.0622032542776274,1.0663291428141106,0.06632914281411058,0.10412251536659776,1.1162240564726384,0.11622405647263838,0.08194028236938208,1.089253760725782,0.08925376072578192,0.10616568564957699,1.1187755761275857,0.11877557612758564,0.205098914609336,1.2580181589619261,0.2580181589619262,0.23072478125762025,1.2999248846658702,0.29992488466587014,0.04867717551854631,1.0511678835678933,0.051167883567893195,0.07658341246386535,1.0829348459812767,0.08293484598127661
5209952,0,0.5750296527491253,2.3531053553947503,1.3531053553947505,0.46931848449919417,1.8843693831248238,0.8843693831248237,0.5301838581082162,2.128492213940017,1.1284922139400169,0.4525216609146885,1.826556282885511,0.8265562828855111,0.3878604361125283,1.6336143895835948,0.6336143895835947,0.34960093550385496,1.5375175866445716,0.5375175866445716,0.6175790661991502,2.6149196124309495,1.6149196124309493,0.46403489094233225,1.8657930956703448,0.8657930956703449
5210000,1,0.24119650794478736,4.1459970068427,1.0,0.2737775194935183,3.652600848491781,1.0,0.4526619181767874,2.20915424921928,1.0,0.45009769638657204,2.2217398756494355,1.0,0.4494875299808139,2.2247558236881106,1.0,0.40549631458138513,2.4661136588438586,1.0,0.39595849491533053,2.5255172267836663,1.0,0.39827684788355483,2.5108162960363,1.0
5210109,1,0.1184738509283386,8.44068114747845,1.0,0.12905267536950005,7.748773879633473,1.0,0.19562839951045788,5.111732256167347,1.0,0.15890503490448896,6.293066803081837,1.0,0.23069419678737302,4.334742763042641,1.0,0.2153456369851488,4.643697518092575,1.0,0.13690984412200372,7.30407668208924,1.0,0.15959073969862558,6.266027727476046,1.0
5210158,0,0.05392467604440358,1.056998290388699,0.05699829038869902,0.06590971091223494,1.0705603212903567,0.07056032129035678,0.08203967977012502,1.0893717059029095,0.08937170590290952,0.09774396136990093,1.1083328425468963,0.10833284254689633,0.1549148678566952,1.1833127361545221,0.18331273615452223,0.15776120755337286,1.1873117326917357,0.18731173269173568,0.06180016233110013,1.0658710008782906,0.06587100087829052,0.09038622147405365,1.0993676916597799,0.09936769165977999
5210406,0,0.1601459671975888,1.1906830960413637,0.19068309604136371,0.15512713159489147,1.183610028675355,0.18361002867535506,0.29565794965961506,1.419764728680807,0.41976472868080705,0.25954864733379907,1.3505276158916073,0.35052761589160725,0.299615335552616,1.427786830239948,0.42778683023994796,0.2611687935773458,1.3534891207991857,0.3534891207991858,0.3219972166624428,1.4749201988189036,0.47492019881890374,0.2904689748243738,1.4093816401509374,0.40938164015093725
5210562,0,3.6098765750233122e-06,1.0000036098896063,3.6098896062792402e-06,1.2794669653656657e-05,1.0000127948333593,1.2794833359322762e-05,1.0458475768666714e-05,1.0000104585851495,1.0458585149526075e-05,3.0357607180147565e-05,1.0000303585287924,3.0358528792439215e-05,0.0002985080070061293,1.0002985971406435,0.00029859714064348053,0.0003762343416232656,1.00037637594718,0.0003763759471799557,8.040771363129287e-06,1.0000080408360177,8.040836017653274e-06,5.777749047176939e-05,1.000057780828903,5.7780828903060786e-05
5210901,1,0.4329969091187704,2.3094853079556312,1.0,0.3307647288483342,3.0232969624114028,1.0,0.4075696234955791,2.45356852511077,1.0,0.371625392547583,2.6908817859424388,1.0,0.21701697602782505,4.607934449661597,1.0,0.23808045264792826,4.200260831487888,1.0,0.4524318093802345,2.2102778347301753,1.0,0.37482243780235136,2.6679299293371352,1.0
5211206,0,0.3079351011877998,1.444951191306354,0.44495119130635397,0.26207162093520187,1.3551450633560593,0.3551450633560593,0.45530163551324804,1.8358784699900117,0.8358784699900118,0.36850878715878504,1.5835533094764451,0.5835533094764449,0.5211724227675487,2.088434433496592,1.0884344334965919,0.4174849238683009,1.716693766349685,0.716693766349685,0.37044971999160015,1.5884354780791414,0.5884354780791414,0.33873402685795306,1.5122508046927576,0.5122508046927577
5211305,0,0.45945896749956394,1.84999831626879,0.84999831626879,0.3766411239406243,1.6042123380380788,0.6042123380380787,0.2463607289495869,1.3268947604153012,0.3268947604153011,0.2119725079004694,1.2689912598553053,0.2689912598553053,0.23940668955792094,1.3147630754453663,0.3147630754453662,0.2224704808021393,1.286124803379364,0.28612480337936397,0.21428492579032798,1.2727259954963586,0.2727259954963585,0.21746785559023252,1.2779027764466593,0.2779027764466593
5211503,1,0.7710075683434531,1.2970041294776757,1.0,0.7882663896308483,1.2686066704788825,1.0,0.800439538229713,1.2493135986406214,1.0,0.7960983631808703,1.256126185217145,1.0,0.6976037885418673,1.4334784535648835,1.0,0.681954239224132,1.4663740504607945,1.0,0.8463293263117597,1.1815731405148462,1.0,0.7933559430617111,1.2604682787662878,1.0
5211602,0,0.04907723450168791,1.0516101162810736,0.05161011628107354,0.04078391286307464,1.04251796170851,0.042517961708510056,0.04567107819142868,1.0478567474460234,0.04785674744602347,0.04584049989205159,1.048042806141809,0.048042806141809044,0.03394965321133376,1.0351427369434614,0.0351427369434614,0.04178981493002687,1.0436123677050826,0.04361236770508255,0.06298619686095011,1.0672201376862782,0.0672201376862782,0.06042415031610452,1.0643100291865029,0.06431002918650283
5211701,1,0.2571718480661783,3.888450495338311,1.0,0.25052742924750904,3.991578898181437,1.0,0.3420402640883488,2.9236324052822638,1.0,0.2819154251697236,3.547163123117377,1.0,0.30438207612894036,3.2853445666635985,1.0,0.281853133259038,3.5479470759721763,1.0,0.41007298200507214,2.4385903092431267,1.0,0.3346243921002922,2.9884253019435723,1.0
5211909,1,0.6791677232336603,1.47239034746644,1.0,0.6503726855890829,1.5375799478636436,1.0,0.6411209062766101,1.5597681969343742,1.0,0.635109569077112,1.5745314646307662,1.0,0.7181485737460048,1.3924695203163915,1.0,0.6824529942257246,1.4653023848690818,1.0,0.6633012702204534,1.5076105608355646,1.0,0.6496671510852842,1.5392497501674152,1.0
5212105,0,0.028891138561976223,1.0297506692701723,0.029750669270172298,0.029289996032072885,1.0301737861074323,0.030173786107432193,0.059374910879711314,1.0631228228615943,0.06312282286159428,0.04507998314560419,1.047208124607234,0.04720812460723388,0.10669461831963499,1.119438011353895,0.11943801135389505,0.09183994849063018,1.101127492161752,0.1011274921617521,0.07606628209204742,1.0823287218744253,0.08232872187442516,0.052544198159876335,1.0554582050770351,0.055458205077035125
5213004,0,0.11758665803790844,1.133255757190217,0.13325575719021704,0.13454496911954408,1.1554615367856456,0.15546153678564564,0.20125656740810313,1.2519664753361814,0.2519664753361815,0.24590684325648152,1.326096107698958,0.32609610769895786,0.20653966029666027,1.2603024372634448,0.2603024372634449,0.22168693799092015,1.2848300366676024,0.2848300366676024,0.16014835099039432,1.1906864756165556,0.19068647561655575,0.19220371826145327,1.2379358788923747,0.2379358788923745
5213103,1,0.8399990561877098,1.1904775280801456,1.0,0.7923532546977203,1.2620633462047128,1.0,0.791509772009391,1.2634082804326203,1.0,0.7330274918060492,1.3642053145048871,1.0,0.5455078152946347,1.8331543049660786,1.0,0.5544525886856397,1.8035807216096778,1.0,0.8412131844972425,1.188759304334558,1.0,0.7957190506727349,1.256724969893026,1.0
5213707,1,0.05484505237824751,18.23318524893263,1.0,0.0510006277705787,19.60760178283298,1.0,0.07366569827956312,13.574839081888229,1.0,0.0650490093023915,15.373024289291294,1.0,0.14910503203422476,6.706681768932288,1.0,0.15689128478130995,6.373840340423596,1.0,0.0675640838208612,14.800763119224571,1.0,0.08065713417398862,12.39815932268138,1.0
5213756,0,0.03031231244777376,1.031259871437876,0.03125987143787589,0.029299023540621225,1.030183366712465,0.030183366712464937,0.0427436679866056,1.0446522697809717,0.0446522697809718,0.03262415447748483,1.033724383990447,0.03372438399044719,0.3878554471374427,1.6336010756343797,0.6336010756343796,0.24970961798465285,1.332817298435721,0.33281729843572094,0.029025066526054962,1.0298927042557209,0.02989270425572095,0.03202407532500406,1.0330835452707734,0.03308354527077349
5213806,1,0.5504447443663516,1.8167127767768174,1.0,0.5089796672942448,1.9647150254862593,1.0,0.509230164915472,1.963748553988336,1.0,0.5008762329427313,1.9965011997571405,1.0,0.4635459828241222,2.1572832837587512,1.0,0.45756465175833166,2.185483507428284,1.0,0.6586941132850902,1.5181553619975783,1.0,0.5870119899398409,1.7035427165678225,1.0
5213905,0,0.004631659787164274,1.004653211881517,0.004653211881517051,0.006060362394274704,1.0060973143287386,0.006097314328738663,0.00801349583754635,1.008078230705681,0.008078230705681066,0.00901647518821122,1.0090985116931421,0.009098511693142085,0.02215460069200356,1.0226565474539042,0.022656547453904236,0.02178306357319496,1.0222681317017095,0.022268131701709576,0.00889287802442658,1.0089726708922244,0.008972670892224456,0.010270254961307578,1.0103768276267235,0.01037682762672357
5214408,0,1.876905730837614e-05,1.0000187694095926,1.8769409592500426e-05,2.9730313333824332e-05,1.0000297311972517,2.9731197251634413e-05,2.6195936100154588e-05,1.0000261966223452,2.6196622345199583e-05,5.1376883490748094e-05,1.0000513795232107,5.137952321052589e-05,0.0005451005979369678,1.0005453978946555,0.0005453978946554581,0.0005073358762423431,1.000507593396583,0.0005075933965829734,1.6994713428782075e-05,1.000016995002254,1.6995002253975102e-05,8.373285812003815e-05,1.0000837398698987,8.373986989868337e-05
5214705,0,0.009312540999826056,1.0094000796267517,0.009400079626751812,0.013609587331467759,1.013797363758483,0.01379736375848286,0.01170123069216292,1.0118397705790507,0.011839770579050675,0.017158110963013565,1.017457651280844,0.01745765128084388,0.01590078192354524,1.016157702019747,0.01615770201974686,0.019755614397618044,1.0201537643956795,0.020153764395679532,0.006575465990527063,1.0066189889271089,0.006618988927108943,0.018162529109076262,1.018498508813883,0.018498508813882913
5214861,0,0.2199586639087151,1.2819833433583245,0.28198334335832465,0.20663235535403993,1.2604496877941744,0.26044968779417454,0.4005038176828826,1.6680673363671676,0.6680673363671678,0.31173909905129,1.4529373942665984,0.4529373942665983,0.39226195858377394,1.6454457872501722,0.6454457872501724,0.32293646238670687,1.4769662586248338,0.47696625862483377,0.43015056217190506,1.7548494981610696,0.7548494981610695,0.2981580417606385,1.4248221957384775,0.42482219573847757
5215900,0,0.042026197283487034,1.0438698815816403,0.04386988158164026,0.04046386101797486,1.0421702314004588,0.04217023140045887,0.03724586476833033,1.038686787628669,0.038686787628668846,0.03141597095514227,1.0324349462855817,0.0324349462855817,0.055873007822665896,1.0591795471219525,0.05917954712195258,0.046787039286639534,1.0490835114659218,0.04908351146592184,0.03132272832468823,1.0323355664890497,0.03233556648904962,0.04363974553223424,1.0456310739894985,0.04563107398949851
5216007,0,0.0163852717811646,1.0166582212639654,0.01665822126396545,0.028812277605534505,1.029667052971487,0.029667052971487088,0.017317615345916252,1.0176228002214696,0.01762280022146959,0.03295111123212434,1.0340738835594006,0.0340738835594006,0.03378398130919577,1.0349652465449415,0.0349652465449415,0.055294367787055744,1.0585307908639545,0.058530790863954484,0.010442795433461981,1.0105529982352424,0.0105529982352423,0.028527780996366645,1.0293655139470952,0.029365513947095124
5216304,0,0.17140070453428338,1.206855962190925,0.206855962190925,0.18061759053575827,1.2204313742271526,0.22043137422715262,0.146848490635215,1.1721247504379981,0.17212475043799808,0.1706456035131027,1.2057571579001074,0.2057571579001073,0.2629489075470432,1.3567580460018467,0.3567580460018466,0.2866280020037361,1.4017931777653505,0.4017931777653505,0.12804714479665524,1.1468509954781831,0.14685099547818312,0.1522902871838277,1.179649100253794,0.17964910025379427
5216403,1,0.1456311014303321,6.866665088558616,1.0,0.18521932339237188,5.399004713355865,1.0,0.14716325832698565,6.795174361919029,1.0,0.18468167206387398,5.414722472591325,1.0,0.3935631147169658,2.540888519797284,1.0,0.3882165925260903,2.575881657950502,1.0,0.14774713902398906,6.7683205685467405,1.0,0.1805516966760901,5.538579910406496,1.0
5216452,1,0.2861486297457281,3.494687361909092,1.0,0.2625576812687107,3.8086868956485223,1.0,0.3911988967604734,2.5562444277860235,1.0,0.2933680256776563,3.4086877657852495,1.0,0.4735349406489065,2.1117765853342405,1.0,0.4094904688972276,2.4420592808741937,1.0,0.2762637840558806,3.6197288885239023,1.0,0.27142632046233023,3.6842410798505614,1.0
5217708,0,0.1262248975261575,1.1444592517786192,0.1444592517786191,0.1276855511142469,1.146375600309436,0.14637560030943597,0.19616969191062936,1.244043661872997,0.24404366187299698,0.17246532713626722,1.208408581285713,0.20840858128571307,0.20975739835983107,1.2654341817619985,0.26543418176199834,0.2052097223798258,1.2581935488620741,0.25819354886207396,0.1888873856685162,1.2328744274606018,0.2328744274606018,0.19211330694800935,1.237797340394671,0.23779734039467104
5218052,0,0.16213884418364038,1.1935151702141658,0.19351517021416564,0.21698296844951112,1.2771114288789516,0.2771114288789516,0.344101266026507,1.5246255987443533,0.5246255987443532,0.4025090766233645,1.6736655920204468,0.6736655920204467,0.7392766239561984,3.8354827065142016,2.8354827065142016,0.7550752250407401,4.082886266472378,3.0828862664723777,0.3690239274676455,1.5848461511172802,0.5848461511172804,0.42414707811301106,1.7365545297975404,0.7365545297975405
5218508,1,0.8483524150737621,1.1787554113499548,1.0,0.8218134764348182,1.216821126295213,1.0,0.8631199859430306,1.1585874690497597,1.0,0.8289374836875236,1.2063635915600122,1.0,0.8450718031518945,1.1833314000896307,1.0,0.7991296498952842,1.2513614031603473,1.0,0.8655062105753378,1.1553932112575582,1.0,0.839199051089198,1.191612405545619,1.0
5218607,0,0.12497272260556234,1.1428215163505449,0.14282151635054477,0.10756618520988241,1.120531274619149,0.12053127461914899,0.3441319461837068,1.5246969175908318,0.5246969175908317,0.26664221033508473,1.3635908885033028,0.36359088850330273,0.3045041636011029,1.4378231294348922,0.4378231294348921,0.2516413414371147,1.3362576734534688,0.33625767345346885,0.313678528353409,1.4570431515144728,0.45704315151447295,0.2658701951829423,1.3621569284320176,0.36215692843201774
5218706,0,0.05258073246393161,1.0554989055697348,0.055498905569734844,0.03848160164363213,1.040021700790555,0.0400217007905549,0.07029496245094169,1.0756099618823807,0.07560996188238078,0.04764601437636138,1.0500297316917941,0.0500297316917941,0.034985529466736824,1.0362538910400005,0.03625389104000063,0.028877846828427783,1.0297365750890515,0.02973657508905145,0.06702763530563732,1.071843109015984,0.07184310901598384,0.06465261279936943,1.0691214982626573,0.0691214982626573
5218805,0,0.6878199613788808,3.2032797625912948,2.2032797625912948,0.6798121048905101,3.1231661635991737,2.1231661635991737,0.629837824114169,2.7015185914306645,1.7015185914306643,0.6594591597243588,2.9365053518708004,1.9365053518708006,0.7044737637107157,3.3837943207895806,2.3837943207895806,0.6639728824632698,2.975950296305157,1.9759502963051567,0.7121772621469569,3.474360668859252,2.474360668859252,0.6734852970750058,3.0626492192901846,2.0626492192901846
5218904,1,0.4588935432995997,2.1791546527538,1.0,0.3684247904448141,2.7142581767982,1.0,0.5952239626623412,1.6800398887288752,1.0,0.48960690906798293,2.0424548377056255,1.0,0.5754504289597512,1.737769145133339,1.0,0.48091767780766675,2.079357956976432,1.0,0.5464258546059373,1.830074458539602,1.0,0.49493999142614725,2.0204469578595683,1.0
5219308,1,0.4451617586295118,2.2463744484221415,1.0,0.44815490663646185,2.231371307535831,1.0,0.5628924943633445,1.7765381667258553,1.0,0.5563168927244854,1.7975366433735955,1.0,0.5325551531759535,1.8777397872058617,1.0,0.5166276276504028,1.9356301259921989,1.0,0.6305016176148425,1.586038754005029,1.0,0.5479253283034554,1.825066205820976,1.0
5219357,0,0.06834082237292201,1.0733538873593078,0.0733538873593078,0.06778116795106856,1.0727095029844997,0.07270950298449966,0.06416697655183913,1.0685666939978353,0.06856669399783535,0.06770017804390567,1.0726163155344826,0.07261631553448258,0.18091030949569062,1.22086752109443,0.22086752109442992,0.15529499960699286,1.1838452471984189,0.18384524719841883,0.05267081774076543,1.0555992771331646,0.055599277133164655,0.06490124615521288,1.0694057669185875,0.06940576691858745
5219456,0,0.08939570429185059,1.098171845568036,0.09817184556803596,0.06774077840990775,1.0726630285237264,0.0726630285237263,0.14148835304004176,1.1648065620787564,0.16480656207875638,0.09652405413674695,1.1068363298200707,0.10683632982007081,0.10313127714521028,1.114990382111818,0.1149903821118178,0.09658672495230415,1.1069131123263656,0.10691311232636562,0.19299092391968675,1.2391434367219933,0.2391434367219934,0.11369587335548874,1.1282808800472741,0.12828088004727428
5219712,1,0.16825877295782823,5.943226510100821,1.0,0.16820826943168513,5.945010928289306,1.0,0.15456060973781205,6.469953772156722,1.0,0.17189398989333868,5.8175390577675605,1.0,0.1096032716286835,9.123815239638313,1.0,0.12673618314062604,7.890406474450973,1.0,0.20014788120877602,4.996305701367336,1.0,0.1956046670083123,5.112352457099117,1.0
5219738,0,1.3040897243773816e-05,1.000013041067311,1.3041067310992567e-05,2.6890364314975538e-05,1.0000268910874262,2.6891087426113255e-05,3.998326015402058e-06,1.0000039983420022,3.998342002076904e-06,1.423409925013608e-05,1.0000142343018625,1.423430186260155e-05,4.814775616350393e-05,1.0000481500744816,4.815007448154932e-05,9.02292502333514e-05,1.0000902373922855,9.023739228560034e-05,1.97683420807347e-06,1.000001976838116,1.9768381159546813e-06,1.8571765352811135e-05,1.0000185721102697,1.857211026968517e-05
5220157,0,0.24459221907037004,1.3237883236645598,0.32378832366455995,0.1774483259224758,1.2157290921831516,0.2157290921831515,0.2874864725903355,1.4034821256453747,0.40348212564537483,0.23349786586781224,1.304627809199999,0.3046278091999991,0.21211457099793873,1.2692200708250232,0.2692200708250232,0.20125761548968454,1.2519681181224276,0.2519681181224275,0.41509127975810467,1.7096684754271387,0.7096684754271387,0.286350996988328,1.4012490675106353,0.4012490675106354
5220280,0,0.02234880394645797,1.0228596906920104,0.02285969069201038,0.026135353993374976,1.0268367417387458,0.02683674173874588,0.03698623400584154,1.0384067552426512,0.03840675524265132,0.04115613558614521,1.0429226666755635,0.042922666675563624,0.053890772833569855,1.0569604135401693,0.05696041354016931,0.05299541980918903,1.0559611018972168,0.05596110189721684,0.027133002071112612,1.0278897342893483,0.027889734289348277,0.03896428959659403,1.04054406009558,0.04054406009557992
5220405,0,0.8400856476522895,6.253347403275259,5.253347403275259,0.7943843327889831,4.86344262362912,3.8634426236291204,0.812214682767511,5.325229973981099,4.325229973981099,0.7530327462162292,4.049119811145237,3.0491198111452373,0.484794223402574,1.9409720259821248,0.9409720259821248,0.4530089789059211,1.8281835742016805,0.8281835742016805,0.8231856773723665,5.655650431136026,4.655650431136026,0.7757335321671375,4.458981361160345,3.458981361160345
5220504,0,0.2707401111192804,1.3712532599795348,0.3712532599795348,0.254611180502692,1.3415817005068609,0.3415817005068608,0.22900877512299012,1.29703162336189,0.2970316233618898,0.21058430075698673,1.2667597071592576,0.2667597071592575,0.18812464769136844,1.2317161706614461,0.23171617066144598,0.19901688460967057,1.2484657676119515,0.24846576761195158,0.20263416170073068,1.2541294747878045,0.2541294747878044,0.23265012786709574,1.3031865076362468,0.3031865076362467
5221502,0,0.004948047399175485,1.0049726523185474,0.004972652318547277,0.007114575011202845,1.0071655548889573,0.007165554888957222,0.0048820484062657475,1.0049059997344505,0.004905999734450462,0.008351722300715547,1.0084220610155168,0.008422061015516825,0.009159782969274385,1.0092444602185442,0.009244460218544342,0.013482631407198752,1.0136668971438696,0.013666897143869644,0.00788505525255437,1.0079477234914163,0.00794772349141621,0.01113002630952612,1.0112552980732024,0.01125529807320242
5221551,1,0.33883869078610745,2.951256828669698,1.0,0.4054271382996198,2.466534441167521,1.0,0.5059505808015787,1.9764776204341885,1.0,0.5371493652414174,1.8616795712875098,1.0,0.6914353840888354,1.4462667416388981,1.0,0.6641951206636705,1.5055816715437322,1.0,0.5424797330441633,1.8433868384140906,1.0,0.5180183899795238,1.9304333964659595,1.0
5221601,1,0.32251535770895956,3.1006275394252945,1.0,0.2655338881075256,3.7659976552411227,1.0,0.47093913245036695,2.123416660656017,1.0,0.37370487947436026,2.675908330141591,1.0,0.27407820334278676,3.6485936780215624,1.0,0.2749851669069269,3.636559787017406,1.0,0.6094617883552721,1.6407919562909044,1.0,0.4401663603413035,2.271868298214801,1.0
5221700,0,0.06072733873901661,1.0646535785013582,0.0646535785013582,0.07048571535686074,1.0758306962263864,0.07583069622638638,0.07833094219056733,1.0849881435498547,0.08498814354985462,0.08030811653310782,1.0873206755183884,0.08732067551838825,0.06091646531007919,1.0648679942303465,0.0648679942303465,0.07483810943002275,1.080891906803377,0.08089190680337709,0.09402226337684882,1.1037798828559495,0.10377988285594941,0.08764778997984725,1.096067931898703,0.09606793189870304
5222054,0,0.29245775148607706,1.4133431637479414,0.4133431637479414,0.3067065179487135,1.4423905977613458,0.4423905977613458,0.40384227172503057,1.6774084316470756,0.6774084316470756,0.45647184452132133,1.839831092318138,0.8398310923181379,0.47728476224232885,1.9130875240786387,0.9130875240786386,0.536009279006871,2.155215513490427,1.1552155134904272,0.4141314583768732,1.7068675461384861,0.7068675461384861,0.4542239707200752,1.8322534269586013,0.8322534269586012
5222203,1,0.12509570367685777,7.993879650600633,1.0,0.13323544692625675,7.505510155668114,1.0,0.05729464838270766,17.453637088761926,1.0,0.09776247550874027,10.22887355088095,1.0,0.02268882287424706,44.07456506415102,1.0,0.040047427119659,24.97039315439835,1.0,0.06140537051304185,16.285220521348545,1.0,0.09804358096076268,10.199545857063328,1.0
5222302,0,0.24730312584471575,1.3285560686328775,0.3285560686328773,0.19582934006635,1.2435171411034909,0.24351714110349085,0.43473051324299017,1.7690677162446344,0.7690677162446344,0.2721527579090705,1.3739146652905374,0.37391466529053724,0.5800957449151195,2.3814952763406922,1.3814952763406922,0.4886133280108428,1.9554674667414929,0.9554674667414929,0.4315873162663726,1.759285161322377,0.7592851613223771,0.26067544194680353,1.3525859368627213,0.35258593686272116
