Cidade,uf,corr_pearson,corr_spearman
Abadia de Goiás (GO),GO,0.5366830154924424,0.36893018569362623
Abadia dos Dourados (MG),MG,0.6851386711015293,0.20668788485122194
Abaeté (MG),MG,0.5485188225421224,0.6606060606060606
Abatiá (PR),PR,0.24217637326407895,0.16363636363636364
Abre Campo (MG),MG,-0.6406027156308999,-0.40606060606060607
Acaiaca (MG),MG,0.965858118105772,0.9272727272727272
Acorizal (MT),MT,0.7349550547905188,0.7575757575757576
Acreúna (GO),GO,0.31076486467508224,0.44242424242424244
Adamantina (SP),SP,0.47164586402597886,0.40606060606060607
Adolfo (SP),SP,0.8812099503623864,0.8666666666666667
Adrianópolis (PR),PR,-0.2332333159256864,-0.12727272727272726
Aguanil (MG),MG,0.814224231365963,0.41818181818181815
Aguaí (SP),SP,0.6499811783333324,0.47878787878787876
Agudos (SP),SP,0.9213899631748471,0.9030303030303031
Aimorés (MG),MG,0.959836210112839,0.7454545454545455
Aiuruoca (MG),MG,0.5559528359508095,0.5393939393939394
Alagoa (MG),MG,0.003128163960911433,-0.05219667262143741
Alambari (SP),SP,0.2754743923641496,0.22424242424242424
Alcinópolis (MS),MS,0.2797083738329614,0.38924947208076144
Alexânia (GO),GO,-0.4587881653956441,-0.4995967236623295
Alfenas (MG),MG,0.850330010160685,0.6
Almenara (MG),MG,0.9253340386751356,0.41818181818181815
Alpercata (MG),MG,0.880630703176274,0.8466580400786594
Alpinópolis (MG),MG,0.6557507964085907,-0.15151515151515152
Alta Floresta (MT),MT,-0.4657335852813935,-0.683349073208448
Altair (SP),SP,0.9935798503560419,0.9393939393939394
Alterosa (MG),MG,-0.3840056889267218,-0.6
Altinópolis (SP),SP,0.6497708177340208,0.5515151515151515
Alto Alegre (SP),SP,0.9592685817866685,0.9515151515151515
Alto Araguaia (MT),MT,0.36544302517220734,0.40606060606060607
Alto Caparaó (MG),MG,0.4320444968573557,0.3333333333333333
Alto Garças (MT),MT,-0.0323898121798659,0.5393939393939394
Alto Horizonte (GO),GO,-0.11453604826610073,0.1393939393939394
Alto Jequitibá (MG),MG,-0.2259055159622566,-0.03647433262080387
Alto Paraná (PR),PR,0.5960874424601817,0.3939393939393939
Alto Paraíso (PR),PR,0.39763995209718905,0.31890575373516844
Alto Paraíso de Goiás (GO),GO,-0.8194321322530826,-0.812776759390954
Alto Piquiri (PR),PR,0.4272863871157003,0.4061811972299616
Alto Rio Doce (MG),MG,0.7622113427809339,0.7212121212121212
Alto Taquari (MT),MT,-0.42451126462528666,-0.2727272727272727
Alumínio (SP),SP,0.7677973096254836,0.3404271044608361
Alvarenga (MG),MG,0.592115879746223,0.6484848484848484
Alvinópolis (MG),MG,0.29663693374687333,0.6606060606060606
Alvorada de Minas (MG),MG,0.6239575252732106,0.5878787878787879
Alvorada do Norte (GO),GO,-0.31810001399998444,-0.6934700791133828
Alvorada do Sul (PR),PR,0.8443728368486318,0.6848484848484848
Além Paraíba (MG),MG,0.9450497777282041,0.8986463755309779
Amambai (MS),MS,0.5086987773034012,0.3696969696969697
Amaporã (PR),PR,0.9294599850744877,0.5272727272727272
Amaralina (GO),GO,0.7971376824494758,0.7212121212121212
Americana (SP),SP,0.99034085480846,0.9151515151515152
Americano do Brasil (GO),GO,0.9940580919966622,0.937436866561092
Amorinópolis (GO),GO,-0.6949929666965685,-0.7680367542868648
Amparo (SP),SP,0.6653940565491667,0.7090909090909091
Amparo do Serra (MG),MG,0.33219583034366373,0.15151515151515152
Ampére (PR),PR,-0.3485777435241959,-0.34545454545454546
Américo Brasiliense (SP),SP,0.7757841030964994,0.6606060606060606
Américo de Campos (SP),SP,0.9102857801552015,0.7696969696969697
Anahy (PR),PR,0.3647439825582921,0.3090909090909091
Analândia (SP),SP,0.6136323516812403,0.5151515151515151
Anastácio (MS),MS,-0.6402506408993573,-0.5878787878787879
Anaurilândia (MS),MS,0.5287205263570358,-0.21166451001966485
Andirá (PR),PR,0.6602196456004837,-0.06666666666666667
Andradas (MG),MG,-0.2471343961884804,-0.1393939393939394
Andradina (SP),SP,0.8970673060825018,0.7818181818181819
Andrelândia (MG),MG,0.9434873757603274,0.8909090909090909
Angatuba (SP),SP,-0.27564788097687765,-0.27609440361293197
Angelândia (MG),MG,0.43869259281589956,0.3333333333333333
Angélica (MS),MS,-0.017854133795216914,-0.030303030303030304
Anhanguera (GO),GO,-0.6800430716336404,-0.5272727272727272
Anhembi (SP),SP,0.9205502977424612,0.7575757575757576
Anhumas (SP),SP,0.8369832485493219,0.6121212121212121
Anicuns (GO),GO,0.6529598752571727,0.07878787878787878
Antonina (PR),PR,0.21523207268598024,0.17575757575757575
Antônio Carlos (MG),MG,-0.3738696604419732,-0.05454545454545454
Antônio Dias (MG),MG,0.917676365907801,0.3939393939393939
Antônio Prado de Minas (MG),MG,0.9959707049066889,0.8666666666666667
Anápolis (GO),GO,-0.3118588981792834,-0.4061811972299616
Aparecida d'Oeste (SP),SP,0.9241233810489682,0.806060606060606
Aparecida de Goiânia (GO),GO,-0.2736374901715516,-0.17575757575757575
Aparecida do Taboado (MS),MS,0.5528190486668839,0.5272727272727272
Apiacás (MT),MT,-0.46651003414250125,-0.6227991553292184
Aporé (GO),GO,0.9146320451508284,0.6121212121212121
Apucarana (PR),PR,-0.5316969724688374,-0.6484848484848484
Aquidauana (MS),MS,-0.5771870014056961,-0.5636363636363636
Aracitaba (MG),MG,0.9214392631904279,0.8545454545454545
Aragarças (GO),GO,0.8619591699978593,0.7696969696969697
Aragoiânia (GO),GO,-0.10912261232498555,-0.10334394242561097
Araguainha (MT),MT,0.699627508687826,0.5515151515151515
Araguari (MG),MG,0.039128409987449236,-0.5878787878787879
Aramina (SP),SP,0.905658607968618,0.9636363636363636
Arandu (SP),SP,-0.22719700290519354,-0.12727272727272726
Arantina (MG),MG,0.8255389326639111,0.7333333333333333
Arapeí (SP),SP,0.8647821378139381,0.7090909090909091
Araponga (MG),MG,-0.5135745724412745,-0.4303030303030303
Arapongas (PR),PR,-0.34718146508752107,-0.28484848484848485
Araporã (MG),MG,0.8576937298928474,0.6242424242424243
Arapoti (PR),PR,0.23607881441290643,0.2
Araputanga (MT),MT,0.28397711545583887,0.696969696969697
Arapuã (PR),PR,-0.20486948460766502,0.07878787878787878
Araraquara (SP),SP,0.9392447959367302,0.8545454545454545
Araras (SP),SP,0.9519429424546921,0.9636363636363636
Araruna (PR),PR,0.17624777050492482,0.11515151515151516
Araxá (MG),MG,0.895535465319581,0.47878787878787876
Araçatuba (SP),SP,0.8921986171295938,0.8424242424242424
Araçaí (MG),MG,0.9771286244291074,0.683349073208448
Araçoiaba da Serra (SP),SP,-0.7321409439857058,-0.6848484848484848
Araçu (GO),GO,0.9714316917033363,0.781631749350903
Araçuaí (MG),MG,-0.47051968258538146,-0.34545454545454546
Araújos (MG),MG,0.838487007583728,0.806060606060606
Arceburgo (MG),MG,0.9597977830070562,0.7818181818181819
Arco-Íris (SP),SP,0.8336148920412066,0.7575757575757576
Arcos (MG),MG,0.8840688622511901,0.8909090909090909
Areado (MG),MG,0.87264287823092,0.8303030303030303
Arealva (SP),SP,0.8133728592400973,0.806060606060606
Areias (SP),SP,0.5646965723616577,0.5636363636363636
Areiópolis (SP),SP,0.943823018111046,0.8909090909090909
Arenápolis (MT),MT,0.47200976336276734,0.7454545454545455
Arenópolis (GO),GO,-0.32656691519914705,-0.2526318345396
Argirita (MG),MG,0.7400136188788523,0.6934700791133828
Aricanduva (MG),MG,-0.3074426810641501,-0.5757575757575758
Arinos (MG),MG,0.40793863073940617,0.5393939393939394
Aripuanã (MT),MT,0.7708957643289827,0.9151515151515152
Ariranha (SP),SP,0.853050599398296,0.9272727272727272
Ariranha do Ivaí (PR),PR,0.07355837778033848,0.0259499648053841
Artur Nogueira (SP),SP,0.9268022823919408,0.8787878787878788
Aruanã (GO),GO,0.5515197843432941,0.5222329678670935
Aspásia (SP),SP,0.9749880079573847,0.9878787878787879
Assaí (PR),PR,0.4765781009918009,0.6121212121212121
Assis (SP),SP,0.5590398260804693,0.3696969696969697
Assis Chateaubriand (PR),PR,-0.10917636691371083,-0.01818181818181818
Astolfo Dutra (MG),MG,0.9849629733662226,0.9442111532158908
Astorga (PR),PR,0.5666669947181903,0.41818181818181815
Atalaia (PR),PR,0.2661706371893883,0.3333333333333333
Ataléia (MG),MG,0.9492997694663956,0.22424242424242424
Atibaia (SP),SP,0.681568858793286,0.5272727272727272
Augusto de Lima (MG),MG,0.9291294680152973,0.8545454545454545
Auriflama (SP),SP,0.9313049303368881,0.9030303030303031
Avanhandava (SP),SP,0.989507885887858,0.9757575757575757
Avaré (SP),SP,0.36706221160290253,0.4909090909090909
Avaí (SP),SP,0.8804822280662897,0.8787878787878788
Avelinópolis (GO),GO,0.6289879594582573,0.22424242424242424
Açucena (MG),MG,0.9618784414795174,0.9636363636363636
Bady Bassitt (SP),SP,0.8400409930982856,0.793939393939394
Baependi (MG),MG,0.41638360578256217,0.33734954246999327
Balbinos (SP),SP,0.969061412395475,0.8545454545454545
Baldim (MG),MG,0.9833000631564738,0.9272727272727272
Bambuí (MG),MG,0.7853340230677739,0.38181818181818183
Bananal (SP),SP,-0.6315881241974795,-0.7818181818181819
Bandeira (MG),MG,0.8997894863097556,0.9030303030303031
Bandeirantes (PR),PR,0.768699903372658,0.38181818181818183
Barbacena (MG),MG,0.48343494079202765,0.11880802590133725
Barbosa (SP),SP,0.9955170918794185,0.9636363636363636
Barbosa Ferraz (PR),PR,0.12019841580553883,0.0
Bariri (SP),SP,0.11285122200405813,-0.09090909090909091
Barra Bonita (SP),SP,0.818653415096235,0.6848484848484848
Barra Longa (MG),MG,0.8969066488614744,0.9636363636363636
Barra do Bugres (MT),MT,0.7128728899657394,0.696969696969697
Barra do Chapéu (SP),SP,-0.32193269524336227,-0.3751832396884334
Barra do Garças (MT),MT,-0.7462935537668051,-0.7176240840571119
Barra do Jacaré (PR),PR,0.7391378498085645,0.5393939393939394
Barra do Turvo (SP),SP,-0.8503173457612675,-0.8896375227527809
Barracão (PR),PR,0.5454628708091604,0.41818181818181815
Barretos (SP),SP,0.9157842191928605,0.8909090909090909
Barrinha (SP),SP,0.8558497249013048,0.6484848484848484
Barro Alto (GO),GO,0.6097948831745722,0.15151515151515152
Barroso (MG),MG,0.831569804081193,0.7818181818181819
Barão de Cocais (MG),MG,0.9882398905265832,0.9636363636363636
Barão de Melgaço (MT),MT,-0.41457969751973095,-0.04242424242424243
Barão de Monte Alto (MG),MG,0.9154666254167699,0.806060606060606
Bastos (SP),SP,0.9704365968163913,0.9636363636363636
Batatais (SP),SP,0.19722800253943043,0.3090909090909091
Batayporã (MS),MS,0.8259006971328406,0.8666666666666667
Bauru (SP),SP,0.9257650263395112,0.8787878787878788
Bebedouro (SP),SP,0.8016656305157991,0.806060606060606
Bela Vista (MS),MS,-0.5813456800718366,-0.41818181818181815
Bela Vista da Caroba (PR),PR,-0.17960888320771348,-0.2606060606060606
Bela Vista de Goiás (GO),GO,0.5521082476172313,0.5222329678670935
Bela Vista de Minas (MG),MG,0.854485356931447,0.9191989372366619
Bela Vista do Paraíso (PR),PR,-0.0590080057851214,0.06054991787922956
Belmiro Braga (MG),MG,0.5342822551362194,0.5272727272727272
Belo Oriente (MG),MG,0.9737540230051115,0.5272727272727272
Belo Vale (MG),MG,0.11760854686755397,0.4303030303030303
Bento de Abreu (SP),SP,0.7491961575296548,0.4666666666666667
Berilo (MG),MG,0.2528456396842351,0.296969696969697
Berizal (MG),MG,-0.41501469369191707,-0.3575757575757576
Bernardino de Campos (SP),SP,0.3113635869565266,0.21212121212121213
Bertópolis (MG),MG,0.3337826783734457,-0.05627748595326502
Betim (MG),MG,0.36659964388292104,0.6727272727272727
Bias Fortes (MG),MG,0.8836053149438959,0.7191012094028307
Bicas (MG),MG,0.9577628799427791,0.9878787878787879
Bilac (SP),SP,0.5991457867879452,0.7818181818181819
Biquinhas (MG),MG,0.7072770414089072,0.6121212121212121
Birigui (SP),SP,0.7815049159700148,0.8424242424242424
Bituruna (PR),PR,0.6462914147337444,0.6363636363636364
Boa Esperança (MG),MG,0.4305643735448044,0.3708223816448394
Boa Esperança do Iguaçu (PR),PR,-0.5534506437976427,-0.5151515151515151
Boa Esperança do Sul (SP),SP,0.7206150227513227,0.6606060606060606
Boa Ventura de São Roque (PR),PR,-0.4116667428294748,-0.5222329678670935
Boa Vista da Aparecida (PR),PR,-0.654913073609262,-0.6363636363636364
Bocaina (SP),SP,0.6464209561280287,0.40606060606060607
Bocaina de Minas (MG),MG,0.733608939513269,0.45454545454545453
Bocaiúva (MG),MG,0.9874872992540229,0.9757575757575757
Bodoquena (MS),MS,0.7407129395432825,0.6606060606060606
Bofete (SP),SP,-0.2911845983702918,-0.4303030303030303
Boituva (SP),SP,0.8079419569218933,0.44242424242424244
Bom Despacho (MG),MG,0.8589219960775704,0.806060606060606
Bom Jardim de Goiás (GO),GO,-0.486274919754546,-0.7006490497453707
Bom Jardim de Minas (MG),MG,0.9648800907005293,0.8424242424242424
Bom Jesus de Goiás (GO),GO,0.8544484818365569,0.8545454545454545
Bom Jesus do Amparo (MG),MG,0.9454816470762416,0.9636363636363636
Bom Jesus do Galho (MG),MG,0.7544329340268614,0.8303030303030303
Bom Jesus do Sul (PR),PR,0.4792581411219879,0.21212121212121213
Bom Sucesso (MG),MG,-0.2648349818016437,-0.40606060606060607
Bom Sucesso (PR),PR,0.34570472058761054,0.5515151515151515
Bom Sucesso do Sul (PR),PR,0.7391683066304917,0.696969696969697
Bonfim (MG),MG,0.9590620633733467,0.8545454545454545
Bonfinópolis (GO),GO,0.5008101969599164,0.5222329678670935
Bonfinópolis de Minas (MG),MG,-0.3458485106532828,-0.296969696969697
Bonito (MS),MS,-0.4496921474145375,-0.23636363636363636
Bonito de Minas (MG),MG,0.8829058797666439,0.8666666666666667
Boracéia (SP),SP,0.6357447835988658,0.5272727272727272
Borborema (SP),SP,0.7129096243051724,0.8181818181818182
Borda da Mata (MG),MG,0.369675485388116,0.5151515151515151
Borebi (SP),SP,0.9421486925006376,0.9393939393939394
Borá (SP),SP,0.7123796059061792,0.8181818181818182
Botelhos (MG),MG,-0.8293068308627847,-0.5151515151515151
Botucatu (SP),SP,0.9512124593802916,0.9515151515151515
Botumirim (MG),MG,0.21229155275635392,0.3090909090909091
Braganey (PR),PR,-0.35733067877789954,-0.23636363636363636
Bragança Paulista (SP),SP,-0.21781529181751794,-0.45454545454545453
Brasilândia (MS),MS,0.7229849626683027,0.6363636363636364
Brasilândia de Minas (MG),MG,-0.15015795540647392,0.11515151515151516
Brasilândia do Sul (PR),PR,-0.059537494401387565,0.058025885318565944
Brasnorte (MT),MT,0.9054460947961851,0.9264501099011717
Brasília de Minas (MG),MG,0.5836881582122067,0.7333333333333333
Brazabrantes (GO),GO,0.9719890668458369,0.812776759390954
Brazópolis (MG),MG,0.9740820912566684,0.9636363636363636
Braúna (SP),SP,0.8988055992403254,0.9636363636363636
Braúnas (MG),MG,0.9837764433856558,0.8666666666666667
Brejo Alegre (SP),SP,0.8304385501480497,0.8303030303030303
Brodowski (SP),SP,0.823483052499301,0.8787878787878788
Brotas (SP),SP,0.7784680828276441,0.7333333333333333
Brumadinho (MG),MG,-0.5079186432296154,-0.6242424242424243
Brás Pires (MG),MG,-0.6117513308408246,-0.7538028741632801
Bueno Brandão (MG),MG,0.7742837820123408,0.3696969696969697
Buenópolis (MG),MG,0.07204817546947556,0.11515151515151516
Bugre (MG),MG,0.98386830820131,0.1875916198442167
Buritama (SP),SP,0.9641739957255622,0.8424242424242424
Buriti Alegre (GO),GO,0.6750760897407315,0.5757575757575758
Buriti de Goiás (GO),GO,-0.05168836779505766,-0.24580394711961082
Buritinópolis (GO),GO,0.964471911370784,0.7978634243562576
Buritis (MG),MG,0.9106134989346409,0.793939393939394
Buritizal (SP),SP,0.5939975116598669,0.5393939393939394
Buritizeiro (MG),MG,0.2167863158057623,0.3212121212121212
Bálsamo (SP),SP,0.5618381720173014,0.5151515151515151
Caarapó (MS),MS,-0.18835289512761447,-0.17575757575757575
Cabeceira Grande (MG),MG,-0.39777047360896967,-0.24580394711961082
Cabeceiras (GO),GO,-0.5877424835200068,-0.6636434090439899
Cabo Verde (MG),MG,-0.2873236464193501,-0.44242424242424244
Cabreúva (SP),SP,-0.5381875189809896,-0.40606060606060607
Cabrália Paulista (SP),SP,0.9869716613581688,0.9151515151515152
Cachoeira Alta (GO),GO,0.5462933609844117,0.2
Cachoeira Dourada (GO),GO,0.6508528529222968,0.6363636363636364
Cachoeira Paulista (SP),SP,0.7898457295759527,0.7090909090909091
Cachoeira da Prata (MG),MG,0.826004877498634,0.8997002046464956
Cachoeira de Minas (MG),MG,-0.3203674884788367,0.1063019179117228
Cachoeira de Pajeú (MG),MG,0.9379499110698412,0.4303030303030303
Caconde (SP),SP,0.5773686812973432,0.3090909090909091
Caetanópolis (MG),MG,-0.3519308841317134,-0.05454545454545454
Caeté (MG),MG,0.8622742165435324,0.6848484848484848
Cafeara (PR),PR,0.7435976306049302,0.793939393939394
Cafelândia (PR),PR,-0.3360638605042837,-0.2
Cafelândia (SP),SP,0.9235213184048612,0.9636363636363636
Cafezal do Sul (PR),PR,0.6204655214532675,0.0778498944161523
Caiabu (SP),SP,-0.17111429769839032,-0.05454545454545454
Caiana (MG),MG,0.15999900529473626,0.28677127163954597
Caieiras (SP),SP,0.9230741649668042,0.7055745870108262
Caiuá (SP),SP,0.9725356386775512,0.9515151515151515
Cajati (SP),SP,0.6873038173251924,0.22701095408174407
Cajobi (SP),SP,0.8306292339345098,0.8545454545454545
Cajuri (MG),MG,0.7812634829017168,0.9151515151515152
Cajuru (SP),SP,0.8961946063106756,0.5515151515151515
Caldas Novas (GO),GO,0.9305558140985288,0.9387209722839687
Caldazinha (GO),GO,0.028649899848179523,-0.058025885318565944
Califórnia (PR),PR,0.4259839062992223,0.5222329678670935
Camacho (MG),MG,0.441698982385157,0.8787878787878788
Camanducaia (MG),MG,0.12286743739521744,-0.020483662259967568
Camapuã (MS),MS,0.7934790447051072,0.8181818181818182
Cambará (PR),PR,0.7846867726421699,0.4909090909090909
Cambira (PR),PR,0.10646812828320769,0.006060606060606061
Cambuquira (MG),MG,-0.11859222352878945,-0.16386929807974054
Cambuí (MG),MG,0.45363857230408533,0.22424242424242424
Cambé (PR),PR,0.010155607908953814,-0.1745572096355137
Campanha (MG),MG,-0.701333743047301,-0.5757575757575758
Campanário (MG),MG,0.002388772788161251,0.1393939393939394
Campestre (MG),MG,0.5649217836140275,0.5757575757575758
Campina Verde (MG),MG,0.9600909254648762,0.6848484848484848
Campina da Lagoa (PR),PR,-0.47064724643197886,-0.39789946034922286
Campina do Monte Alegre (SP),SP,0.26521170844717995,0.20041753698892312
Campina do Simão (PR),PR,0.7606840066740991,0.793939393939394
Campinas (SP),SP,0.9383773111532948,0.9030303030303031
Campinorte (GO),GO,0.9777393063575196,0.9757575757575757
Campinápolis (MT),MT,-0.6463060887263601,-0.8469257208241591
Campo Alegre de Goiás (GO),GO,0.024958758306403483,0.21212121212121213
Campo Azul (MG),MG,0.9710219190110618,0.806060606060606
Campo Belo (MG),MG,-0.4143026216821533,0.11515151515151516
Campo Bonito (PR),PR,0.20209106672636462,0.2
Campo Florido (MG),MG,0.7534266394366784,0.7212121212121212
Campo Grande (MS),MS,0.026019848040621678,-0.16363636363636364
Campo Limpo de Goiás (GO),GO,-0.40466191387823836,-0.4151994368861456
Campo Mourão (PR),PR,-0.6095791382468342,-0.4909090909090909
Campo Novo do Parecis (MT),MT,0.846252091544204,0.9151515151515152
Campo Verde (MT),MT,0.33876353410900534,0.6484848484848484
Campo do Meio (MG),MG,-0.3124255201008826,-0.4666666666666667
Campos Altos (MG),MG,0.17859733719012313,0.020483662259967568
Campos Belos (GO),GO,0.7554911046469748,0.7988628281387351
Campos Gerais (MG),MG,0.657057139691988,0.3939393939393939
Campos Novos Paulista (SP),SP,0.05152356775664724,0.3212121212121212
Campos de Júlio (MT),MT,-0.36691940584791877,-0.3333333333333333
Cana Verde (MG),MG,-0.7150725414026795,-0.7647233910387892
Cananéia (SP),SP,0.7291860178780621,-0.296969696969697
Canarana (MT),MT,-0.8620452630018806,-0.8469257208241591
Canaã (MG),MG,0.04271179766876023,-0.1393939393939394
Candeias (MG),MG,0.4320545983299692,0.503030303030303
Candói (PR),PR,0.043378171171771104,0.21212121212121213
Canitar (SP),SP,0.558204299202384,0.6242424242424243
Cantagalo (MG),MG,0.993247760015488,0.9272727272727272
Cantagalo (PR),PR,0.36989973849507923,0.7212121212121212
Canápolis (MG),MG,0.969771933902244,0.9393939393939394
Capanema (PR),PR,0.0407735408506325,-0.1393939393939394
Caparaó (MG),MG,-0.5676042388468429,-0.614509867799027
Capela Nova (MG),MG,0.9370758874754518,0.4666666666666667
Capela do Alto (SP),SP,0.01958928688288723,0.12727272727272726
Capelinha (MG),MG,0.11173836506196189,0.07878787878787878
Capetinga (MG),MG,-0.6098884079193202,-0.6253053994807224
Capim Branco (MG),MG,0.9986587310561066,0.683349073208448
Capinópolis (MG),MG,0.9626310689026892,0.8787878787878788
Capitão Andrade (MG),MG,0.8889192675446682,0.09090909090909091
Capitão Enéas (MG),MG,0.7938894216047107,0.7333333333333333
Capitão Leônidas Marques (PR),PR,-0.1421422309384675,-0.09090909090909091
Capitólio (MG),MG,0.38182650587656664,0.3696969696969697
Capivari (SP),SP,0.6282721939353184,0.5272727272727272
Caputira (MG),MG,-0.27148629562951104,-0.2857156055296303
Caracol (MS),MS,0.892388048568618,0.9848069807617046
Caranaíba (MG),MG,0.6194024559532401,0.21212121212121213
Carandaí (MG),MG,-0.337829936301235,-0.45454545454545453
Carangola (MG),MG,0.6092881594848901,0.21884599572482324
Caratinga (MG),MG,0.7597095144310517,0.7090909090909091
Caraí (MG),MG,0.7744821362025871,0.07878787878787878
Carbonita (MG),MG,0.8292767107136694,0.9151515151515152
Cardoso (SP),SP,0.8709706851597622,0.8787878787878788
Careaçu (MG),MG,-0.2673108624501445,-0.7212121212121212
Carlinda (MT),MT,-0.2989483561881626,-0.4061811972299616
Carlos Chagas (MG),MG,0.05634901962635458,0.11515151515151516
Carlópolis (PR),PR,-0.18401279613313698,-0.23636363636363636
Carmo da Cachoeira (MG),MG,0.4077801732626721,0.6440645614651441
Carmo da Mata (MG),MG,0.6948180371838321,0.9393939393939394
Carmo de Minas (MG),MG,-0.054292334436870184,-0.08128970193249391
Carmo do Cajuru (MG),MG,0.921792720936891,0.11515151515151516
Carmo do Paranaíba (MG),MG,-0.5683597573367914,-0.7169281790988649
Carmo do Rio Claro (MG),MG,0.30956710334497095,0.38181818181818183
Carmo do Rio Verde (GO),GO,0.8342814438004066,0.7575757575757576
Carmésia (MG),MG,0.9948937778059331,0.7333333333333333
Carmópolis de Minas (MG),MG,0.7563702290267458,0.696969696969697
Carneirinho (MG),MG,0.9147742098549646,0.7575757575757576
Carrancas (MG),MG,-0.5502311091439582,-0.2
Carvalhos (MG),MG,-0.6118323176981874,-0.4719509741997222
Carvalhópolis (MG),MG,-0.8583369187875398,-0.8691745052782042
Casa Branca (SP),SP,0.13365304374762976,0.1393939393939394
Cascalho Rico (MG),MG,0.24849727608494038,0.4680872686336497
Cascavel (PR),PR,-0.4075527300214694,-0.503030303030303
Cassilândia (MS),MS,0.4336893546902222,0.4061811972299616
Castelândia (GO),GO,0.830857056102684,0.6
Castilho (SP),SP,0.9628887258506742,0.9636363636363636
Cataguases (MG),MG,0.980028424207162,0.9442111532158908
Catalão (GO),GO,0.1101578961853055,0.22424242424242424
Catanduva (SP),SP,0.7908638057701871,0.9393939393939394
Catanduvas (PR),PR,0.7059990482698764,0.7090909090909091
Catas Altas (MG),MG,0.9349435251325997,0.7333333333333333
Catas Altas da Noruega (MG),MG,0.85806637944459,0.5515151515151515
Catiguá (SP),SP,0.7978371386968289,0.8909090909090909
Catuji (MG),MG,0.34584439226954844,0.17575757575757575
Caturaí (GO),GO,0.9268675353836524,0.937436866561092
Catuti (MG),MG,0.6801973422052386,0.8504153432937824
Cavalcante (GO),GO,-0.1780906710405423,-0.21624335800309785
Caxambu (MG),MG,0.977607474803241,0.779199761307608
Caçapava (SP),SP,0.8422971781356418,0.5757575757575758
Caçu (GO),GO,0.27245599337496496,0.3696969696969697
Cedral (SP),SP,0.939671430304585,0.9030303030303031
Cedro do Abaeté (MG),MG,0.6443263380963514,0.6315584534755296
Centenário do Sul (PR),PR,0.5579019379570683,0.6121212121212121
Central de Minas (MG),MG,0.9891461880075014,0.6606060606060606
Centralina (MG),MG,0.9352286385312023,0.6121212121212121
Ceres (GO),GO,0.8444474795880538,0.8056907155587243
Cerqueira César (SP),SP,-0.35433138530245306,-0.3696969696969697
Cerquilho (SP),SP,0.9818929717943928,0.7454545454545455
Cerro Azul (PR),PR,-0.6593360040151098,-0.5449492609130661
Cesário Lange (SP),SP,0.7503677968511248,0.6242424242424243
Cezarina (GO),GO,-0.5458700488859509,-0.7680367542868648
Chalé (MG),MG,0.7337046427408435,0.583589321932862
Chapada Gaúcha (MG),MG,-0.199993748592451,-0.15151515151515152
Chapada do Norte (MG),MG,-0.4011675507461568,-0.17575757575757575
Chapada dos Guimarães (MT),MT,-0.40143557720552303,0.3575757575757576
Chapadão do Céu (GO),GO,0.8122802038904783,0.6484848484848484
Chapadão do Sul (MS),MS,0.30866612267253685,-0.23636363636363636
Charqueada (SP),SP,0.6153493232578605,0.40606060606060607
Chavantes (SP),SP,0.7467579121752538,0.696969696969697
Chiador (MG),MG,0.9085684061698552,0.7333333333333333
Chopinzinho (PR),PR,0.8092495910334021,0.7696969696969697
Chácara (MG),MG,0.9384146679366008,0.7978634243562576
Cianorte (PR),PR,0.09735067418877558,0.17575757575757575
Cidade Gaúcha (PR),PR,0.8008398180282476,0.6363636363636364
Cipotânea (MG),MG,0.23733521968916133,0.15007329587537338
Claraval (MG),MG,0.06091359261637593,-0.3751832396884334
Claro dos Poções (MG),MG,0.9806894004352354,0.9515151515151515
Clementina (SP),SP,0.9187443465828917,0.9393939393939394
Clevelândia (PR),PR,-0.42126328272844804,-0.07878787878787878
Cláudio (MG),MG,0.016142459359766718,0.3939393939393939
Cocalzinho de Goiás (GO),GO,-0.2255571698811491,-0.2767996245907637
Coimbra (MG),MG,-0.4958907598504353,-0.36893018569362623
Colina (SP),SP,0.059413818327234275,0.21212121212121213
Colinas do Sul (GO),GO,-0.05963089346082265,0.296969696969697
Colniza (MT),MT,0.9451308391881864,0.9151515151515152
Colorado (PR),PR,0.8214035980309664,0.5757575757575758
Coluna (MG),MG,0.8414684527584838,0.696969696969697
Colíder (MT),MT,-0.3920882828507692,-0.5222329678670935
Colômbia (SP),SP,0.376865615895213,0.3090909090909091
Comendador Gomes (MG),MG,0.8736078902321167,0.8545454545454545
Comercinho (MG),MG,0.12326543770590546,-0.10303030303030303
Comodoro (MT),MT,0.923049712774661,0.9636363636363636
Conceição da Aparecida (MG),MG,0.21596833742919525,0.024316221747202584
Conceição da Barra de Minas (MG),MG,-0.8859521994954034,-0.683349073208448
Conceição das Alagoas (MG),MG,0.6705298531499131,0.5272727272727272
Conceição das Pedras (MG),MG,0.8379941566725118,0.7333333333333333
Conceição de Ipanema (MG),MG,0.8822688065001247,0.7212121212121212
Conceição do Mato Dentro (MG),MG,0.8761647200084186,0.806060606060606
Conceição do Pará (MG),MG,0.9719274146452462,0.806060606060606
Conceição do Rio Verde (MG),MG,-0.7984163070125537,-0.8603138149186378
Conceição dos Ouros (MG),MG,-0.5018275468582236,-0.3090909090909091
Conchal (SP),SP,0.8634224312834254,0.8181818181818182
Conchas (SP),SP,0.9623540947647717,0.9151515151515152
Congonhal (MG),MG,-0.09422236384300792,0.1393939393939394
Congonhas (MG),MG,0.38577769534392803,0.5592731001856593
Congonhas do Norte (MG),MG,0.9656741963791401,0.9636363636363636
Congonhinhas (PR),PR,0.33416263207599806,0.4666666666666667
Conquista (MG),MG,0.6231417416107159,0.38181818181818183
Conselheiro Lafaiete (MG),MG,-0.3468177618953169,-0.2063507818286384
Conselheiro Mairinck (PR),PR,0.7237144391567849,0.8303030303030303
Conselheiro Pena (MG),MG,-0.48261070825397273,-0.4303030303030303
Contagem (MG),MG,0.43547483567345435,0.5222329678670935
Coqueiral (MG),MG,-0.033309658566414206,-0.24848484848484848
Coração de Jesus (MG),MG,0.7707362700932883,0.7090909090909091
Corbélia (PR),PR,0.30728039680563907,0.2606060606060606
Cordeirópolis (SP),SP,0.964794980014524,0.8909090909090909
Cordisburgo (MG),MG,0.961877331213141,0.40606060606060607
Cordislândia (MG),MG,-0.5110396652467323,-0.7191012094028307
Corguinho (MS),MS,0.7152692158619292,0.806060606060606
Corinto (MG),MG,0.45637588427446074,0.6606060606060606
Cornélio Procópio (PR),PR,0.0845534496490901,0.030303030303030304
Coroaci (MG),MG,0.9565086825949982,0.7696969696969697
Coroados (SP),SP,0.6808716142728697,0.7454545454545455
Coromandel (MG),MG,0.861617558221228,0.6565379871744698
Coronel Domingos Soares (PR),PR,0.4962732455818316,0.7090909090909091
Coronel Fabriciano (MG),MG,0.9849200084680277,0.9317050452262764
Coronel Macedo (SP),SP,-0.7845476480447959,-0.7578955036188
Coronel Murta (MG),MG,0.6067804315153835,0.6121212121212121
Coronel Vivida (PR),PR,-0.2709744863763077,0.11515151515151516
Coronel Xavier Chaves (MG),MG,0.5447083685987151,0.47878787878787876
Corumbataí (SP),SP,0.8892480091789736,0.8909090909090909
Corumbataí do Sul (PR),PR,0.024384451402359803,-0.058025885318565944
Corumbaíba (GO),GO,-0.2322255225738361,0.12727272727272726
Corumbá (MS),MS,0.7016594400459938,0.7978634243562576
Corumbá de Goiás (GO),GO,-0.1897015033088733,-0.27589669814188345
Cosmorama (SP),SP,0.9757152912036754,0.9030303030303031
Cosmópolis (SP),SP,0.9205468221682696,0.8787878787878788
Costa Rica (MS),MS,0.29759689330504113,0.38181818181818183
Cotriguaçu (MT),MT,0.9352321291123455,0.6848484848484848
Couto de Magalhães de Minas (MG),MG,0.8917228512352872,0.8666666666666667
Coxim (MS),MS,0.6608565805196168,0.503030303030303
Cravinhos (SP),SP,0.3716509238211842,0.2606060606060606
Cristais (MG),MG,0.45970130053677727,0.5636363636363636
Cristais Paulista (SP),SP,0.9029457028947413,0.4666666666666667
Cristiano Otoni (MG),MG,-0.5129894199539381,-0.7680367542868648
Cristália (MG),MG,0.18745058399164918,0.3939393939393939
Crisólita (MG),MG,0.729811128696346,0.5757575757575758
Crixás (GO),GO,0.9822459252160007,0.9757575757575757
Crucilândia (MG),MG,0.5486472803393179,0.6727272727272727
Cruz Machado (PR),PR,0.08716543210440966,-0.01818181818181818
Cruzeiro (SP),SP,-0.4635876529883517,-0.6242424242424243
Cruzeiro da Fortaleza (MG),MG,0.056613721836794154,-0.008649988268461365
Cruzeiro do Iguaçu (PR),PR,-0.42239662626835867,-0.44242424242424244
Cruzeiro do Oeste (PR),PR,0.8950478504437879,0.9272727272727272
Cruzeiro do Sul (PR),PR,0.7329641841362506,0.6242424242424243
Cruzmaltina (PR),PR,-0.8027665346675805,-0.8193464903987027
Cruzália (SP),SP,0.8305307977533026,0.6606060606060606
Cruzília (MG),MG,0.07072936493401309,0.2606060606060606
Cuiabá (MT),MT,0.22338531279741924,0.16363636363636364
Cumari (GO),GO,-0.16100173507856588,0.3212121212121212
Cuparaque (MG),MG,0.9527887110612121,0.8545454545454545
Curiúva (PR),PR,-0.3127016618097348,-0.4666666666666667
Curral de Dentro (MG),MG,0.7230548476973132,0.5151515151515151
Curvelo (MG),MG,0.14973790417905383,0.18787878787878787
Curvelândia (MT),MT,0.6762241257357622,0.41818181818181815
Cáceres (MT),MT,0.06090037285995883,-0.12727272727272726
Cássia (MG),MG,0.4200891689981941,0.5636363636363636
Cássia dos Coqueiros (SP),SP,0.9838905822469004,0.7454545454545455
Cândido Mota (SP),SP,0.31824480126602306,0.16363636363636364
Cândido Rodrigues (SP),SP,0.7841360621724845,0.503030303030303
Cândido de Abreu (PR),PR,-0.2301951773678586,-0.07878787878787878
Céu Azul (PR),PR,0.22280501548268172,0.34545454545454546
Córrego Danta (MG),MG,0.6876129087925376,0.5393939393939394
Córrego Fundo (MG),MG,0.4715811064465364,0.6727272727272727
Córrego Novo (MG),MG,0.9673712471155914,0.8424242424242424
Cônego Marinho (MG),MG,0.946030497658741,0.9515151515151515
Damianópolis (GO),GO,0.9656836569808965,0.7978634243562576
Datas (MG),MG,0.22082903917545918,0.05454545454545454
Davinópolis (GO),GO,-0.2742271387448195,-0.36893018569362623
Delfim Moreira (MG),MG,-0.260995225464241,0.05462309935991351
Delfinópolis (MG),MG,-0.3505765606075052,-0.3575757575757576
Delta (MG),MG,0.8023647972358008,0.8909090909090909
Denise (MT),MT,0.6562122014992795,0.47878787878787876
Deodápolis (MS),MS,0.812021556897222,0.8666666666666667
Descalvado (SP),SP,0.9649177895437403,0.7090909090909091
Descoberto (MG),MG,0.9572662899642352,0.9151515151515152
Desterro de Entre Rios (MG),MG,0.1275328178576358,0.296969696969697
Desterro do Melo (MG),MG,0.6690037447880575,0.7575757575757576
Diamante D'Oeste (PR),PR,0.6762245566334718,0.40606060606060607
Diamante do Norte (PR),PR,0.6848089814086599,0.6606060606060606
Diamante do Sul (PR),PR,0.9308725653630968,0.9393939393939394
Diamantina (MG),MG,0.9673142673971583,0.696969696969697
Diamantino (MT),MT,0.16070805093202445,-0.3696969696969697
Diogo de Vasconcelos (MG),MG,0.9795297068718365,0.8787878787878788
Dionísio (MG),MG,-0.18490841221377186,-0.38181818181818183
Diorama (GO),GO,-0.5324472419297698,-0.7006490497453707
Dirce Reis (SP),SP,0.19707672364997694,0.24848484848484848
Divino (MG),MG,0.10757202441372411,0.024316221747202584
Divino das Laranjeiras (MG),MG,0.9297158398823643,0.9151515151515152
Divinolândia (SP),SP,0.4993491338275235,0.4995967236623295
Divinolândia de Minas (MG),MG,0.9853871043766107,0.7818181818181819
Divinésia (MG),MG,0.9861266220333526,0.8666666666666667
Divinópolis (MG),MG,0.8709509338651642,0.6727272727272727
Divinópolis de Goiás (GO),GO,0.8446530817379796,0.7978634243562576
Divisa Alegre (MG),MG,0.8213616451473446,0.7006490497453707
Divisa Nova (MG),MG,0.38889143952437993,0.3090909090909091
Divisópolis (MG),MG,0.7502575211026646,0.4909090909090909
Dobrada (SP),SP,0.40747179371619524,0.5272727272727272
Dois Córregos (SP),SP,0.853932342570128,0.3575757575757576
Dois Vizinhos (PR),PR,-0.35332797269152877,-0.3090909090909091
Dolcinópolis (SP),SP,-0.18516050389523503,0.28484848484848485
Dom Aquino (MT),MT,-0.4835297994821303,-0.4061811972299616
Dom Bosco (MG),MG,-0.12498619325560119,-0.030303030303030304
Dom Cavati (MG),MG,0.9943009996580555,0.5393939393939394
Dom Joaquim (MG),MG,0.5775078213282383,0.5272727272727272
Dom Silvério (MG),MG,0.9841640880180771,0.8181818181818182
Dom Viçoso (MG),MG,0.9809592510362678,0.5377626435534213
Dores de Campos (MG),MG,-0.14054106464552585,0.06878359394287946
Dores de Guanhães (MG),MG,0.9872217878121026,0.9515151515151515
Dores do Indaiá (MG),MG,-0.21041139681352666,-0.05471149893120581
Dores do Turvo (MG),MG,0.9530113671440599,0.9393939393939394
Doresópolis (MG),MG,0.9412763003838632,0.9030303030303031
Douradina (MS),MS,0.2513636897814885,0.13576671860539954
Douradina (PR),PR,0.9368354683358198,0.9151515151515152
Dourado (SP),SP,0.8793353320019996,0.9151515151515152
Douradoquara (MG),MG,0.8781281147607293,0.7575757575757576
Dourados (MS),MS,-0.7817708097637338,-0.7575757575757576
Doutor Ulysses (PR),PR,0.8221811307886447,0.8879336672626258
Dracena (SP),SP,0.5375904536799186,0.5151515151515151
Duartina (SP),SP,0.9332420593954763,0.8693049274624923
Dumont (SP),SP,0.6310481328380961,0.5393939393939394
Durandé (MG),MG,-0.5364858213138981,-0.40284535777936215
Echaporã (SP),SP,0.7294940032856019,0.8424242424242424
Edealina (GO),GO,0.1881704908488524,0.35258521533443743
Edéia (GO),GO,0.7360500104442018,0.5515151515151515
Eldorado (MS),MS,0.8451376458282532,0.806060606060606
Elias Fausto (SP),SP,0.9495457897720336,0.6727272727272727
Elisiário (SP),SP,0.8643455927614353,0.6484848484848484
Elói Mendes (MG),MG,-0.10317671275249633,-0.3333333333333333
Embaúba (SP),SP,0.9037657963831878,0.8666666666666667
Emilianópolis (SP),SP,0.7256468078974785,0.696969696969697
Engenheiro Beltrão (PR),PR,0.8613384020216203,0.9030303030303031
Engenheiro Caldas (MG),MG,0.8592895050982166,0.7006490497453707
Engenheiro Coelho (SP),SP,0.8451697843412903,0.806060606060606
Engenheiro Navarro (MG),MG,0.9199164579847552,0.7818181818181819
Entre Folhas (MG),MG,0.9279475609696338,0.9515151515151515
Entre Rios de Minas (MG),MG,0.8465304998947117,0.9393939393939394
Entre Rios do Oeste (PR),PR,-0.2848317251501631,-0.5515151515151515
Enéas Marques (PR),PR,-0.13462141544321643,-0.16363636363636364
Ervália (MG),MG,-0.6121696402333046,-0.5757575757575758
Esmeraldas (MG),MG,0.8992579215750844,0.8666666666666667
Espera Feliz (MG),MG,0.5038151256476365,0.2735574946560291
Espigão Alto do Iguaçu (PR),PR,0.44008339041323974,0.7212121212121212
Espinosa (MG),MG,0.8794042228443335,0.15151515151515152
Espírito Santo do Pinhal (SP),SP,0.2826232776507396,0.10303030303030303
Espírito Santo do Turvo (SP),SP,0.705850609860527,0.7575757575757576
Estiva Gerbi (SP),SP,0.9346003905934073,0.8545454545454545
Estrela Dalva (MG),MG,0.5922404683619862,0.6606060606060606
Estrela d'Oeste (SP),SP,0.920367413620779,0.7454545454545455
Estrela do Indaiá (MG),MG,0.8573799825499276,0.7333333333333333
Estrela do Norte (SP),SP,0.9243960496863702,0.8181818181818182
Estrela do Sul (MG),MG,-0.3328927176810108,-0.30639964574555395
Euclides da Cunha Paulista (SP),SP,0.8763477994566031,0.7333333333333333
Eugenópolis (MG),MG,0.9494571271819686,0.7575757575757576
Faina (GO),GO,-0.6259297228415515,-0.7647233910387892
Faria Lemos (MG),MG,-0.5340332373651876,-0.3212121212121212
Farol (PR),PR,-0.41486796915776153,-0.2249250511616239
Fartura (SP),SP,-0.09595710590118844,0.15151515151515152
Faxinal (PR),PR,-0.7274428720502236,-0.6788335930269978
Felisburgo (MG),MG,0.22980657811028318,0.2606060606060606
Felixlândia (MG),MG,0.5039477345288268,0.12727272727272726
Felício dos Santos (MG),MG,0.8905947124524248,0.9515151515151515
Fernandes Tourinho (MG),MG,0.993943380596574,0.9567172612055053
Fernando Prestes (SP),SP,0.9361446057657274,0.9030303030303031
Fernandópolis (SP),SP,0.9020958439109485,0.7212121212121212
Fernão (SP),SP,0.25036462684822364,-0.11657319263657127
Ferros (MG),MG,0.8484042857230353,0.6484848484848484
Fervedouro (MG),MG,0.07490996797790339,-0.3575757575757576
Figueira (PR),PR,0.6293065322362646,0.7818181818181819
Figueirão (MS),MS,-0.004708805953356653,-0.058025885318565944
Firminópolis (GO),GO,-0.2986386186684263,-0.5222329678670935
Flor da Serra do Sul (PR),PR,0.6159403197867921,0.3939393939393939
Flora Rica (SP),SP,0.847957428835087,0.8303030303030303
Floraí (PR),PR,-0.1204085550124468,-0.21212121212121213
Floreal (SP),SP,0.9912680541230551,0.6727272727272727
Flores de Goiás (GO),GO,-0.8664944409777153,-0.7680367542868648
Floresta (PR),PR,0.4000513406779822,0.21885688981825285
Florestal (MG),MG,-0.1325439456746895,0.22424242424242424
Florestópolis (PR),PR,0.7075216520994101,0.7575757575757576
Florínea (SP),SP,0.8968809919842863,0.9030303030303031
Flórida (PR),PR,0.948759202259183,0.8909090909090909
Flórida Paulista (SP),SP,0.7192234478527414,0.7212121212121212
Formiga (MG),MG,-0.7193119794914954,-0.6484848484848484
Formosa (GO),GO,0.09421380873045045,0.24848484848484848
Formosa do Oeste (PR),PR,0.5399198809498061,0.6121212121212121
Formoso (MG),MG,-0.3656834190444165,-0.40606060606060607
Fortaleza de Minas (MG),MG,0.933289560062987,0.6727272727272727
Fortuna de Minas (MG),MG,0.9106051236748199,0.40606060606060607
Foz do Iguaçu (PR),PR,0.3389240611187389,0.2606060606060606
Foz do Jordão (PR),PR,0.6760997443129635,0.7333333333333333
Franca (SP),SP,0.9801758159722046,0.6848484848484848
Francisco Badaró (MG),MG,0.8115336820582322,0.6484848484848484
Francisco Beltrão (PR),PR,-0.8320702480390575,-0.8545454545454545
Francisco Dumont (MG),MG,0.9042678666478696,0.6727272727272727
Francisco Sá (MG),MG,0.8564747122870426,0.38181818181818183
Franciscópolis (MG),MG,0.9627708516709955,0.8424242424242424
Frei Gaspar (MG),MG,0.9409577438320048,0.23636363636363636
Frei Lagonegro (MG),MG,0.8720294734501188,0.8666666666666667
Fronteira (MG),MG,0.9882584780654139,0.9393939393939394
Fronteira dos Vales (MG),MG,0.9578417913842417,0.6363636363636364
Fruta de Leite (MG),MG,0.16711731613511155,0.23636363636363636
Frutal (MG),MG,0.6228847960605264,0.5272727272727272
Funilândia (MG),MG,0.8852610141280998,0.6121212121212121
Fátima do Sul (MS),MS,-0.17356114891648264,-0.006060606060606061
Fênix (PR),PR,0.3412604619774761,0.11515151515151516
Gabriel Monteiro (SP),SP,0.9467227825109855,0.9636363636363636
Galiléia (MG),MG,0.6093328772062223,0.2127669402880226
Gameleira de Goiás (GO),GO,0.5591123133041875,0.5222329678670935
Gameleiras (MG),MG,0.09321037256084574,0.16434977710076595
Gastão Vidigal (SP),SP,0.7421278502958955,0.7696969696969697
Gavião Peixoto (SP),SP,0.9848704818035554,0.5878787878787879
Gaúcha do Norte (MT),MT,0.4021258576571076,0.3212121212121212
General Carneiro (MT),MT,-0.8323816119224762,-0.8857162118542732
General Salgado (SP),SP,0.950852815089931,0.8787878787878788
Getulina (SP),SP,0.7488194874513397,0.4909090909090909
Glaucilândia (MG),MG,0.8922291906508714,0.6606060606060606
Glicério (SP),SP,0.8845887691845364,0.8424242424242424
Glória D'Oeste (MT),MT,0.7681967800983435,0.7090909090909091
Glória de Dourados (MS),MS,0.9297971093516321,0.9878787878787879
Goiabeira (MG),MG,0.9850355868851289,0.6606060606060606
Goiandira (GO),GO,-0.27955628536643107,0.18787878787878787
Goianira (GO),GO,0.9465278613909767,0.791470623690405
Goianá (MG),MG,0.9424444558174742,0.9757575757575757
Goianésia (GO),GO,0.9782272875122343,0.9272727272727272
Goiatuba (GO),GO,0.3915904475796577,0.296969696969697
Goioerê (PR),PR,-0.42706440068044843,0.21212121212121213
Goioxim (PR),PR,0.5303038598368512,0.6606060606060606
Goiás (GO),GO,-0.1214541379755497,0.09693667772552662
Gonzaga (MG),MG,0.802992936364776,0.6121212121212121
Gonçalves (MG),MG,0.7659519950416808,0.8145934285312865
Gouveia (MG),MG,0.9672086185515814,0.8632258720256917
Gouvelândia (GO),GO,0.5181659169158166,0.503030303030303
Governador Valadares (MG),MG,0.8003887864491694,0.5592731001856593
Grandes Rios (PR),PR,-0.7043050232370832,-0.6127992914911079
Grão Mogol (MG),MG,0.4795991793508698,0.6
Guaimbê (SP),SP,0.3606905978656168,0.503030303030303
Guairaçá (PR),PR,0.49950309524325265,0.6242424242424243
Guaiçara (SP),SP,0.8093230491828958,0.503030303030303
Guamiranga (PR),PR,-0.7508088895406705,-0.8632258720256917
Guanhães (MG),MG,0.9685250660379963,0.8909090909090909
Guapiaçu (SP),SP,0.846538895354869,0.8303030303030303
Guapirama (PR),PR,0.7033017569674167,0.793939393939394
Guaporema (PR),PR,0.6480348686434317,0.5272727272727272
Guapé (MG),MG,-0.48537934049750076,-0.6363636363636364
Guapó (GO),GO,-0.7513749636346153,-0.6271129383201788
Guaraci (PR),PR,0.9429027290910352,0.9515151515151515
Guaraci (SP),SP,0.8124495452212207,0.7454545454545455
Guaraciaba (MG),MG,0.9317486239685345,0.40606060606060607
Guaraciama (MG),MG,-0.7268521131311677,-0.20668788485122194
Guarani (MG),MG,0.7340892393263962,0.6727272727272727
Guarani d'Oeste (SP),SP,0.29090788092259523,0.4666666666666667
Guarani de Goiás (GO),GO,-0.5375966318637959,-0.6008540929590487
Guaraniaçu (PR),PR,0.9613731515933782,0.9636363636363636
Guarantã (SP),SP,0.9872128680383803,1.0
Guarantã do Norte (MT),MT,0.6924655951370382,0.6363636363636364
Guaranésia (MG),MG,0.9862468258231041,0.9151515151515152
Guarapuava (PR),PR,0.4770507036400271,0.5636363636363636
Guaraqueçaba (PR),PR,0.1553258658741723,0.6242424242424243
Guararapes (SP),SP,0.746692455451792,0.6363636363636364
Guararema (SP),SP,0.34083475959015663,-0.291794660966431
Guarará (MG),MG,0.8568496168003236,0.8303030303030303
Guaratinguetá (SP),SP,-0.22303432968970358,-0.06711000765613381
Guaratuba (PR),PR,0.38223354146324556,0.7212121212121212
Guaraçaí (SP),SP,0.6695507906285042,0.7333333333333333
Guarda-Mor (MG),MG,-0.5821589146372885,-0.16363636363636364
Guareí (SP),SP,0.5378565751548655,0.3333333333333333
Guariba (SP),SP,0.6903855691386305,0.47878787878787876
Guarinos (GO),GO,0.19701092352942312,0.058025885318565944
Guará (SP),SP,0.595454083000278,0.5151515151515151
Guatapará (SP),SP,0.6699481353600714,0.3090909090909091
Guaxupé (MG),MG,0.9055742306768854,0.8666666666666667
Guaíra (PR),PR,-0.04917337910860623,-0.12506107989614448
Guaíra (SP),SP,0.6155744389000891,0.5636363636363636
Guia Lopes da Laguna (MS),MS,-0.2569820163480782,-0.04242424242424243
Guidoval (MG),MG,0.155838071454007,0.06666666666666667
Guimarânia (MG),MG,0.6388344533222908,0.4303030303030303
Guiratinga (MT),MT,0.5160174303305306,0.8424242424242424
Guiricema (MG),MG,0.29070215119344756,-0.10303030303030303
Gurinhatã (MG),MG,0.8501748013129319,0.7090909090909091
Guzolândia (SP),SP,0.8068117394503539,0.6484848484848484
Heitoraí (GO),GO,0.9133470069105747,0.6691329671589406
Heliodora (MG),MG,0.5367029044073977,0.6121212121212121
Herculândia (SP),SP,0.695616878854206,0.8666666666666667
Hidrolina (GO),GO,0.46874557507546394,0.6242424242424243
Hidrolândia (GO),GO,-0.7294978248479517,-0.6753298314391802
Holambra (SP),SP,0.5193981855029719,0.3939393939393939
Honório Serpa (PR),PR,-0.14240709799379667,0.07878787878787878
Iacanga (SP),SP,0.8643047383702626,0.793939393939394
Iaciara (GO),GO,-0.41395910401723773,-0.6827887419989189
Iacri (SP),SP,0.908295718358951,0.8787878787878788
Iapu (MG),MG,0.7752781789645997,0.875383982899293
Iaras (SP),SP,0.1995020826664365,0.3575757575757576
Ibaiti (PR),PR,0.9345829589610672,0.6727272727272727
Ibaté (SP),SP,0.913276922156596,0.806060606060606
Ibema (PR),PR,0.39505188135143693,0.296969696969697
Ibertioga (MG),MG,-0.808643806951959,-0.16363636363636364
Ibiaí (MG),MG,-0.18903541563940712,0.030303030303030304
Ibiracatu (MG),MG,0.8056385393246979,0.8666666666666667
Ibiraci (MG),MG,-0.5058799848937755,-0.5222329678670935
Ibirarema (SP),SP,0.7278249570378452,0.6
Ibirá (SP),SP,0.7556903894767868,0.6121212121212121
Ibitinga (SP),SP,0.7831149603062043,0.6606060606060606
Ibituruna (MG),MG,-0.4770468833536508,-0.22510994381306007
Ibiá (MG),MG,-0.12946762034611345,-0.7691256413612886
Icaraí de Minas (MG),MG,0.31405436055213937,0.12727272727272726
Icaraíma (PR),PR,0.8859236830318823,0.9272727272727272
Icém (SP),SP,0.9123163916832522,0.8787878787878788
Iepê (SP),SP,0.8880082301271037,0.8787878787878788
Igarapava (SP),SP,0.8570073053109443,0.8181818181818182
Igarapé (MG),MG,0.9264066733565283,0.6
Igaratinga (MG),MG,0.464157326783276,0.6917637567037024
Igaraçu do Tietê (SP),SP,0.5583777396708445,0.5515151515151515
Iguaraçu (PR),PR,0.8797537617698814,0.8666666666666667
Iguatama (MG),MG,0.8209635775794613,0.7212121212121212
Iguatemi (MS),MS,0.7219894618687993,0.7454545454545455
Iguatu (PR),PR,0.7370356924996888,0.6
Ijaci (MG),MG,0.5348290067727538,0.6930123197952736
Ilha Solteira (SP),SP,0.9760855944998442,0.9393939393939394
Imbé de Minas (MG),MG,0.5398838692088971,-0.08404606389858067
Inaciolândia (GO),GO,0.5756438944389871,0.7454545454545455
Inajá (PR),PR,0.8063613070052128,0.8303030303030303
Inconfidentes (MG),MG,-0.35070353198208215,-0.5565218055378429
Indaiabira (MG),MG,0.9742994711676175,0.9878787878787879
Indaiatuba (SP),SP,0.4954667335952816,0.47878787878787876
Indiana (SP),SP,-0.4692762673907077,0.12727272727272726
Indianópolis (MG),MG,-0.4401512125696543,-0.22424242424242424
Indianópolis (PR),PR,0.8964400022161798,0.7818181818181819
Indiaporã (SP),SP,0.9245452360972407,0.8787878787878788
Indiara (GO),GO,-0.13695666004079723,-0.030303030303030304
Indiavaí (MT),MT,-0.3134579959293427,-0.3504633733153655
Inhapim (MG),MG,0.6879039926332438,0.34545454545454546
Inhaúma (MG),MG,0.4440694491019462,0.16363636363636364
Inhumas (GO),GO,0.7860467788239687,0.4909090909090909
Inimutaba (MG),MG,0.988504429752624,0.7006490497453707
Inúbia Paulista (SP),SP,0.8578856347888628,0.6848484848484848
Ipaba (MG),MG,-0.7136878812599174,-0.3161108827136336
Ipameri (GO),GO,0.22607608025752213,0.07878787878787878
Ipanema (MG),MG,0.5048029052251483,0.2606060606060606
Ipatinga (MG),MG,0.8500829616701935,0.790277206784084
Ipaussu (SP),SP,0.7406790610996308,0.6727272727272727
Iperó (SP),SP,0.9383481636205434,0.6484848484848484
Ipeúna (SP),SP,0.7851999166046386,0.7818181818181819
Ipiaçu (MG),MG,0.9551990069414958,0.8787878787878788
Ipiguá (SP),SP,0.9521062634443955,0.9757575757575757
Ipiranga de Goiás (GO),GO,0.7593116113162323,0.6242424242424243
Iporanga (SP),SP,0.5821057515400846,0.3333333333333333
Iporá (GO),GO,-0.41615821310211093,-0.7006490497453707
Iporã (PR),PR,-0.45006312959028905,-0.683349073208448
Ipuã (SP),SP,0.2465570639745889,0.34545454545454546
Iracema do Oeste (PR),PR,-0.24420029185576797,-0.1393939393939394
Iracemápolis (SP),SP,0.7848986683057851,0.7090909090909091
Irapuru (SP),SP,0.8364178826301821,0.7454545454545455
Irapuã (SP),SP,0.891299688744419,0.8424242424242424
Iraí de Minas (MG),MG,-0.08461867509166555,-0.12109983575845912
Iretama (PR),PR,-0.31680320364690606,-0.29012942659282975
Itaberaí (GO),GO,-0.2728376153410622,-0.3090909090909091
Itaberá (SP),SP,-0.5089198486899197,-0.5222329678670935
Itabira (MG),MG,0.9874716342685894,0.4666666666666667
Itabirinha (MG),MG,0.9785035334692346,0.6363636363636364
Itabirito (MG),MG,0.9937123684370741,0.793939393939394
Itacambira (MG),MG,0.8042454200646805,0.5636363636363636
Itacarambi (MG),MG,0.6426480383716963,0.15151515151515152
Itaguajé (PR),PR,0.8234038315390123,0.8424242424242424
Itaguara (MG),MG,0.8917143382890889,0.8666666666666667
Itaguari (GO),GO,-0.3299076207667479,-0.354649519006916
Itaipulândia (PR),PR,-0.24240539726375657,-0.3575757575757576
Itaipé (MG),MG,0.9629651302204913,0.3939393939393939
Itajobi (SP),SP,0.8633959405248258,0.8909090909090909
Itaju (SP),SP,0.2155101975614805,0.006060606060606061
Itajubá (MG),MG,-0.6598171158397328,-0.5393939393939394
Itajá (GO),GO,0.8908023186820359,0.5222329678670935
Itamarandiba (MG),MG,0.7455529137861144,0.793939393939394
Itamarati de Minas (MG),MG,0.9873805964153733,0.9567172612055053
Itambacuri (MG),MG,0.9289960292379315,0.45454545454545453
Itambaracá (PR),PR,0.6147890857956384,0.5393939393939394
Itambé (PR),PR,0.09777581363271015,0.09090909090909091
Itambé do Mato Dentro (MG),MG,0.7606774605341531,0.6848484848484848
Itamogi (MG),MG,0.8945213072027104,0.8405540732215929
Itamonte (MG),MG,0.9366236528207252,0.837909235304168
Itanhandu (MG),MG,0.9352431960040672,0.21212121212121213
Itanhangá (MT),MT,-0.609317604148386,-0.4460906468463128
Itanhomi (MG),MG,0.4911706283042719,0.6727272727272727
Itaobim (MG),MG,0.9503756150335553,0.7575757575757576
Itaoca (SP),SP,0.43973742551746253,0.12727272727272726
Itapaci (GO),GO,0.6546270685357037,0.7818181818181819
Itapagipe (MG),MG,0.8806732697246572,0.7090909090909091
Itapecerica (MG),MG,0.8979506135951857,0.38181818181818183
Itapejara d'Oeste (PR),PR,0.6697440563421573,0.8666666666666667
Itapetininga (SP),SP,0.5956323020768105,0.4909090909090909
Itapeva (MG),MG,-0.37343497449717117,-0.5294233937317223
Itapeva (SP),SP,-0.4967126822045265,-0.5878787878787879
Itapira (SP),SP,0.9606134637688031,0.8424242424242424
Itapirapuã Paulista (SP),SP,-0.4903361413294666,-0.44242424242424244
Itaporanga (SP),SP,-0.7232420030361872,-0.6227991553292184
Itaporã (MS),MS,-0.624913471810568,-0.7693447387639307
Itapura (SP),SP,0.8712523698052185,0.7575757575757576
Itapuranga (GO),GO,0.7740401660105389,0.3333333333333333
Itapuí (SP),SP,0.7077062954549522,0.45454545454545453
Itaquiraí (MS),MS,0.8425021408597668,0.8424242424242424
Itararé (SP),SP,0.6224940646735955,0.5215116512688716
Itarumã (GO),GO,0.8532303874904995,0.8181818181818182
Itatiaiuçu (MG),MG,0.9025121006635867,0.6727272727272727
Itatiba (SP),SP,-0.14785842739874186,0.006060606060606061
Itatinga (SP),SP,0.9843835891193934,0.8303030303030303
Itaverava (MG),MG,-0.5596779597484945,-0.10303030303030303
Itaí (SP),SP,0.14283085244340152,0.45454545454545453
Itaú de Minas (MG),MG,0.6924783096642196,0.669076777444373
Itaúba (MT),MT,0.6824947339463185,0.5393939393939394
Itaúna (MG),MG,0.7850598121015598,0.8303030303030303
Itaúna do Sul (PR),PR,0.9274469712442968,0.8545454545454545
Itinga (MG),MG,0.2018730821302368,0.45454545454545453
Itiquira (MT),MT,0.20680227220161881,0.41818181818181815
Itirapina (SP),SP,0.6201621929623845,0.296969696969697
Itirapuã (SP),SP,0.8848451316133669,0.6727272727272727
Itobi (SP),SP,0.5536451266585047,0.5151515151515151
Itu (SP),SP,0.803296032429729,0.5878787878787879
Itueta (MG),MG,0.9344939013546594,0.47878787878787876
Ituiutaba (MG),MG,0.9540735691435848,0.9030303030303031
Itumbiara (GO),GO,0.577789432283847,0.6121212121212121
Itumirim (MG),MG,-0.08173268099410556,-0.09118583155200968
Itupeva (SP),SP,0.06007247335993182,-0.3865321650581048
Iturama (MG),MG,0.8790775314740952,0.9030303030303031
Ituverava (SP),SP,0.8470416832769332,0.8666666666666667
Itápolis (SP),SP,0.916047869779684,0.8666666666666667
Ivaiporã (PR),PR,-0.30792578671119764,-0.4061811972299616
Ivaté (PR),PR,0.8382703011958204,0.6363636363636364
Ivaí (PR),PR,-0.3239490063388433,-0.3333333333333333
Ivinhema (MS),MS,0.427997407227573,0.5151515151515151
Ivolândia (GO),GO,0.7238785240804977,0.8210653934707496
Jaborandi (SP),SP,0.2537909640046447,0.4303030303030303
Jaboti (PR),PR,0.005606683324177516,-0.34545454545454546
Jaboticabal (SP),SP,0.7345772763966538,0.806060606060606
Jaboticatubas (MG),MG,0.8910838366892809,0.793939393939394
Jacarezinho (PR),PR,0.8409057053368917,0.8424242424242424
Jacareí (SP),SP,0.44943559060257093,0.49696992650327754
Jaci (SP),SP,0.862753617613976,0.7696969696969697
Jaciara (MT),MT,0.7604247179622776,0.7818181818181819
Jacinto (MG),MG,0.885957727782451,0.683349073208448
Jacupiranga (SP),SP,-0.4838848398611164,-0.4233447522064957
Jacutinga (MG),MG,0.8952193154995702,0.9636363636363636
Jacuí (MG),MG,-0.2763245808072493,0.4666666666666667
Jaguapitã (PR),PR,0.5792595199776746,0.5151515151515151
Jaguaraçu (MG),MG,0.9307619047175052,0.8909090909090909
Jaguariaíva (PR),PR,0.8114235204585241,0.8816806132678185
Jaguariúna (SP),SP,0.8285246680707781,0.5636363636363636
Jales (SP),SP,0.89713905276678,0.806060606060606
Jambeiro (SP),SP,-0.03009136859900124,-0.5103493078392206
Jampruca (MG),MG,0.9864068156537621,0.5377626435534213
Janaúba (MG),MG,0.5482958928899541,0.5515151515151515
Jandaia (GO),GO,0.8522678917348484,0.8666666666666667
Jandaia do Sul (PR),PR,0.6433778752642605,0.7090909090909091
Jangada (MT),MT,0.10821784629862372,0.01818181818181818
Januária (MG),MG,0.4130775941644673,-0.11515151515151516
Japaraíba (MG),MG,0.8164621901720818,0.8424242424242424
Japira (PR),PR,-0.12833782974249983,0.04242424242424243
Japonvar (MG),MG,0.8777411914766995,0.9151515151515152
Japurá (PR),PR,0.8159554549622499,0.4909090909090909
Jaraguari (MS),MS,-0.6931612109022818,-0.5151515151515151
Jaraguá (GO),GO,0.2709908116372131,0.12727272727272726
Jardim (MS),MS,-0.3830949105787157,-0.45454545454545453
Jardim Alegre (PR),PR,-0.29562172337042836,-0.4061811972299616
Jardim Olinda (PR),PR,0.9146238192744967,0.8666666666666667
Jardinópolis (SP),SP,0.9274227369177649,0.6484848484848484
Jarinu (SP),SP,0.1944203727841144,0.04242424242424243
Jataí (GO),GO,0.6122017139312864,0.3212121212121212
Jateí (MS),MS,0.8670166879711863,0.6121212121212121
Jaíba (MG),MG,0.8101035110496706,0.8424242424242424
Jaú (SP),SP,0.6520046535807865,0.3575757575757576
Jeceaba (MG),MG,-0.4872560284784157,0.16363636363636364
Jenipapo de Minas (MG),MG,0.7167695307327105,0.8909090909090909
Jequeri (MG),MG,0.871834701651488,0.7212121212121212
Jequitaí (MG),MG,0.23218872150763925,0.12727272727272726
Jequitibá (MG),MG,0.6386985444330024,0.5757575757575758
Jequitinhonha (MG),MG,0.9308229471749682,0.8909090909090909
Jeriquara (SP),SP,0.6771451326147938,0.7212121212121212
Jesuânia (MG),MG,0.29289583166113325,0.27589669814188345
Jesuítas (PR),PR,-0.5732689609340941,-0.15151515151515152
Joanésia (MG),MG,0.8735297522767212,0.7212121212121212
Joaquim Felício (MG),MG,0.6845799937456478,0.7575757575757576
Joaquim Távora (PR),PR,-0.3380252322719485,-0.503030303030303
Joaíma (MG),MG,-0.17047625843032688,-0.07878787878787878
Jordânia (MG),MG,0.6494979436910423,0.7818181818181819
Josenópolis (MG),MG,-0.23513542422645317,-0.17629260766721871
José Bonifácio (SP),SP,0.9126990146253637,0.9636363636363636
José Gonçalves de Minas (MG),MG,0.31817654696391956,0.8181818181818182
José Raydan (MG),MG,0.9880832099908728,0.6606060606060606
Joviânia (GO),GO,0.7390429178595876,0.7454545454545455
João Monlevade (MG),MG,0.9539082777429391,0.7691256413612886
João Pinheiro (MG),MG,0.9263842151267482,0.8303030303030303
João Ramalho (SP),SP,0.9651098486394032,0.9515151515151515
Juara (MT),MT,0.7030151631329842,0.5636363636363636
Juatuba (MG),MG,0.05390378579204286,0.475232103605349
Juiz de Fora (MG),MG,0.658949959897063,0.8424242424242424
Jumirim (SP),SP,0.662120092902893,0.7212121212121212
Jundiaí do Sul (PR),PR,0.26820546268214746,0.030303030303030304
Junqueirópolis (SP),SP,0.22949810448908983,0.15151515151515152
Juramento (MG),MG,0.8981604527985155,0.5272727272727272
Juruaia (MG),MG,0.8233211308144432,0.7454545454545455
Juscimeira (MT),MT,-0.3321955624945951,-0.4061811972299616
Jussara (PR),PR,0.393453216761567,0.3090909090909091
Juti (MS),MS,0.8213042495816543,0.7454545454545455
Juvenília (MG),MG,-0.16021195332005078,0.45454545454545453
Juína (MT),MT,-0.5562724124982837,0.23636363636363636
Júlio Mesquita (SP),SP,0.5461210717594184,0.7305542477338166
Kaloré (PR),PR,0.1664278956417643,-0.04242424242424243
Ladainha (MG),MG,0.13378159699234976,-0.04242424242424243
Ladário (MS),MS,0.8391482758306299,0.7978634243562576
Lagamar (MG),MG,-0.23218041627412622,-0.12972986097979458
Lagoa Dourada (MG),MG,-0.8415176641695503,-0.8398301526586702
Lagoa Formosa (MG),MG,-0.3619474017990373,-0.3090909090909091
Lagoa Grande (MG),MG,0.3223786990377486,0.17575757575757575
Lagoa Santa (MG),MG,0.9245346808286139,0.5151515151515151
Lagoa da Prata (MG),MG,0.7163995134470563,0.5515151515151515
Lagoa dos Patos (MG),MG,0.41858854602286116,-0.15151515151515152
Lagoinha (SP),SP,-0.047888314326130284,0.018406293574195466
Laguna Carapã (MS),MS,-0.19130114731682848,-0.22424242424242424
Lajinha (MG),MG,0.5017690131441065,0.5106406566912542
Lambari (MG),MG,-0.5048963234536266,-0.1337392196096142
Lambari D'Oeste (MT),MT,0.5613916862044067,0.503030303030303
Lamim (MG),MG,0.9441949132356976,0.793939393939394
Laranjal (MG),MG,0.9830694543437645,0.30014659175074676
Laranjal (PR),PR,0.6599846673509777,0.7818181818181819
Laranjal Paulista (SP),SP,0.9950029534189279,0.9636363636363636
Laranjeiras do Sul (PR),PR,0.7745509372416802,0.6565706694547585
Lassance (MG),MG,0.30194536654314286,0.38181818181818183
Lavras (MG),MG,0.21622556430025847,0.6727272727272727
Lavínia (SP),SP,0.9343513343900363,0.6606060606060606
Leandro Ferreira (MG),MG,-0.047886823239820686,0.018237166310401936
Leme (SP),SP,0.9039403157817211,0.6
Leme do Prado (MG),MG,0.9487471046202559,0.6727272727272727
Lençóis Paulista (SP),SP,0.35381271696955885,0.3575757575757576
Leopoldina (MG),MG,0.9828301137579283,0.8424242424242424
Leopoldo de Bulhões (GO),GO,0.42129517432815006,0.29012942659282975
Liberdade (MG),MG,0.9763897341470168,0.3575757575757576
Lidianópolis (PR),PR,-0.48902773189175297,-0.5222329678670935
Lima Duarte (MG),MG,0.37408748309989,0.8181818181818182
Limeira (SP),SP,0.4976677027093485,0.3939393939393939
Limeira do Oeste (MG),MG,0.8744452571837639,0.9272727272727272
Lindoeste (PR),PR,-0.3901835551327482,-0.28484848484848485
Lindóia (SP),SP,0.9063734105125411,0.2727272727272727
Lins (SP),SP,0.9285444557713904,0.9515151515151515
Loanda (PR),PR,0.9657413930826505,0.9757575757575757
Lobato (PR),PR,0.8647655477963261,0.6363636363636364
Londrina (PR),PR,0.5916102636948436,0.5636363636363636
Lontra (MG),MG,0.954044198551081,0.9757575757575757
Lourdes (SP),SP,0.9825912157722687,0.9636363636363636
Louveira (SP),SP,-0.005152270876782647,-0.04242424242424243
Lucianópolis (SP),SP,-0.8572094032392347,-0.5515151515151515
Lucélia (SP),SP,-0.05636117443492821,0.04242424242424243
Luisburgo (MG),MG,0.8940765939378937,0.5592731001856593
Luislândia (MG),MG,0.8371224906761962,0.4303030303030303
Luiziana (PR),PR,-0.6404057201819527,-0.8566683972885897
Luiziânia (SP),SP,0.8159240437307823,0.9030303030303031
Luminárias (MG),MG,0.9118247818597927,0.7173285415424762
Lunardelli (PR),PR,-0.614851745397078,-0.6141827746434741
Lupionópolis (PR),PR,0.5510903245837764,0.3575757575757576
Lutécia (SP),SP,0.9625579377044553,0.6363636363636364
Luz (MG),MG,0.9046953898050974,0.4909090909090909
Luís Antônio (SP),SP,0.9205224241266953,0.7333333333333333
Macatuba (SP),SP,0.3340679443816213,0.6
Macaubal (SP),SP,0.7287533552331262,0.8303030303030303
Macedônia (SP),SP,0.8100043344228488,0.8303030303030303
Machacalis (MG),MG,0.8997084820778944,0.8528249356043899
Machado (MG),MG,0.4548977729418883,0.3575757575757576
Madre de Deus de Minas (MG),MG,-0.5671771831532199,-0.8739695897586162
Magda (SP),SP,0.9672762840277422,0.8666666666666667
Malacacheta (MG),MG,0.9478078051737996,0.38181818181818183
Mambaí (GO),GO,0.7457095575363218,0.5881992022553729
Mamborê (PR),PR,-0.7023028857530007,-0.5337825136516685
Mamonas (MG),MG,0.4580773044310236,0.3939393939393939
Mandaguari (PR),PR,0.07256964765251017,-0.15151515151515152
Mandaguaçu (PR),PR,0.7038734202477246,0.8303030303030303
Manduri (SP),SP,-0.24918657445501088,0.11515151515151516
Manfrinópolis (PR),PR,0.25510857082869126,0.05454545454545454
Manga (MG),MG,0.862377253749377,0.6606060606060606
Mangueirinha (PR),PR,-0.4268374918441969,0.04242424242424243
Manhuaçu (MG),MG,-0.008417370847485573,0.44377104688644714
Manoel Ribas (PR),PR,-0.29493269197818367,-0.29012942659282975
Mantena (MG),MG,0.33581271182603895,0.47878787878787876
Mar de Espanha (MG),MG,0.5129018863875558,0.5878787878787879
Mara Rosa (GO),GO,0.9678428010937533,0.9151515151515152
Marabá Paulista (SP),SP,0.31108866022582626,0.18787878787878787
Maracaju (MS),MS,-0.5457400422025006,-0.5272727272727272
Maracaí (SP),SP,0.730306332857209,0.7575757575757576
Marapoama (SP),SP,0.9246975265496421,0.793939393939394
Maravilhas (MG),MG,0.7954540967319489,0.8303030303030303
Marechal Cândido Rondon (PR),PR,0.04646341625290572,0.23636363636363636
Maria Helena (PR),PR,0.9207615155818061,0.7575757575757576
Maria da Fé (MG),MG,0.13720156429593458,0.5393939393939394
Marialva (PR),PR,0.5161607757137011,0.4909090909090909
Mariana (MG),MG,-0.27417465031625976,0.030303030303030304
Marilac (MG),MG,-0.25898866915243024,-0.04377137796365057
Marilena (PR),PR,0.9416442984044605,0.9272727272727272
Mariluz (PR),PR,0.6394449928885699,0.44242424242424244
Maringá (PR),PR,0.09012320650869028,-0.01818181818181818
Marinópolis (SP),SP,-0.4605573767200038,-0.45454545454545453
Maripá (PR),PR,-0.03016213002383665,0.24386910579748175
Maripá de Minas (MG),MG,0.7827149226326879,0.7575757575757576
Mariápolis (SP),SP,0.5314642503916254,0.38181818181818183
Mariópolis (PR),PR,0.8803027110310179,0.7818181818181819
Marliéria (MG),MG,0.9516200016753303,0.9515151515151515
Marmeleiro (PR),PR,-0.4871970514496741,-0.44242424242424244
Marmelópolis (MG),MG,0.3741125091156135,0.48478000681923245
Marquinho (PR),PR,0.7855437195432605,0.7628725873664813
Martinho Campos (MG),MG,-0.7264760163989389,-0.37426130267530777
Martinópolis (SP),SP,0.981783395188077,0.8424242424242424
Marumbi (PR),PR,0.07353194744879113,-0.006060606060606061
Marzagão (GO),GO,0.43347666923114486,0.6565379871744698
Marília (SP),SP,0.7385118591694788,0.696969696969697
Mata Verde (MG),MG,0.6367794452805529,0.4110738898236987
Matelândia (PR),PR,-0.04480697717835404,0.4303030303030303
Materlândia (MG),MG,0.28895266416987236,0.47878787878787876
Mateus Leme (MG),MG,0.9559986724629788,0.8181818181818182
Matias Barbosa (MG),MG,0.9084376891849747,0.875383982899293
Matias Cardoso (MG),MG,0.9136915965700271,0.8666666666666667
Matinhos (PR),PR,0.14930488087597202,-0.09726488698881033
Matipó (MG),MG,-0.626979584211994,-0.2606060606060606
Mato Rico (PR),PR,-0.35223143475490076,-0.5222329678670935
Mato Verde (MG),MG,0.7638964278956534,0.6727272727272727
Matozinhos (MG),MG,0.7292033158192286,0.1563263498701806
Matupá (MT),MT,0.5794554074564353,0.6121212121212121
Matutina (MG),MG,-0.2215802612387728,-0.0518999296107682
Matão (SP),SP,0.9783714256312165,0.9030303030303031
Maurilândia (GO),GO,0.18575131886081078,0.1393939393939394
Medeiros (MG),MG,0.28218262300490615,0.12727272727272726
Medianeira (PR),PR,-0.08661238235845234,-0.04242424242424243
Medina (MG),MG,0.897270248548154,0.7454545454545455
Mendes Pimentel (MG),MG,0.9895420304557967,0.696969696969697
Mendonça (SP),SP,0.8917466350640322,0.793939393939394
Mercedes (PR),PR,0.07211899543217118,-0.10303030303030303
Mercês (MG),MG,-0.0867447490081423,0.3708223816448394
Meridiano (SP),SP,0.9215198861356149,0.7454545454545455
Mesquita (MG),MG,-0.4926032643088398,-0.5757575757575758
Mesópolis (SP),SP,0.43852245327630285,0.3333333333333333
Miguelópolis (SP),SP,0.7034589177145363,0.8909090909090909
Minas Novas (MG),MG,0.8839574513677756,0.7818181818181819
Minduri (MG),MG,0.7478446291194967,0.7659609850368814
Mineiros (GO),GO,0.9069877802427347,0.8666666666666667
Mineiros do Tietê (SP),SP,0.7821517113245118,0.3212121212121212
Mira Estrela (SP),SP,0.8711355272839963,0.6848484848484848
Mirabela (MG),MG,0.7345132950953485,0.7333333333333333
Mirador (PR),PR,0.5431757341992275,0.38181818181818183
Miradouro (MG),MG,-0.8423399798168525,-0.8424242424242424
Miranda (MS),MS,-0.4285430610271867,-0.41818181818181815
Mirandópolis (SP),SP,0.8147694768563121,0.6121212121212121
Mirante do Paranapanema (SP),SP,0.8142788826331138,0.8666666666666667
Miraselva (PR),PR,0.9597168361131864,0.9272727272727272
Mirassol (SP),SP,0.7729619228196409,0.6484848484848484
Mirassol d'Oeste (MT),MT,0.9130892321140103,0.806060606060606
Mirassolândia (SP),SP,0.9953200251267839,0.7575757575757576
Miravânia (MG),MG,0.31831469594708217,-0.2606060606060606
Miraí (MG),MG,0.9767730468885286,0.9757575757575757
Missal (PR),PR,-0.5403273560555745,-0.5393939393939394
Mococa (SP),SP,0.08380084167154961,0.05454545454545454
Moeda (MG),MG,0.9882370356702815,0.7575757575757576
Moema (MG),MG,0.9769812367973887,0.806060606060606
Mogi Guaçu (SP),SP,0.8772637706192152,0.8303030303030303
Mogi Mirim (SP),SP,0.792012608683894,0.8909090909090909
Mombuca (SP),SP,0.39696626908511323,0.5515151515151515
Monjolos (MG),MG,0.9945656451254349,0.8816806132678185
Monsenhor Paulo (MG),MG,0.9085488452882395,0.793939393939394
Montalvânia (MG),MG,0.8986267587449572,0.5272727272727272
Monte Alegre de Goiás (GO),GO,0.13000329237541838,-0.07510676161988109
Monte Alegre de Minas (MG),MG,0.9453077814235504,0.806060606060606
Monte Alegre do Sul (SP),SP,0.9301679398915319,0.17575757575757575
Monte Alto (SP),SP,0.9186872358576152,0.9151515151515152
Monte Aprazível (SP),SP,0.22933866661249322,0.2606060606060606
Monte Azul (MG),MG,0.6313174474710174,0.18787878787878787
Monte Azul Paulista (SP),SP,0.8380599406404686,0.9393939393939394
Monte Belo (MG),MG,0.9022359939136828,0.806060606060606
Monte Carmelo (MG),MG,-0.029534514595346725,0.19452977397762067
Monte Castelo (SP),SP,0.329194064657437,0.16363636363636364
Monte Formoso (MG),MG,0.8352213448623611,0.8181818181818182
Monte Mor (SP),SP,0.9869225113360329,0.9151515151515152
Monte Santo de Minas (MG),MG,0.9774296933000726,0.696969696969697
Monte Sião (MG),MG,0.9871013746364675,0.9272727272727272
Monteiro Lobato (SP),SP,0.48257287963582995,0.5222329678670935
Montes Claros (MG),MG,0.9157597800237608,0.8787878787878788
Montes Claros de Goiás (GO),GO,0.8603524192433164,0.9151515151515152
Montezuma (MG),MG,0.8876482645836633,0.9515151515151515
Montividiu (GO),GO,-0.47704634137709845,-0.5515151515151515
Monções (SP),SP,0.9965311441827003,0.9757575757575757
Morada Nova de Minas (MG),MG,-0.27730020869770644,-0.4303030303030303
Moreira Sales (PR),PR,0.955333583402962,0.806060606060606
Morretes (PR),PR,0.10400923953483877,0.16363636363636364
Morrinhos (GO),GO,0.6700130074178291,0.6363636363636364
Morro Agudo (SP),SP,0.7676186784854664,0.8666666666666667
Morro da Garça (MG),MG,0.5003963665652716,0.6484848484848484
Morro do Pilar (MG),MG,0.9541462729406756,0.9264501099011717
Morungaba (SP),SP,-0.8636827695132323,-0.6121212121212121
Mossâmedes (GO),GO,0.5475477275538586,0.6848484848484848
Motuca (SP),SP,0.4569651058884424,0.2606060606060606
Mundo Novo (GO),GO,0.7446169127139239,0.5222329678670935
Munhoz (MG),MG,0.4929020298517237,0.1337392196096142
Munhoz de Melo (PR),PR,0.5458266228364934,0.5757575757575758
Muriaé (MG),MG,0.5756906279179299,0.3575757575757576
Murutinga do Sul (SP),SP,0.998264158294697,0.9272727272727272
Mutum (MG),MG,0.4641120525816324,0.503030303030303
Muzambinho (MG),MG,0.953072666440564,0.2606060606060606
Mário Campos (MG),MG,-0.2403112343321745,-0.4061811972299616
Nacip Raydan (MG),MG,-0.5390989438710984,-0.24316221747202582
Nantes (SP),SP,-0.0915506957481814,0.030303030303030304
Nanuque (MG),MG,0.9937827796473064,0.9878787878787879
Naque (MG),MG,0.9227487734725554,0.8424242424242424
Narandiba (SP),SP,0.8873704111760699,0.7696969696969697
Natalândia (MG),MG,-0.5944108621254323,-0.4924034903808523
Natércia (MG),MG,-0.9371138692613751,-0.683349073208448
Naviraí (MS),MS,0.8666763623393127,0.7333333333333333
Nazareno (MG),MG,0.48508675307359683,0.342649337432675
Nazaré Paulista (SP),SP,0.28784135949459866,-0.34545454545454546
Nazário (GO),GO,0.9697558156403454,0.7978634243562576
Nepomuceno (MG),MG,0.6083193517668735,0.8024353176576852
Nerópolis (GO),GO,-0.03619770445572131,0.29012942659282975
Neves Paulista (SP),SP,0.6345813571929193,0.7818181818181819
Nhandeara (SP),SP,0.8805640606236709,0.8424242424242424
Ninheira (MG),MG,0.2481806730299519,0.6606060606060606
Nioaque (MS),MS,-0.6341659319538845,-0.6121212121212121
Nipoã (SP),SP,0.8985413051515905,0.7575757575757576
Niquelândia (GO),GO,0.7097971342665463,0.9757575757575757
Nobres (MT),MT,-0.3589428399483039,-0.11515151515151516
Nossa Senhora das Graças (PR),PR,0.6891575240420634,0.7090909090909091
Nossa Senhora do Livramento (MT),MT,-0.6057823503032436,-0.6363636363636364
Nova Aliança (SP),SP,0.7720889377157863,0.6848484848484848
Nova Aliança do Ivaí (PR),PR,0.8673473944723276,0.793939393939394
Nova Alvorada do Sul (MS),MS,0.48872057182557904,0.41818181818181815
Nova América (GO),GO,0.694337938611195,0.7333333333333333
Nova América da Colina (PR),PR,0.8316007410064389,0.8909090909090909
Nova Andradina (MS),MS,0.9594106540035926,0.9393939393939394
Nova Aurora (GO),GO,0.5525168582190076,-0.05454545454545454
Nova Aurora (PR),PR,-0.14493803087056922,0.28484848484848485
Nova Bandeirantes (MT),MT,-0.26577458207966737,-0.5222329678670935
Nova Belém (MG),MG,0.27928633966980293,0.44242424242424244
Nova Brasilândia (MT),MT,-0.08954452379429031,-0.11515151515151516
Nova Campina (SP),SP,-0.3462191546137184,-0.29092868272585615
Nova Canaã Paulista (SP),SP,0.9572717199139081,0.8181818181818182
Nova Cantu (PR),PR,-0.5201348285579525,-0.5294233937317223
Nova Castilho (SP),SP,0.9738518222736425,0.9272727272727272
Nova Era (MG),MG,0.9200404264384546,0.8666666666666667
Nova Esperança (PR),PR,0.22082860224848194,0.23636363636363636
Nova Esperança do Sudoeste (PR),PR,-0.3154776520021318,-0.2
Nova Europa (SP),SP,0.7401474684392996,0.696969696969697
Nova Fátima (PR),PR,0.6738865431488439,0.17575757575757575
Nova Glória (GO),GO,0.7955734152869322,0.8545454545454545
Nova Granada (SP),SP,0.830032699635365,0.7333333333333333
Nova Guataporanga (SP),SP,0.9673610488673828,1.0
Nova Iguaçu de Goiás (GO),GO,0.9209765788225903,0.806060606060606
Nova Independência (SP),SP,0.9402924543918431,0.7818181818181819
Nova Lacerda (MT),MT,0.7625284466753397,0.5757575757575758
Nova Laranjeiras (PR),PR,0.83839050042522,0.6565706694547585
Nova Londrina (PR),PR,0.9319636226456559,0.9393939393939394
Nova Luzitânia (SP),SP,0.7980501992260223,0.7696969696969697
Nova Módica (MG),MG,0.9748790076689777,0.38181818181818183
Nova Nazaré (MT),MT,-0.7840396998932636,-0.8210653934707496
Nova Odessa (SP),SP,0.9936618433689873,0.8986463755309779
Nova Olímpia (MT),MT,0.46937812683092495,0.3090909090909091
Nova Olímpia (PR),PR,0.7172436586912281,0.806060606060606
Nova Ponte (MG),MG,0.753423077405168,0.7212121212121212
Nova Porteirinha (MG),MG,0.23416670158087333,-0.09090909090909091
Nova Prata do Iguaçu (PR),PR,0.23122857470724928,0.06666666666666667
Nova Resende (MG),MG,-0.4593976095319962,-0.4255338805760452
Nova Roma (GO),GO,0.4629460835525901,0.05462309935991351
Nova Santa Bárbara (PR),PR,0.7146173410503337,0.8857162118542732
Nova Santa Helena (MT),MT,0.7283087520406542,0.5636363636363636
Nova Santa Rosa (PR),PR,0.3101501887729604,0.5757575757575758
Nova Serrana (MG),MG,-0.1672752095434746,-0.09726488698881033
Nova Tebas (PR),PR,-0.7174341813910221,-0.7696969696969697
Nova União (MG),MG,0.2226465263032419,0.12727272727272726
Nova Xavantina (MT),MT,-0.659696873631439,-0.665903429350293
Novais (SP),SP,0.7187961340828324,0.6848484848484848
Novo Cruzeiro (MG),MG,0.914574844034985,0.8181818181818182
Novo Horizonte (SP),SP,0.8769959038696531,0.6606060606060606
Novo Horizonte do Sul (MS),MS,0.9506249810337126,0.9151515151515152
Novo Oriente de Minas (MG),MG,0.8253534935851028,0.8181818181818182
Novorizonte (MG),MG,0.8871335250711793,0.8303030303030303
Nuporanga (SP),SP,0.8172562092885157,0.7212121212121212
Ocauçu (SP),SP,0.51187709162951,0.503030303030303
Olaria (MG),MG,0.9798805749167718,0.9317050452262764
Olhos-d'Água (MG),MG,0.6950744021874358,0.6
Oliveira (MG),MG,-0.7188033362625402,-0.5515151515151515
Oliveira Fortes (MG),MG,0.9714900983118206,0.812776759390954
Olímpia (SP),SP,0.038177689272247586,-0.006060606060606061
Olímpio Noronha (MG),MG,0.40841113988293865,0.21849239743965404
Onda Verde (SP),SP,0.8919705462366619,0.9757575757575757
Onça de Pitangui (MG),MG,0.5132347145606067,0.4642963445592649
Oratórios (MG),MG,0.8613532003644421,0.5151515151515151
Oriente (SP),SP,0.3808062248999745,-0.21212121212121213
Orindiúva (SP),SP,0.9624040141209328,0.8424242424242424
Orizona (GO),GO,0.1882099206944501,0.17407765595569785
Orizânia (MG),MG,-0.7805183319967062,-0.5815340215170718
Orlândia (SP),SP,0.6499401885914429,0.7696969696969697
Oscar Bressane (SP),SP,0.43780773889893576,0.41818181818181815
Osvaldo Cruz (SP),SP,0.8465827681543137,0.7454545454545455
Ourinhos (SP),SP,0.5977116937809557,0.3575757575757576
Ourizona (PR),PR,-0.0986331436348864,0.10303030303030303
Ouro Branco (MG),MG,-0.09729393414706837,0.09090909090909091
Ouro Fino (MG),MG,0.9511718969534863,0.4303030303030303
Ouro Preto (MG),MG,0.9748796341966421,0.296969696969697
Ouro Verde (SP),SP,0.7866224704292025,0.793939393939394
Ouro Verde de Goiás (GO),GO,0.2860149980691772,0.0259499648053841
Ouro Verde de Minas (MG),MG,0.9947852809526126,0.9030303030303031
Ouro Verde do Oeste (PR),PR,0.28037730181899206,0.5151515151515151
Ouroeste (SP),SP,0.9049618039642323,0.9272727272727272
Ouvidor (GO),GO,0.2562802577553045,0.32218993815043423
Pacaembu (SP),SP,0.9153143076291145,0.9272727272727272
Padre Carvalho (MG),MG,0.5087387580847746,0.5828659631828564
Padre Paraíso (MG),MG,0.9146290567765768,0.6242424242424243
Pai Pedro (MG),MG,0.923944781757158,0.7952050661173402
Paineiras (MG),MG,0.3869155041193189,0.3939393939393939
Pains (MG),MG,0.2818014927464492,0.4133757697024439
Paiva (MG),MG,0.9781378265808637,0.9726488698881033
Paiçandu (PR),PR,0.7298224595152606,0.793939393939394
Palestina (SP),SP,0.9102561023455811,0.6606060606060606
Palma (MG),MG,0.12145049623965617,0.11550205329921226
Palmares Paulista (SP),SP,0.9713811080969237,0.9515151515151515
Palmeira d'Oeste (SP),SP,0.8899683180012059,0.8545454545454545
Palmeiras de Goiás (GO),GO,-0.7190737511123666,-0.5815340215170718
Palmelo (GO),GO,0.4534921843209229,0.29012942659282975
Palminópolis (GO),GO,-0.15031784274681295,-0.22627786434233257
Palmital (PR),PR,-0.2065673929886012,-0.06748974310538337
Palmital (SP),SP,0.8086580895766509,0.7333333333333333
Palmópolis (MG),MG,0.9290054907767414,0.030303030303030304
Palotina (PR),PR,-0.10519410726682392,0.025012215979228897
Panamá (GO),GO,0.80662626549468,0.9272727272727272
Panorama (SP),SP,0.6405047727724993,0.5757575757575758
Papagaios (MG),MG,0.5946781585613754,0.6242424242424243
Paracatu (MG),MG,0.635936785045433,0.3696969696969697
Paraguaçu (MG),MG,-0.3617881942530036,-0.5092407888860745
Paraguaçu Paulista (SP),SP,0.7811780072284423,0.696969696969697
Paraibuna (SP),SP,0.7326549108598828,0.4548567185582403
Paraisópolis (MG),MG,0.8282949291372822,0.9393939393939394
Paranacity (PR),PR,0.7071894846536485,0.7696969696969697
Paranaguá (PR),PR,0.5602684988403476,0.4909090909090909
Paranaiguara (GO),GO,0.7142847230785652,0.6242424242424243
Paranapanema (SP),SP,-0.18082408393415514,-0.3696969696969697
Paranapoema (PR),PR,0.8228819717181749,0.806060606060606
Paranapuã (SP),SP,0.9673439452302413,0.8909090909090909
Paranavaí (PR),PR,0.49912194878886734,0.6
Paranaíba (MS),MS,0.8473648357449455,0.9030303030303031
Paranaíta (MT),MT,-0.31542412088612776,-0.5222329678670935
Paraopeba (MG),MG,0.19932305635899691,-0.006060606060606061
Parapuã (SP),SP,0.9222650417092145,0.793939393939394
Paraíso (SP),SP,0.7639950720536466,0.8424242424242424
Paraíso das Águas (MS),MS,0.5369293984330175,0.6606060606060606
Paraíso do Norte (PR),PR,0.34169763460711755,0.23636363636363636
Paraúna (GO),GO,0.1474839767288765,0.18787878787878787
Pardinho (SP),SP,-0.781469721714623,-0.8389096502784891
Pariquera-Açu (SP),SP,0.7245075495443168,-0.05454545454545454
Parisi (SP),SP,0.9453425028379303,0.8787878787878788
Pará de Minas (MG),MG,0.9682405375002318,0.8666666666666667
Passa Quatro (MG),MG,0.864022176639766,0.5690279135274574
Passa Tempo (MG),MG,0.9646830349230925,0.7696969696969697
Passa Vinte (MG),MG,0.930894131369228,0.296969696969697
Passabém (MG),MG,0.8694242098461035,0.7818181818181819
Passos (MG),MG,0.6894622353026983,0.5757575757575758
Patis (MG),MG,0.9230044566648526,0.7090909090909091
Pato Bragado (PR),PR,-0.14245532315356907,-0.2606060606060606
Pato Branco (PR),PR,0.6490820167737064,0.696969696969697
Patos de Minas (MG),MG,-0.8433650838441209,-0.8545454545454545
Patrocínio (MG),MG,-0.7176947643432893,-0.6242424242424243
Patrocínio Paulista (SP),SP,0.05155741271970085,-0.12727272727272726
Patrocínio do Muriaé (MG),MG,0.9952675645285701,0.7333333333333333
Paula Cândido (MG),MG,-0.41004386497209017,-0.09090909090909091
Paula Freitas (PR),PR,0.5375322932007944,0.6
Paulicéia (SP),SP,0.49710579859251663,0.6242424242424243
Paulistas (MG),MG,0.9072246807799116,0.9636363636363636
Paulistânia (SP),SP,0.9848178556866322,0.9757575757575757
Paulo Frontin (PR),PR,0.6206711658817284,0.6848484848484848
Paulo de Faria (SP),SP,0.7108366642083406,0.7333333333333333
Paulínia (SP),SP,0.9932416342691047,0.6443798763008685
Pavão (MG),MG,0.983791172415069,0.894186721257433
Peabiru (PR),PR,-0.4293833982448428,-0.34545454545454546
Pederneiras (SP),SP,0.6899600880919463,0.41818181818181815
Pedra Azul (MG),MG,0.6901445409782865,0.7818181818181819
Pedra Bela (SP),SP,0.395414469792069,0.12727272727272726
Pedra Bonita (MG),MG,0.5711141573550299,0.3751832396884334
Pedra Dourada (MG),MG,0.4575475081527011,0.2606060606060606
Pedra Preta (MT),MT,0.6371970122311619,0.6363636363636364
Pedra do Anta (MG),MG,0.8646156769498184,0.503030303030303
Pedra do Indaiá (MG),MG,-0.1423543633664379,-0.012506107989614448
Pedralva (MG),MG,0.39016095482678786,0.08128970193249391
Pedranópolis (SP),SP,0.8337203141998206,0.7454545454545455
Pedras de Maria da Cruz (MG),MG,0.5294903666994816,0.9515151515151515
Pedregulho (SP),SP,0.9536465985374932,0.9515151515151515
Pedreira (SP),SP,0.046933065204161614,-0.058025885318565944
Pedrinhas Paulista (SP),SP,0.6702366385804435,0.8666666666666667
Pedrinópolis (MG),MG,0.21512646454701656,0.07878787878787878
Pedro Leopoldo (MG),MG,0.7618150390754793,0.7006490497453707
Pedro Teixeira (MG),MG,0.913045525472073,0.8787878787878788
Peixoto de Azevedo (MT),MT,0.6294585342784855,0.6242424242424243
Penápolis (SP),SP,0.8825361816868565,0.9030303030303031
Pequeri (MG),MG,0.9548949063866152,0.7316073173924452
Pequi (MG),MG,0.9421218682545979,0.18787878787878787
Perdigão (MG),MG,0.9494596475213735,0.8181818181818182
Perdizes (MG),MG,0.882525477030388,0.9757575757575757
Perdões (MG),MG,0.8046572934599,0.7212121212121212
Pereira Barreto (SP),SP,0.8643928828194501,0.806060606060606
Pereiras (SP),SP,0.9679836844402492,0.7696969696969697
Periquito (MG),MG,0.4087560381387227,0.503030303030303
Perobal (PR),PR,0.43720184693102776,0.4061811972299616
Perolândia (GO),GO,0.6952203214225708,0.5151515151515151
Pescador (MG),MG,0.9575713128608927,0.24848484848484848
Peçanha (MG),MG,0.9861835997099632,0.7575757575757576
Piacatu (SP),SP,0.8597533270619481,0.7696969696969697
Piau (MG),MG,0.09500615291225434,0.012506107989614448
Piedade de Caratinga (MG),MG,0.30270546920674285,0.5393939393939394
Piedade de Ponte Nova (MG),MG,0.7109049522292704,0.7333333333333333
Piedade do Rio Grande (MG),MG,0.5008497721831339,0.5106406566912542
Piedade dos Gerais (MG),MG,0.23027221932885292,-0.06748974310538337
Pimenta (MG),MG,-0.8494591582614933,-0.6606060606060606
Pindorama (SP),SP,0.8434116044873684,0.6363636363636364
Pingo-d'Água (MG),MG,0.2305816422506044,0.7781190959104827
Pinhal de São Bento (PR),PR,-0.027127742764595036,0.2727272727272727
Pinhalzinho (SP),SP,0.6205793221266052,0.4110738898236987
Pinhalão (PR),PR,-0.3840944991727595,-0.3090909090909091
Pinhão (PR),PR,0.5155416080829323,0.6606060606060606
Pintópolis (MG),MG,0.8590949730838489,0.18787878787878787
Piquerobi (SP),SP,0.9377377807598202,0.9757575757575757
Piracaia (SP),SP,-0.2783069141262553,-0.2727272727272727
Piracanjuba (GO),GO,0.7177891589325192,0.5828659631828564
Piracema (MG),MG,0.9103471997261247,0.8424242424242424
Piracicaba (SP),SP,0.31298043003357484,0.41818181818181815
Piraju (SP),SP,0.4793304863254206,0.15151515151515152
Pirajuba (MG),MG,-0.1091632389567117,-0.05454545454545454
Pirajuí (SP),SP,0.9177214752485156,0.9393939393939394
Piranga (MG),MG,0.7451351296331922,0.7090909090909091
Pirangi (SP),SP,0.7300296732296844,0.6606060606060606
Piranguinho (MG),MG,0.1368156676693311,0.21212121212121213
Piranguçu (MG),MG,0.8878351304820742,0.6440645614651441
Piranhas (GO),GO,-0.4464091155154409,-0.7006490497453707
Pirapetinga (MG),MG,0.8767140497824397,0.8816806132678185
Pirapora (MG),MG,0.7653909185872194,0.5757575757575758
Pirapozinho (SP),SP,0.9701551559704809,0.6848484848484848
Pirassununga (SP),SP,0.5616193744414879,0.4666666666666667
Piratininga (SP),SP,0.8995061342359622,0.9272727272727272
Piraúba (MG),MG,0.6680909095375066,0.6065462374963008
Pirenópolis (GO),GO,-0.19924894510896557,-0.12676334779491943
Pitanga (PR),PR,-0.22112485002853982,0.12158110873601291
Pitangueiras (PR),PR,-0.3353665616055978,-0.2727272727272727
Pitangueiras (SP),SP,0.3701699572796087,0.4303030303030303
Pitangui (MG),MG,-0.4967646445014886,-0.44242424242424244
Piumhi (MG),MG,-0.8194702071865166,-0.793939393939394
Planaltina (GO),GO,-0.6882012027966121,-0.7531234192521683
Planaltina do Paraná (PR),PR,0.5241017005213806,0.5151515151515151
Planalto (PR),PR,0.16238457467014394,0.1393939393939394
Planalto (SP),SP,0.8911876294969836,0.9757575757575757
Planura (MG),MG,0.13350019104819083,0.3090909090909091
Platina (SP),SP,0.7943231430563508,0.6
Poconé (MT),MT,-0.34914312592019703,-0.28484848484848485
Pocrane (MG),MG,0.2713313720171506,0.3575757575757576
Poloni (SP),SP,0.9258795042785319,0.8181818181818182
Pompéia (SP),SP,0.3767255628040436,0.2
Pompéu (MG),MG,0.9202319390701282,0.806060606060606
Pongaí (SP),SP,0.9149012217902549,0.793939393939394
Ponta Porã (MS),MS,-0.2713227634893374,-0.296969696969697
Pontal (SP),SP,0.5751912505608804,0.5757575757575758
Pontal do Araguaia (MT),MT,-0.6627913225939064,-0.7046939203804071
Pontal do Paraná (PR),PR,0.6234575149899078,0.8545454545454545
Pontalina (GO),GO,0.695540099121861,0.5272727272727272
Pontalinda (SP),SP,0.878137009291616,0.9393939393939394
Ponte Branca (MT),MT,-0.014787698978492612,-0.10303030303030303
Ponte Nova (MG),MG,0.6928362912277807,0.7454545454545455
Pontes Gestal (SP),SP,0.8867761760272438,0.3696969696969697
Pontes e Lacerda (MT),MT,-0.7893857007921348,-0.7920349407187459
Ponto Chique (MG),MG,0.8864773601227781,0.828283210838796
Ponto dos Volantes (MG),MG,0.7086810601876979,0.7090909090909091
Populina (SP),SP,0.5035161381826377,0.503030303030303
Porangaba (SP),SP,-0.02678132032983739,-0.296969696969697
Porecatu (PR),PR,0.7809403561375677,0.8666666666666667
Porteirinha (MG),MG,0.7314130209891848,0.2727272727272727
Porteirão (GO),GO,0.6636232201085941,0.6727272727272727
Portelândia (GO),GO,0.5374189469121735,0.5222329678670935
Porto Barreiro (PR),PR,0.6042693092811207,0.6127992914911079
Porto Estrela (MT),MT,0.8387660243167203,0.8787878787878788
Porto Feliz (SP),SP,0.5036944321358475,0.7333333333333333
Porto Ferreira (SP),SP,0.984294964598318,0.9515151515151515
Porto Firme (MG),MG,0.5120553143138638,0.4666666666666667
Porto Murtinho (MS),MS,-0.509924700610509,-0.4303030303030303
Porto Rico (PR),PR,0.6840910558932517,0.5222329678670935
Porto Vitória (PR),PR,-0.04513569307237762,0.23636363636363636
Porto dos Gaúchos (MT),MT,0.6517188611892594,0.7454545454545455
Posse (GO),GO,-0.30335000101831927,-0.3209107087394919
Potirendaba (SP),SP,0.8952523230549062,0.696969696969697
Poté (MG),MG,-0.23031886779213093,-0.296969696969697
Pouso Alegre (MG),MG,0.5451255541269743,0.3755338080994054
Pouso Alto (MG),MG,-0.3846414377468747,-0.5294233937317223
Poxoréu (MT),MT,0.13854058761290006,0.5272727272727272
Poço Fundo (MG),MG,-0.464527865787108,-0.5393939393939394
Poços de Caldas (MG),MG,-0.709928837032116,-0.6227991553292184
Pracinha (SP),SP,0.7564260636463385,0.9151515151515152
Prado Ferreira (PR),PR,0.6348083038791019,0.503030303030303
Prados (MG),MG,0.8227816118302678,0.8909090909090909
Pradópolis (SP),SP,0.7621548090030712,0.3212121212121212
Pranchita (PR),PR,-0.11442897171760012,0.006060606060606061
Prata (MG),MG,0.7841821658216304,0.8424242424242424
Pratinha (MG),MG,0.7328925285514477,0.47416632407045034
Pratápolis (MG),MG,0.6326920450947258,0.5878787878787879
Pratânia (SP),SP,0.8321513344527167,0.793939393939394
Presidente Alves (SP),SP,0.3035283097271589,-0.34545454545454546
Presidente Bernardes (MG),MG,-0.6243968267381925,0.05454545454545454
Presidente Bernardes (SP),SP,0.9821472283055429,0.6363636363636364
Presidente Castelo Branco (PR),PR,0.3713181155961204,0.5878787878787879
Presidente Epitácio (SP),SP,0.7171727868262523,0.3212121212121212
Presidente Juscelino (MG),MG,0.8380238477315272,0.8773666603699838
Presidente Kubitschek (MG),MG,0.9785128103066252,0.8787878787878788
Presidente Olegário (MG),MG,0.7943273445185952,0.7454545454545455
Presidente Prudente (SP),SP,0.9668531267212132,0.7696969696969697
Presidente Venceslau (SP),SP,0.8810512712899262,0.7212121212121212
Promissão (SP),SP,0.9186458405081461,0.9272727272727272
Prudente de Morais (MG),MG,0.9824812319051524,0.6121212121212121
Prudentópolis (PR),PR,0.673267824543013,0.7454545454545455
Pérola d'Oeste (PR),PR,-0.07321364467532764,-0.11515151515151516
Quadra (SP),SP,0.760571180249958,0.7212121212121212
Quartel Geral (MG),MG,0.881364823411661,0.806060606060606
Quatiguá (PR),PR,-0.10416884582778713,0.15151515151515152
Quatro Pontes (PR),PR,-0.21709454792838526,-0.2
Quatá (SP),SP,0.6048310035928046,0.5151515151515151
Quedas do Iguaçu (PR),PR,-0.4171066740811346,-0.7006490497453707
Queiroz (SP),SP,0.9841866034444919,0.9878787878787879
Queluz (SP),SP,0.588267543630373,0.7696969696969697
Queluzito (MG),MG,-0.03344323315325524,-0.13576671860539954
Querência (MT),MT,-0.7730629025012437,-0.6687619998624352
Quinta do Sol (PR),PR,0.482365716288025,0.4439668336313129
Quintana (SP),SP,0.3219169508432624,0.34545454545454546
Quirinópolis (GO),GO,0.6449861747590129,0.6121212121212121
Rafard (SP),SP,0.4387764625511719,0.2
Ramilândia (PR),PR,0.09549393997561285,0.17575757575757575
Rancharia (SP),SP,0.8427417961418973,0.8545454545454545
Rancho Alegre (PR),PR,0.518347081565158,0.5449492609130661
Raposos (MG),MG,0.8437185880049402,0.6917637567037024
Raul Soares (MG),MG,0.08049980115543805,0.22424242424242424
Realeza (PR),PR,0.005253839523482637,-0.17575757575757575
Recreio (MG),MG,0.9750478666731626,0.7753786953560958
Redenção da Serra (SP),SP,0.11783007933133939,-0.13981827504641484
Regente Feijó (SP),SP,0.6467887707914481,0.16363636363636364
Reginópolis (SP),SP,0.6498669406263109,0.806060606060606
Registro (SP),SP,-0.04471797554184041,0.006060606060606061
Renascença (PR),PR,-0.46791511456957297,-0.38181818181818183
Resende Costa (MG),MG,0.7162638639717639,0.21212121212121213
Reserva do Iguaçu (PR),PR,0.509288731354534,0.5515151515151515
Resplendor (MG),MG,0.40741593511415414,0.01818181818181818
Ressaquinha (MG),MG,0.8521354229967147,0.6079055436800646
Restinga (SP),SP,0.9038147669926125,0.7575757575757576
Riachinho (MG),MG,-0.11065209430774951,-0.40606060606060607
Riacho dos Machados (MG),MG,-0.9481521075179302,-0.8666666666666667
Rialma (GO),GO,0.533803411642484,0.6606060606060606
Rianápolis (GO),GO,0.8621635739819622,0.8909090909090909
Ribas do Rio Pardo (MS),MS,0.5772391290883742,0.1393939393939394
Ribeira (SP),SP,0.6014286757140652,0.5878787878787879
Ribeirão Bonito (SP),SP,0.5724225827386347,0.5878787878787879
Ribeirão Cascalheira (MT),MT,-0.8164303693276456,-0.8081352297940448
Ribeirão Claro (PR),PR,0.22556134791177376,-0.10303030303030303
Ribeirão Corrente (SP),SP,0.9082185027869561,0.8424242424242424
Ribeirão Grande (SP),SP,0.7482085135970048,0.6253053994807224
Ribeirão Preto (SP),SP,0.8159473482481031,0.8909090909090909
Ribeirão Vermelho (MG),MG,-0.18373742014850766,-0.3027495893961478
Ribeirão das Neves (MG),MG,0.8905139343021107,0.9118583155200969
Ribeirão do Pinhal (PR),PR,0.8376418739252554,0.5878787878787879
Ribeirão do Sul (SP),SP,-0.16799427624439894,-0.06666666666666667
Ribeirão dos Índios (SP),SP,0.7181715658113423,0.5515151515151515
Ribeirãozinho (MT),MT,0.6304739826353344,0.7090909090909091
Rifaina (SP),SP,0.8748066022202784,0.8909090909090909
Rincão (SP),SP,0.43692556305642016,0.5393939393939394
Rinópolis (SP),SP,0.8363426394017175,0.6121212121212121
Rio Acima (MG),MG,0.9897237678499068,0.9969650916353059
Rio Bonito do Iguaçu (PR),PR,0.5262838461556693,0.6565706694547585
Rio Branco do Sul (PR),PR,0.6568901077667819,0.11515151515151516
Rio Brilhante (MS),MS,0.47291216126778507,0.3575757575757576
Rio Casca (MG),MG,0.8417177840682873,0.7454545454545455
Rio Claro (SP),SP,0.9742994553790855,0.9272727272727272
Rio Doce (MG),MG,0.9824742357799306,0.9264501099011717
Rio Espera (MG),MG,0.7602537838665867,0.6848484848484848
Rio Manso (MG),MG,-0.6837681501191224,-0.3090909090909091
Rio Novo (MG),MG,0.9899687341396501,0.3802900433847583
Rio Paranaíba (MG),MG,0.37459130785463524,0.06748974310538337
Rio Pardo de Minas (MG),MG,0.9222205896052068,0.9757575757575757
Rio Piracicaba (MG),MG,0.8560183503958853,0.8666666666666667
Rio Pomba (MG),MG,0.9974547636109037,0.894186721257433
Rio Preto (MG),MG,0.9638979268417764,0.8666666666666667
Rio Quente (GO),GO,0.4759708220366713,0.2127669402880226
Rio Verde (GO),GO,-0.5499942098560552,-0.4909090909090909
Rio Vermelho (MG),MG,0.9502997531016261,0.5757575757575758
Rio das Pedras (SP),SP,0.4587608401104688,0.3333333333333333
Rio do Prado (MG),MG,0.9111688148676538,0.7006490497453707
Riolândia (SP),SP,0.8843775016095399,0.806060606060606
Ritápolis (MG),MG,0.3190842182464295,0.4303030303030303
Riversul (SP),SP,-0.06652267042318556,-0.05454545454545454
Rochedo (MS),MS,-0.2948348925275345,-0.18787878787878787
Rochedo de Minas (MG),MG,0.9660373582095786,0.8739695897586162
Rodeiro (MG),MG,0.8522073517018903,0.22627786434233257
Rolândia (PR),PR,0.6926626768658054,0.17575757575757575
Romaria (MG),MG,-0.8146869363559995,-0.7191012094028307
Roncador (PR),PR,0.1792124892870457,0.25945972195958916
Rondon (PR),PR,0.7832584316110449,0.7090909090909091
Rondonópolis (MT),MT,0.23413763430275614,0.4909090909090909
Rosana (SP),SP,0.8007172863825852,0.6930123197952736
Rosário Oeste (MT),MT,0.6201704013271836,0.7696969696969697
Rosário da Limeira (MG),MG,0.9454680959176363,0.8424242424242424
Rubelita (MG),MG,0.938371111465391,0.7575757575757576
Rubiataba (GO),GO,0.8479667592068436,0.8909090909090909
Rubim (MG),MG,0.7128472600600148,0.683349073208448
Rubinéia (SP),SP,-0.1879506754354144,-0.10303030303030303
Rubiácea (SP),SP,0.9560704241001684,0.9272727272727272
Sabará (MG),MG,-0.2526697672179497,-0.2606060606060606
Sabino (SP),SP,0.7636556352646697,0.806060606060606
Sabinópolis (MG),MG,0.6986114662005964,0.5515151515151515
Sabáudia (PR),PR,-0.07049023780956475,-0.17407765595569785
Sacramento (MG),MG,0.21830460586562436,0.15151515151515152
Sagres (SP),SP,0.7182022277155833,0.6242424242424243
Sales (SP),SP,0.9233145487609381,0.9757575757575757
Sales Oliveira (SP),SP,0.925620306449751,0.9030303030303031
Salgado Filho (PR),PR,0.6869782747264624,0.696969696969697
Salinas (MG),MG,0.7896528023233447,0.9151515151515152
Salmourão (SP),SP,0.7594631370480677,0.5393939393939394
Saltinho (SP),SP,0.18882980743744116,0.17575757575757575
Salto (SP),SP,0.9181729146828534,0.8545454545454545
Salto Grande (SP),SP,0.10075693099777572,0.05454545454545454
Salto do Itararé (PR),PR,-0.5851975190341742,-0.44242424242424244
Salto do Lontra (PR),PR,0.45662662885141947,0.28484848484848485
Sanclerlândia (GO),GO,0.46383393292640335,0.3497195779097138
Sandovalina (SP),SP,0.9889399809530094,0.7575757575757576
Santa Adélia (SP),SP,0.6775092772332356,0.7333333333333333
Santa Albertina (SP),SP,0.9060746922825476,0.7454545454545455
Santa Amélia (PR),PR,0.5884197435188115,0.5515151515151515
Santa Branca (SP),SP,0.2343347200912809,0.06748974310538337
Santa Bárbara (MG),MG,0.9601106881830778,0.8424242424242424
Santa Bárbara d'Oeste (SP),SP,0.9791638222386866,0.8666666666666667
Santa Bárbara de Goiás (GO),GO,-0.2675277699518045,-0.06666666666666667
Santa Bárbara do Leste (MG),MG,0.31237070687690016,0.12727272727272726
Santa Bárbara do Monte Verde (MG),MG,0.5653500531831703,0.6484848484848484
Santa Bárbara do Tugúrio (MG),MG,-0.3255640726040905,0.12727272727272726
Santa Cecília do Pavão (PR),PR,-0.12255002872976554,-0.36893018569362623
Santa Clara d'Oeste (SP),SP,0.6081897330964993,0.7510676161988108
Santa Cruz da Conceição (SP),SP,0.8088223732922591,0.7696969696969697
Santa Cruz da Esperança (SP),SP,0.6152696217586986,0.5757575757575758
Santa Cruz das Palmeiras (SP),SP,0.06484969689506732,0.12727272727272726
Santa Cruz de Goiás (GO),GO,0.3832480748071749,0.29012942659282975
Santa Cruz de Salinas (MG),MG,-0.13851338997790677,-0.22424242424242424
Santa Cruz do Escalvado (MG),MG,0.8816382645097338,0.8303030303030303
Santa Cruz do Rio Pardo (SP),SP,0.8237619308552431,0.2727272727272727
Santa Efigênia de Minas (MG),MG,0.8501173579266628,0.4399433835235439
Santa Ernestina (SP),SP,0.8500998401552154,0.793939393939394
Santa Fé (PR),PR,0.869015059407727,0.806060606060606
Santa Fé de Minas (MG),MG,0.4172424089871197,-0.22424242424242424
Santa Fé do Sul (SP),SP,0.9931789323528182,0.7212121212121212
Santa Gertrudes (SP),SP,0.9140152905172781,0.8303030303030303
Santa Helena (PR),PR,-0.4859325812781696,-0.3696969696969697
Santa Helena de Goiás (GO),GO,-0.5599838517048252,-0.5393939393939394
Santa Helena de Minas (MG),MG,0.7309784212457027,0.7781190959104827
Santa Inês (PR),PR,0.8908340947584745,0.9151515151515152
Santa Isabel (GO),GO,-0.1409243689451959,0.05454545454545454
Santa Isabel do Ivaí (PR),PR,0.761828150895616,0.7090909090909091
Santa Izabel do Oeste (PR),PR,-0.3721973193985352,-0.3575757575757576
Santa Juliana (MG),MG,0.8430371068087922,0.9515151515151515
Santa Luzia (MG),MG,-0.7111369944279567,-0.2674784392192284
Santa Lúcia (PR),PR,-0.37232177081650775,-0.3333333333333333
Santa Lúcia (SP),SP,0.7054814465585794,0.503030303030303
Santa Margarida (MG),MG,-0.6370126720490765,-0.2249250511616239
Santa Maria da Serra (SP),SP,0.6500325623122994,0.5393939393939394
Santa Maria de Itabira (MG),MG,0.8959654804117743,0.7575757575757576
Santa Maria do Salto (MG),MG,0.9331491337652142,0.9393939393939394
Santa Maria do Suaçuí (MG),MG,0.9576484957295541,0.5636363636363636
Santa Mariana (PR),PR,0.5276513505841226,0.503030303030303
Santa Mercedes (SP),SP,0.8256403999622529,0.6484848484848484
Santa Mônica (PR),PR,0.7454573400305062,0.6848484848484848
Santa Rita d'Oeste (SP),SP,0.9403204240890468,0.793939393939394
Santa Rita de Caldas (MG),MG,0.31284957627477267,0.09090909090909091
Santa Rita de Ibitipoca (MG),MG,-0.40971196797867665,0.07294866524160774
Santa Rita de Jacutinga (MG),MG,0.7543466699070709,0.806060606060606
Santa Rita de Minas (MG),MG,0.3517907154726845,0.32004956593307055
Santa Rita do Itueto (MG),MG,-0.008578326951383936,-0.11255497190653004
Santa Rita do Novo Destino (GO),GO,0.8408429752416117,0.7818181818181819
Santa Rita do Pardo (MS),MS,-0.11835165443827564,0.14167668282961582
Santa Rita do Passa Quatro (SP),SP,0.5577167955225042,0.6
Santa Rita do Sapucaí (MG),MG,0.1759239430603036,-0.11515151515151516
Santa Rosa da Serra (MG),MG,-0.3895083285538286,-0.36893018569362623
Santa Rosa de Viterbo (SP),SP,0.9623307455387303,0.6848484848484848
Santa Salete (SP),SP,0.9248951917556093,0.8181818181818182
Santa Tereza do Oeste (PR),PR,0.6441977731735835,0.38181818181818183
Santa Terezinha de Goiás (GO),GO,0.8794196885399053,0.8545454545454545
Santa Terezinha de Itaipu (PR),PR,0.3623831667793453,0.5878787878787879
Santa Vitória (MG),MG,0.8918284645837021,0.6727272727272727
Santana da Ponte Pensa (SP),SP,0.8864763500696653,0.9878787878787879
Santana da Vargem (MG),MG,0.19682501558578555,0.48632443494405164
Santana de Pirapama (MG),MG,-0.6039158922749017,-0.3939393939393939
Santana do Deserto (MG),MG,0.38579388831497696,0.8787878787878788
Santana do Garambéu (MG),MG,-0.4781377880205102,-0.23636363636363636
Santana do Itararé (PR),PR,0.3643399967225587,0.296969696969697
Santana do Jacaré (MG),MG,0.5527703132646077,0.44788647697208966
Santana do Manhuaçu (MG),MG,0.19594451239153932,-0.05454545454545454
Santana do Paraíso (MG),MG,0.7001538779707834,0.5636363636363636
Santana do Riacho (MG),MG,0.9960333416392163,0.8787878787878788
Santana dos Montes (MG),MG,0.8517842733214757,0.8545454545454545
Santo Afonso (MT),MT,0.7612129814458273,0.793939393939394
Santo Anastácio (SP),SP,0.9311633133360966,0.9151515151515152
Santo Antônio da Alegria (SP),SP,-0.17847926973687445,-0.06666666666666667
Santo Antônio da Barra (GO),GO,0.021066453309135723,-0.01818181818181818
Santo Antônio da Platina (PR),PR,0.36441595565304896,0.5757575757575758
Santo Antônio de Leverger (MT),MT,-0.7044079282510666,-0.5636363636363636
Santo Antônio de Posse (SP),SP,0.9199158648693928,0.8303030303030303
Santo Antônio do Amparo (MG),MG,-0.45597948047213116,-0.6121212121212121
Santo Antônio do Aracanguá (SP),SP,0.6947451926439722,0.8787878787878788
Santo Antônio do Aventureiro (MG),MG,0.9749130457030152,0.8424242424242424
Santo Antônio do Caiuá (PR),PR,0.7628638098027438,0.8181818181818182
Santo Antônio do Grama (MG),MG,0.04649803676585617,0.01818181818181818
Santo Antônio do Itambé (MG),MG,0.8733355434127698,0.9151515151515152
Santo Antônio do Jacinto (MG),MG,0.9548301645996393,0.7575757575757576
Santo Antônio do Monte (MG),MG,0.7001449222001553,0.6484848484848484
Santo Antônio do Paraíso (PR),PR,0.6370742041360821,0.06666666666666667
Santo Antônio do Retiro (MG),MG,0.8834524281153641,0.5272727272727272
Santo Antônio do Rio Abaixo (MG),MG,0.6430894381332048,0.6
Santo Antônio do Sudoeste (PR),PR,-0.3807860099225444,-0.3575757575757576
Santo Expedito (SP),SP,0.8022912930385562,0.696969696969697
Santo Hipólito (MG),MG,0.5821276622754058,0.6
Santo Inácio (PR),PR,0.6547539131960917,0.4909090909090909
Santos Dumont (MG),MG,0.9118704244234349,0.806060606060606
Santópolis do Aguapeí (SP),SP,0.8066135325221601,0.6121212121212121
Sarandi (PR),PR,-0.20010926758505937,-0.09697622757528539
Sarapuí (SP),SP,-0.6721417828242643,-0.6636434090439899
Sardoá (MG),MG,0.9931303717314659,0.6606060606060606
Sarutaiá (SP),SP,0.8769179197663741,0.6727272727272727
Saudade do Iguaçu (PR),PR,0.14222934064166348,0.3212121212121212
Sebastianópolis do Sul (SP),SP,0.8791987386943917,0.9030303030303031
Selvíria (MS),MS,0.8845684666928131,0.6808542089216723
Sem-Peixe (MG),MG,0.9129324926614243,0.5878787878787879
Senador Cortes (MG),MG,0.6099809594428415,0.8066439653301319
Senador Firmino (MG),MG,0.9860585530352193,0.9393939393939394
Senador José Bento (MG),MG,0.2780087993411224,0.23354968324845687
Senador Modestino Gonçalves (MG),MG,0.9044675793760816,0.8545454545454545
Sengés (PR),PR,0.07899826642853995,0.11515151515151516
Senhora de Oliveira (MG),MG,0.9111414838936948,0.8666666666666667
Senhora do Porto (MG),MG,-0.06726406886262441,0.037518323968843345
Senhora dos Remédios (MG),MG,0.8683478941909011,0.3090909090909091
Sericita (MG),MG,-0.5875226493982157,-0.3209107087394919
Seritinga (MG),MG,-0.8560910720140089,-0.024316221747202584
Serra Azul (SP),SP,0.8843397993872416,0.6242424242424243
Serra Azul de Minas (MG),MG,0.8236459675029857,0.791470623690405
Serra Negra (SP),SP,0.3172482912549212,0.21212121212121213
Serra dos Aimorés (MG),MG,0.9574332782661568,0.9515151515151515
Serrana (SP),SP,0.18408771961366668,0.2606060606060606
Serrania (MG),MG,0.9735327475802708,0.9151515151515152
Serranos (MG),MG,0.03745963501467214,0.3575757575757576
Serranópolis (GO),GO,0.5935252741314431,0.5393939393939394
Serranópolis de Minas (MG),MG,0.4401877955489348,0.006060606060606061
Serranópolis do Iguaçu (PR),PR,-0.4678946877120866,-0.4666666666666667
Serro (MG),MG,0.923089350902332,0.9272727272727272
Sertaneja (PR),PR,0.17804441625683218,0.030303030303030304
Sertãozinho (SP),SP,0.30580860302491664,0.17575757575757575
Sete Barras (SP),SP,-0.7015160665814949,-0.3404271044608361
Sete Lagoas (MG),MG,0.9398074752139098,0.9030303030303031
Setubinha (MG),MG,-0.2587994924886146,0.07878787878787878
Severínia (SP),SP,0.7738630931884561,0.7333333333333333
Sidrolândia (MS),MS,0.19048164141512347,-0.2727272727272727
Silveiras (SP),SP,-0.42135336836484444,-0.40606060606060607
Silveirânia (MG),MG,0.9768614347302051,0.8424242424242424
Silvianópolis (MG),MG,-0.5545289043565228,-0.6012526109667694
Silvânia (GO),GO,0.38836109968888743,0.4061811972299616
Simolândia (GO),GO,0.1067500585422797,-0.3504633733153655
Simonésia (MG),MG,-0.7064896527440234,-0.7696969696969697
Simão Pereira (MG),MG,-0.3712210418724066,-0.2727272727272727
Sinop (MT),MT,-0.4700988020327458,-0.7176240840571119
Siqueira Campos (PR),PR,0.26312422819509795,0.09090909090909091
Sobrália (MG),MG,0.0683052803312915,-0.15704141065975136
Socorro (SP),SP,-0.6603043450942563,0.05454545454545454
Soledade de Minas (MG),MG,0.2942036383258499,0.4548567185582403
Sonora (MS),MS,0.8551860515252213,0.793939393939394
Sorocaba (SP),SP,0.9350313017670141,0.05454545454545454
Sorriso (MT),MT,0.6208190085863088,0.5106406566912542
Sud Mennucci (SP),SP,0.7566414906031821,0.6484848484848484
Sulina (PR),PR,-0.2698524750613633,0.18787878787878787
Sumaré (SP),SP,0.9505339668425535,0.9636363636363636
Suzanápolis (SP),SP,0.9134326930996453,0.8909090909090909
São Brás do Suaçuí (MG),MG,0.963910335328276,0.683349073208448
São Carlos (SP),SP,0.8144902961737616,0.793939393939394
São Carlos do Ivaí (PR),PR,0.12892796981828814,0.2606060606060606
São Domingos (GO),GO,-0.38730117738571784,-0.6623050797389514
São Domingos do Prata (MG),MG,0.4901858653130657,0.6848484848484848
São Francisco (MG),MG,0.7474244147032362,0.7090909090909091
São Francisco (SP),SP,0.9571702391349097,0.7575757575757576
São Francisco de Paula (MG),MG,0.023349200270159756,-0.07878787878787878
São Francisco de Sales (MG),MG,0.8767512537086986,0.7696969696969697
São Francisco do Glória (MG),MG,0.9763083360526322,0.9393939393939394
São Félix de Minas (MG),MG,0.9812321680229209,0.9393939393939394
São Geraldo (MG),MG,-0.41777409430035756,-0.45454545454545453
São Geraldo da Piedade (MG),MG,0.950742989544788,0.5757575757575758
São Geraldo do Baixio (MG),MG,0.7521684042974331,0.4133757697024439
São Gonçalo do Abaeté (MG),MG,-0.2716235692064139,-0.23636363636363636
São Gonçalo do Pará (MG),MG,0.9688648468539607,0.9567172612055053
São Gonçalo do Rio Abaixo (MG),MG,0.9595960162222331,0.9757575757575757
São Gonçalo do Rio Preto (MG),MG,0.9700345265860688,0.9393939393939394
São Gonçalo do Sapucaí (MG),MG,-0.6561290446480185,-0.3939424016728551
São Gotardo (MG),MG,-0.11907994053758944,-0.04242424242424243
São Jerônimo da Serra (PR),PR,-0.022276547227721596,-0.04242424242424243
São Joaquim da Barra (SP),SP,0.489292460329883,0.4666666666666667
São Joaquim de Bicas (MG),MG,0.9938027592473444,0.7566195333716741
São Jorge d'Oeste (PR),PR,-0.10895346187655304,-0.38181818181818183
São Jorge do Ivaí (PR),PR,0.3060250173028085,0.10303030303030303
São José da Barra (MG),MG,-0.36927583293939614,-0.6242424242424243
São José da Bela Vista (SP),SP,0.9673609797429904,0.9393939393939394
São José da Boa Vista (PR),PR,0.005124398467047479,-0.21212121212121213
São José da Varginha (MG),MG,0.8902757163622255,0.683349073208448
São José das Palmeiras (PR),PR,0.6234874992618425,0.5151515151515151
São José do Alegre (MG),MG,0.4896704139861984,0.2
São José do Barreiro (SP),SP,0.8353422318739127,-0.030303030303030304
São José do Divino (MG),MG,0.9811592411397411,0.9393939393939394
São José do Goiabal (MG),MG,0.9705507397788768,0.9515151515151515
São José do Jacuri (MG),MG,0.9475723107723396,0.9636363636363636
São José do Mantimento (MG),MG,0.2381266910654276,0.41818181818181815
São José do Povo (MT),MT,0.7957488826227305,0.44242424242424244
São José do Rio Claro (MT),MT,0.011625548295809697,0.05454545454545454
São José do Rio Pardo (SP),SP,0.9610277645616976,0.9151515151515152
São José do Rio Preto (SP),SP,0.908070123077166,0.9151515151515152
São José dos Campos (SP),SP,0.7098030775223818,0.5222329678670935
São José dos Quatro Marcos (MT),MT,0.12426989583253087,-0.006060606060606061
São João (PR),PR,0.5529504883822274,0.2731154967995676
São João Batista do Glória (MG),MG,-0.9140271604203777,-0.696969696969697
São João Evangelista (MG),MG,0.9858948638526074,0.4666666666666667
São João Nepomuceno (MG),MG,0.9333879215447408,0.9757575757575757
São João d'Aliança (GO),GO,-0.7664290943271174,-0.6785567440786864
São João da Boa Vista (SP),SP,0.5475812237960342,0.296969696969697
São João da Lagoa (MG),MG,0.79349373565472,0.4909090909090909
São João da Mata (MG),MG,-0.357090786292683,-0.24848484848484848
São João da Ponte (MG),MG,0.9182194213766315,0.793939393939394
São João das Duas Pontes (SP),SP,0.9791952459251821,0.8303030303030303
São João das Missões (MG),MG,-0.33957830431486463,0.006060606060606061
São João de Iracema (SP),SP,0.965956929691759,0.8787878787878788
São João del Rei (MG),MG,-0.5329086319572585,-0.46200821319684904
São João do Caiuá (PR),PR,0.9243980914726849,0.8909090909090909
São João do Ivaí (PR),PR,-0.5158527990048745,-0.5515151515151515
São João do Manteninha (MG),MG,0.9309034763513439,0.806060606060606
São João do Oriente (MG),MG,0.9863965313697767,0.7006490497453707
São João do Pacuí (MG),MG,0.5017411749568749,0.296969696969697
São João do Paraíso (MG),MG,0.9692480737343369,0.7575757575757576
São João do Pau d'Alho (SP),SP,0.8818381871067646,0.8666666666666667
São Luiz do Norte (GO),GO,0.941948855097013,0.806060606060606
São Luiz do Paraitinga (SP),SP,0.42311639461861333,0.296969696969697
São Manoel do Paraná (PR),PR,0.41262727543816036,0.34545454545454546
São Manuel (SP),SP,0.9452137771802342,0.8424242424242424
São Mateus do Sul (PR),PR,-0.46941803689047795,-0.3696969696969697
São Miguel do Anta (MG),MG,0.44079509799728606,0.14382024188056616
São Miguel do Iguaçu (PR),PR,0.2747951143429249,0.2
São Miguel do Passa Quatro (GO),GO,0.32525584553275505,0.29012942659282975
São Patrício (GO),GO,0.40846895068162514,0.4303030303030303
São Paulo (SP),SP,0.5236002935435632,0.7454545454545455
São Pedro (SP),SP,0.7524829737056499,0.503030303030303
São Pedro da Cipa (MT),MT,-0.753210663339513,-0.5222329678670935
São Pedro da União (MG),MG,-0.8046978365547467,-0.7006490497453707
São Pedro do Iguaçu (PR),PR,0.22501677853049332,0.3575757575757576
São Pedro do Ivaí (PR),PR,0.34044982648892536,0.40606060606060607
São Pedro do Paraná (PR),PR,0.9853547462911781,0.9757575757575757
São Pedro do Suaçuí (MG),MG,0.9634931272053425,0.34545454545454546
São Pedro do Turvo (SP),SP,0.8446993886195165,0.8545454545454545
São Pedro dos Ferros (MG),MG,0.8271643520055412,0.7818181818181819
São Romão (MG),MG,-0.5263219520977352,-0.41818181818181815
São Roque (SP),SP,0.849419269974055,0.7566195333716741
São Roque de Minas (MG),MG,-0.14011267634075505,0.17575757575757575
São Sebastião da Amoreira (PR),PR,0.39968869274187374,0.45454545454545453
São Sebastião da Bela Vista (MG),MG,0.48309190302249616,0.4301569074593189
São Sebastião da Grama (SP),SP,0.9564559741330313,0.791470623690405
São Sebastião do Anta (MG),MG,-0.5308398925531715,-0.36893018569362623
São Sebastião do Maranhão (MG),MG,0.9032842203548106,0.8909090909090909
São Sebastião do Oeste (MG),MG,0.7437198725265204,0.5393939393939394
São Sebastião do Paraíso (MG),MG,0.9609231146450147,0.806060606060606
São Sebastião do Rio Preto (MG),MG,0.8561916326674679,0.9151515151515152
São Sebastião do Rio Verde (MG),MG,-0.42118640270512797,-0.36537670835006186
São Simão (GO),GO,0.9688517708886227,0.41818181818181815
São Simão (SP),SP,0.7529706647269221,0.5151515151515151
São Tiago (MG),MG,0.6950141359077328,0.6848484848484848
São Tomás de Aquino (MG),MG,0.949555734418617,0.8666666666666667
São Tomé (PR),PR,-0.4888746785648537,-0.4303030303030303
São Tomé das Letras (MG),MG,-0.8801497164595169,-0.7006490497453707
São Vicente de Minas (MG),MG,-0.20805733644029759,-0.006060606060606061
Sítio d'Abadia (GO),GO,-0.7605745535927337,-0.8739695897586162
Tabapuã (SP),SP,0.5485418733180142,0.3575757575757576
Tabatinga (SP),SP,0.9728044444198652,0.9636363636363636
Tabuleiro (MG),MG,0.9570701396369744,0.7003420474184091
Taciba (SP),SP,0.7393015072585117,0.4666666666666667
Taiaçu (SP),SP,0.9267195824696027,0.9151515151515152
Taiobeiras (MG),MG,0.7916692210421937,0.6121212121212121
Taiúva (SP),SP,0.6674298675309177,0.8424242424242424
Tamarana (PR),PR,-0.6159163092986568,-0.8466580400786594
Tambaú (SP),SP,0.8056043270858508,0.8181818181818182
Tamboara (PR),PR,0.6132277218987221,0.6606060606060606
Tanabi (SP),SP,0.7264638897074069,0.6727272727272727
Tangará da Serra (MT),MT,-0.6263681093665866,-0.6848484848484848
Taparuba (MG),MG,0.08581758968417474,0.10303030303030303
Tapejara (PR),PR,0.43809964539784757,0.3696969696969697
Tapira (PR),PR,0.6204560367622906,0.6121212121212121
Tapiratiba (SP),SP,0.9588209653964048,0.8545454545454545
Tapiraí (MG),MG,0.7638418508617416,0.2063507818286384
Taquaral (SP),SP,0.6812282400040103,0.4666666666666667
Taquaraçu de Minas (MG),MG,-0.05135656782911375,-0.006060606060606061
Taquaritinga (SP),SP,0.21806977842704645,0.47878787878787876
Taquarituba (SP),SP,-0.24039115549442464,-0.4303030303030303
Taquarussu (MS),MS,0.9251977220123627,0.9393939393939394
Tarabai (SP),SP,0.9436619750448979,0.11515151515151516
Tarumirim (MG),MG,0.9307708263463051,0.17575757575757575
Tarumã (SP),SP,0.3079754488778782,0.16363636363636364
Tatuí (SP),SP,0.9270124573893914,0.4909090909090909
Taubaté (SP),SP,0.1547078116921735,0.4061811972299616
Teixeiras (MG),MG,0.4985056249998314,0.531509589558614
Tejupá (SP),SP,-0.28323411950361166,-0.21334770066562786
Teodoro Sampaio (SP),SP,0.5492673307834052,0.5272727272727272
Terenos (MS),MS,-0.149929865225967,0.006135431191398488
Teresina de Goiás (GO),GO,0.05064911027963931,0.21624335800309785
Terra Boa (PR),PR,0.41406416490858294,0.10303030303030303
Terra Rica (PR),PR,0.6375274295050953,0.6484848484848484
Terra Roxa (PR),PR,0.06134551926081097,0.41818181818181815
Terra Roxa (SP),SP,0.45131518404991366,0.5515151515151515
Teófilo Otoni (MG),MG,0.9588499475946318,0.8424242424242424
Tietê (SP),SP,-0.06526288630556193,-0.34545454545454546
Timburi (SP),SP,0.25291809193178383,0.6121212121212121
Tiradentes (MG),MG,0.009358039063091655,0.28484848484848485
Tiros (MG),MG,-0.40650503751828954,-0.45454545454545453
Tocantins (MG),MG,0.9602623800341402,0.8424242424242424
Tocos do Moji (MG),MG,0.17757955625554417,-0.19800873517968648
Toledo (MG),MG,0.3454653239353882,0.3039527718400323
Toledo (PR),PR,-0.1417748113799148,0.07878787878787878
Tomazina (PR),PR,0.1417551180844512,0.2727272727272727
Tombos (MG),MG,0.03606158340486713,0.01818181818181818
Torixoréu (MT),MT,-0.8874705450755617,-0.8210653934707496
Torre de Pedra (SP),SP,0.6415053692631386,0.2
Torrinha (SP),SP,0.7133923734311107,0.5393939393939394
Trabiju (SP),SP,0.6743795497089355,0.4303030303030303
Trindade (GO),GO,-0.40181537431699593,-0.2606060606060606
Três Barras do Paraná (PR),PR,-0.8774732450051869,-0.9151515151515152
Três Corações (MG),MG,-0.8678794085831923,-0.8466580400786594
Três Fronteiras (SP),SP,0.8699336357041928,0.6606060606060606
Três Lagoas (MS),MS,-0.5887078918248384,-0.5222329678670935
Três Marias (MG),MG,-0.5177752142871842,-0.5757575757575758
Três Pontas (MG),MG,-0.15056522260791413,-0.17575757575757575
Três Ranchos (GO),GO,0.8261747290825395,0.7178454493936232
Tumiritinga (MG),MG,0.6691192641035646,0.4303030303030303
Tuneiras do Oeste (PR),PR,0.6624786923660301,0.45454545454545453
Tupaciguara (MG),MG,0.8858336054319044,0.8181818181818182
Tupi Paulista (SP),SP,0.9235139067778144,0.9030303030303031
Tupã (SP),SP,0.7417812225257124,0.696969696969697
Tupãssi (PR),PR,0.36374231893747816,0.40606060606060607
Turiúba (SP),SP,0.964732267853154,0.9515151515151515
Turmalina (MG),MG,0.9476304682632756,0.8909090909090909
Turmalina (SP),SP,0.8861759032799604,0.6727272727272727
Turvelândia (GO),GO,0.20825998020944841,0.12727272727272726
Turvo (PR),PR,0.716620022567394,0.7696969696969697
Turvolândia (MG),MG,0.37519661764259415,0.38181818181818183
Turvânia (GO),GO,-0.16244199405776963,0.04242424242424243
Ubaporanga (MG),MG,0.7743821146027697,0.6606060606060606
Ubarana (SP),SP,0.8335416704742304,0.9515151515151515
Ubaí (MG),MG,0.8391436868672458,0.5515151515151515
Uberaba (MG),MG,0.8615600750472715,0.7454545454545455
Uberlândia (MG),MG,0.9249887623288197,0.8181818181818182
Ubirajara (SP),SP,-0.19284777917376517,-0.21624335800309785
Ubá (MG),MG,0.9884397259652973,0.793939393939394
Uchoa (SP),SP,0.9238227767623188,0.7212121212121212
Uirapuru (GO),GO,0.20561665020094977,0.05454545454545454
Umburatiba (MG),MG,0.9762208832001479,0.30014659175074676
Umuarama (PR),PR,0.9629427516145079,0.8424242424242424
Unaí (MG),MG,0.8275784396568439,0.2606060606060606
Uniflor (PR),PR,0.7765772907860718,0.7818181818181819
União Paulista (SP),SP,0.7754070616634817,0.8424242424242424
União da Vitória (PR),PR,-0.08885647349914509,0.04242424242424243
União de Minas (MG),MG,0.8582392781882207,0.7454545454545455
Uraí (PR),PR,-0.3468850108596183,-0.10004886391691559
Uru (SP),SP,0.8698643231819653,0.793939393939394
Uruana (GO),GO,-0.3141977892141571,0.16363636363636364
Uruana de Minas (MG),MG,-0.28819254706741015,-0.12766016417281356
Uruaçu (GO),GO,0.865453150694311,0.9151515151515152
Urucuia (MG),MG,0.0644320665305673,-0.2606060606060606
Urucânia (MG),MG,0.9378441845945553,0.8787878787878788
Urupês (SP),SP,0.862861916025632,0.8666666666666667
Urutaí (GO),GO,0.42480460217007937,0.5222329678670935
Urânia (SP),SP,0.917770220512055,0.8787878787878788
Valentim Gentil (SP),SP,0.9131443595751132,0.9757575757575757
Valparaíso (SP),SP,0.929822042789975,0.8424242424242424
Vargem Alegre (MG),MG,0.9514543656264909,0.3939393939393939
Vargem Bonita (MG),MG,-0.6829746348289585,-0.4377137796365057
Vargem Grande do Rio Pardo (MG),MG,0.9301530304825494,0.8909090909090909
Vargem Grande do Sul (SP),SP,0.9259741943907329,0.8666666666666667
Varginha (MG),MG,-0.3219620132187818,0.15151515151515152
Varjão (GO),GO,-0.655824134680556,-0.6917637567037024
Varjão de Minas (MG),MG,0.9405672535484095,0.9393939393939394
Varzelândia (MG),MG,0.6942998555284787,0.5272727272727272
Vazante (MG),MG,-0.7558467846567978,-0.6727272727272727
Ventania (PR),PR,-0.6386187578969642,-0.7212121212121212
Vera Cruz do Oeste (PR),PR,0.2971979221195019,0.5393939393939394
Veredinha (MG),MG,0.6561637341853085,0.696969696969697
Vermelho Novo (MG),MG,0.8615639663971115,0.7696969696969697
Verê (PR),PR,-0.43210260315685833,-0.6484848484848484
Veríssimo (MG),MG,0.9256857887539542,0.9151515151515152
Vianópolis (GO),GO,0.3244059390290726,0.29012942659282975
Vicentina (MS),MS,-0.0132787204863823,0.2
Vicentinópolis (GO),GO,0.7475061538395814,0.8181818181818182
Vieiras (MG),MG,0.9746090259194996,0.6363636363636364
Vila Boa (GO),GO,0.6642344326734118,0.6727272727272727
Vila Propício (GO),GO,0.48917866959802564,0.4909090909090909
Viradouro (SP),SP,0.4158256030382754,0.45454545454545453
Virgem da Lapa (MG),MG,0.7810490956262678,0.5515151515151515
Virginópolis (MG),MG,0.9961458903659253,0.8909090909090909
Virgolândia (MG),MG,0.9661657855729401,0.4666666666666667
Virgínia (MG),MG,-0.14247957432638786,-0.018406293574195466
Virmond (PR),PR,0.6319822104927146,0.6878359394287946
Visconde do Rio Branco (MG),MG,0.9413354596653118,0.793939393939394
Vista Alegre do Alto (SP),SP,0.770329564787649,0.7333333333333333
Vitorino (PR),PR,0.6037001050364753,0.6727272727272727
Vitória Brasil (SP),SP,0.935875426856868,0.9272727272727272
Viçosa (MG),MG,-0.5911880869579268,-0.7333333333333333
Volta Grande (MG),MG,0.9464545411904628,0.11515151515151516
Votuporanga (SP),SP,0.9519697958747179,0.8666666666666667
Várzea Grande (MT),MT,-0.2686732129399366,-0.22424242424242424
Várzea da Palma (MG),MG,-0.11561440611623343,0.01818181818181818
Wenceslau Braz (MG),MG,-0.1356407459699649,-0.1365577483997838
Wenceslau Braz (PR),PR,-0.39414832315383164,-0.6484848484848484
Xambrê (PR),PR,0.9738294813823913,0.9057792600832962
Zacarias (SP),SP,0.8484621641374674,0.7575757575757576
Água Boa (MG),MG,0.15426500252598807,-0.34545454545454546
Água Boa (MT),MT,-0.8354648776905645,-0.8469257208241591
Água Comprida (MG),MG,0.8843515794477849,0.9151515151515152
Água Fria de Goiás (GO),GO,-0.7934290195197046,-0.7531234192521683
Água Limpa (GO),GO,0.2876795663896667,0.5222329678670935
Águas Formosas (MG),MG,0.9831224136234146,0.806060606060606
Águas Vermelhas (MG),MG,0.7110015829707589,0.3376649157195901
Águas de Santa Bárbara (SP),SP,-0.673756990644358,-0.6242424242424243
Álvares Florence (SP),SP,0.9276250653554434,0.9030303030303031
Álvares Machado (SP),SP,0.939557913609087,0.8666666666666667
Ângulo (PR),PR,0.5773686591173448,0.296969696969697
Óleo (SP),SP,0.30001471081237313,0.3212121212121212
