Cidade,uf,share_cana_mean,share_cana_median,solos_pipeline_total,solos_cana_atribuivel_total,n_anos
Abadia de Goiás (GO),GO,0.003527904876333873,0.0024920054782892965,13365.00411191504,49.657852530658,10
Abadia dos Dourados (MG),MG,0.0003966123018068427,0.0004674637255501088,83501.9651920521,34.688961854333165,10
Abadiânia (GO),GO,0.0,0.0,97310.66405655892,0.0,10
Abaeté (MG),MG,0.011366062395819386,0.010817149826691217,96603.1400534445,1100.7666524628478,10
Abatiá (PR),PR,0.02994025274076016,0.02863193586598166,143135.25623434456,3932.137956543303,10
Abre Campo (MG),MG,0.016245154333998316,0.018803811822642274,48212.167321110435,772.5457306604604,10
Acaiaca (MG),MG,0.023303302136211623,0.02046539018094646,7455.780500268311,175.77792968940207,10
Acorizal (MT),MT,0.0018451008317969214,0.0018195517554683717,25419.26815391275,47.63905951213128,10
Acreúna (GO),GO,0.13843055146202587,0.1450694779796533,1752855.7612823115,234176.56526299403,10
Adamantina (SP),SP,0.35985878084540557,0.35885683435587834,222228.2777684833,79877.28561101363,10
Adelândia (GO),GO,0.0,0.0,11689.100691093852,0.0,10
Adolfo (SP),SP,0.3586341335309584,0.36361267984185164,135201.87073504255,48366.79924020157,10
Adrianópolis (PR),PR,0.021975630533581727,0.02109989864788161,71801.1707882813,1554.8513990643564,10
Aguanil (MG),MG,0.009975353141698933,0.006217871445864715,37271.66645004024,402.1308285329849,10
Aguaí (SP),SP,0.27991792201543203,0.27943638008454963,320213.3744971568,89458.51823339413,10
Agudos (SP),SP,0.3377392637672182,0.3337769922357796,209725.76049788436,71088.78428040813,10
Agudos do Sul (PR),PR,0.0,0.0,71071.97773572634,0.0,10
Aimorés (MG),MG,0.0012600538523353595,0.0010730178563508452,92394.48318438606,118.92275908382386,10
Aiuruoca (MG),MG,0.005360338258199109,0.00617729493425776,38844.64080027994,211.16811374573987,10
Alagoa (MG),MG,0.0035922401565969394,0.0,3283.384744677406,11.767591940979901,10
Alambari (SP),SP,0.09665216443220134,0.11040212381960199,45185.161817848646,4357.195194200481,10
Albertina (MG),MG,0.0,0.0,5514.73938880479,0.0,10
Alcinópolis (MS),MS,0.0030427740619586798,0.0,333742.85660375544,1067.232053040076,10
Alexânia (GO),GO,0.00294401302150228,0.0,109547.13510855752,256.78249132810106,10
Alfenas (MG),MG,0.05805186767423518,0.056529026993238245,476238.96495655127,28989.095904215752,10
Alfredo Marcondes (SP),SP,0.0,0.0,11709.869332265122,0.0,10
Alfredo Vasconcelos (MG),MG,0.0,0.0,9178.65295421175,0.0,10
Almenara (MG),MG,0.005563900455716553,0.002624736426164066,60749.00897840306,365.66383935279515,10
Almirante Tamandaré (PR),PR,0.0,0.0,23541.215461584477,0.0,10
Aloândia (GO),GO,0.0,0.0,31827.86905721107,0.0,10
Alpercata (MG),MG,0.002734587314987473,0.0,14370.74079954991,45.146519689905936,10
Alpinópolis (MG),MG,0.04816083446711603,0.0438947472323743,125643.80079936956,6129.6337888352355,10
Alta Floresta (MT),MT,5.502217167072335e-06,0.0,812007.9161140712,2.3837252902745396,10
Altair (SP),SP,0.38801301371384095,0.3835658631803304,424739.78499939264,167806.50249435913,10
Altamira do Paraná (PR),PR,0.0,0.0,43269.802041954994,0.0,10
Alterosa (MG),MG,0.028358434435034663,0.02726858135965017,90581.61289344412,2537.8529553168737,10
Altinópolis (SP),SP,0.3515633080649011,0.35077186488136713,477311.8171430523,167946.69840413323,10
Alto Alegre (SP),SP,0.3590227009198923,0.3604374849400749,202506.11415375225,73107.37128063585,10
Alto Araguaia (MT),MT,0.044650694407419034,0.04161787439476497,1053914.5658215615,47240.975655189584,10
Alto Boa Vista (MT),MT,0.0,0.0,399252.92267398397,0.0,10
Alto Caparaó (MG),MG,0.0014627004637196063,0.0015161376753829235,9724.125410181734,14.311166297623398,10
Alto Garças (MT),MT,2.7150394585397887e-05,2.3370723023730678e-05,1239790.5449417091,32.59969562385207,10
Alto Horizonte (GO),GO,0.0009471444104538443,0.0010882217805075907,26948.974357610852,25.43720751245273,10
Alto Jequitibá (MG),MG,0.00131986499536822,0.0015733716359405962,19261.99282553323,24.94339243160133,10
Alto Paraguai (MT),MT,0.0,0.0,139236.5093987639,0.0,10
Alto Paraná (PR),PR,0.09353813543582698,0.0931635306669221,163628.89569055554,15236.5689636193,10
Alto Paraíso (PR),PR,0.013319638467330827,0.01676942193219687,86495.66897151487,1174.4372870491088,10
Alto Paraíso de Goiás (GO),GO,0.00015793460311054112,0.0,184389.08396410334,16.42831429228393,10
Alto Piquiri (PR),PR,0.003452050863920251,0.0,381788.55820979585,1603.1468860070445,10
Alto Rio Doce (MG),MG,0.036760352765885164,0.03409401000951745,58087.87586555543,2162.41218459771,10
Alto Taquari (MT),MT,0.07423215047131146,0.07072736625953335,4033546.3050285126,287286.8042223366,10
Altônia (PR),PR,0.0,0.0,90417.11768892391,0.0,10
Alumínio (SP),SP,0.016267627430947885,0.019781841188241243,4062.413657592497,68.73279600396867,10
Alvarenga (MG),MG,0.003818371791173155,0.0037381206285087196,16073.077811061934,61.37290318852802,10
Alvinlândia (SP),SP,0.0,0.0,10217.50499773413,0.0,10
Alvinópolis (MG),MG,0.019729585323422283,0.018928096745297635,30719.271934787776,605.2665961766761,10
Alvorada de Minas (MG),MG,0.011581394918451213,0.012907168991837116,10899.10678225423,128.78642290591924,10
Alvorada do Norte (GO),GO,0.0008374691212558336,0.0,66656.9026217154,51.92256146718732,10
Alvorada do Sul (PR),PR,0.023011912314515263,0.02173368599893742,373834.36541496817,9165.274177382986,10
Além Paraíba (MG),MG,0.00274757171695529,5.5293008724197255e-05,25936.090375440133,77.32354585715595,10
Amambai (MS),MS,0.008569346033846481,0.008615471124010019,1240702.192504311,10451.436758858323,10
Amaporã (PR),PR,0.11169629705994985,0.1124373165560724,395522.39652769524,43244.231448139646,10
Amaralina (GO),GO,0.0003903333301072262,0.0004421212325682969,87390.35919209603,35.00743046736233,10
Americana (SP),SP,0.3512862581280089,0.3759224745082755,24445.51108648849,9160.547241644425,10
Americano do Brasil (GO),GO,0.07649272651051965,0.05206248095729592,52702.59946797223,8334.195889368308,10
Amorinópolis (GO),GO,0.0005220587436714247,0.0,71289.50957400256,18.262040444817877,10
Amparo (SP),SP,0.17163204835505025,0.1615718648266919,56424.63434185665,9727.858499090618,10
Amparo do Serra (MG),MG,0.02035964591667978,0.019583594763381493,15377.918329826241,313.12021706253825,10
Ampére (PR),PR,0.0006886309951930211,0.000729115664485455,99452.07027002587,66.96141909971483,10
Américo Brasiliense (SP),SP,0.40347146792045263,0.3982105111069751,144608.9521728187,58073.63398513632,10
Américo de Campos (SP),SP,0.35776237368403585,0.3544001025503639,147221.11216603476,52956.3344106662,10
Anahy (PR),PR,0.00100757480868575,0.0009768803636908197,82834.00382463736,85.59925244074435,10
Analândia (SP),SP,0.3747627689747428,0.3732165831892116,175602.3763525583,65639.46334879617,10
Anastácio (MS),MS,0.000552020474383524,0.00022757492258810902,250528.20495168303,122.19347069225917,10
Anaurilândia (MS),MS,0.014995496413290978,0.0,365905.12494314485,6064.708845573257,10
Andirá (PR),PR,0.08174178809894406,0.07748458374750092,473934.2449627409,38075.2756790416,10
Andradas (MG),MG,0.00177584614086477,0.0012328300962632685,54013.03246819345,93.75586741178438,10
Andradina (SP),SP,0.3777480409453703,0.37645844757056224,632839.9401113293,237699.07199975598,10
Andrelândia (MG),MG,0.008736946266316046,0.009725005018609484,80646.0291597641,728.1312372825128,10
Angatuba (SP),SP,0.015185487409154952,0.01517876670107446,188478.50870443287,2728.1819378041273,10
Angelândia (MG),MG,0.0035331503260440495,0.003631202340346997,18446.420631034194,65.10655664231004,10
Angélica (MS),MS,0.25527069198536245,0.2564465269450489,1385932.328685692,349066.6098127891,10
Anhanguera (GO),GO,0.00829390405602435,0.008353635764800704,3845.6397330643913,27.65106424107265,10
Anhembi (SP),SP,0.3355496344516681,0.3306198232195745,235769.09979909676,79196.84568961864,10
Anhumas (SP),SP,0.33510521046688097,0.3317700041602609,159248.9068694456,53214.529527970815,10
Anicuns (GO),GO,0.16618051156353836,0.1752677477345726,389495.92687334487,63623.65857898662,10
Antonina (PR),PR,0.006550816989324831,0.0065250434038103215,26942.421310938324,176.3422486062799,10
Antônio Carlos (MG),MG,0.0015442455192261242,0.0007433159573147297,26062.055349747352,38.82667441073022,10
Antônio Dias (MG),MG,0.005248918181901477,0.004504017732370621,16975.337837100185,90.52125247241025,10
Antônio João (MS),MS,0.0,0.0,459039.80852452805,0.0,10
Antônio Olinto (PR),PR,0.0,0.0,103034.02140065914,0.0,10
Antônio Prado de Minas (MG),MG,0.014695096220351655,0.007451366417028568,6542.985530674699,155.9633188632817,10
Anápolis (GO),GO,0.00048515694725732514,0.0,94275.64619110017,32.82857411939386,10
Aparecida (SP),SP,0.0,0.0,12879.882142217291,0.0,10
Aparecida d'Oeste (SP),SP,0.2684036036094727,0.27226648273227566,37444.34127012062,10117.671580663422,10
Aparecida de Goiânia (GO),GO,0.006402353102236143,0.008025294176356154,6769.739559342268,42.305183918534674,10
Aparecida do Rio Doce (GO),GO,0.0,0.0,55222.576161074976,0.0,10
Aparecida do Taboado (MS),MS,0.20866356762035382,0.21933294749272417,585618.528117052,122145.98583222121,10
Apiacás (MT),MT,1.9998663421480136e-05,0.0,199739.65975126752,3.432564417995337,10
Apiaí (SP),SP,0.0,0.0,89506.42997881224,0.0,10
Aporé (GO),GO,0.17527200592991982,0.1788635419610188,1033411.6968721608,177846.23092582257,10
Apucarana (PR),PR,0.0005417074252711372,0.00023634558787108726,244033.33271153428,117.05967634526999,10
Aquidauana (MS),MS,0.00021805611890795006,0.00023066770673075616,324469.6970886426,70.09844675567159,10
Aracitaba (MG),MG,0.01878376610332182,0.02154842586511876,7946.632329923059,154.05453737012158,10
Aragarças (GO),GO,0.10012777143483549,0.10161280012330962,50598.032649400084,5140.868111467151,10
Aragoiânia (GO),GO,0.005654492675900496,0.007394455063800107,18618.618532357286,91.01709065815028,10
Araguaiana (MT),MT,0.0,0.0,243510.16559355013,0.0,10
Araguainha (MT),MT,0.0037421174553165836,0.0038354395136999606,30238.036142160054,108.82954092680825,10
Araguapaz (GO),GO,0.0,0.0,116558.00516508493,0.0,10
Araguari (MG),MG,0.007354890465892332,0.00019741962824766537,780180.0292084364,5779.240372948555,10
Aral Moreira (MS),MS,0.0,0.0,1440884.996189357,0.0,10
Aramina (SP),SP,0.3670038728514229,0.36427309524313667,205566.15516615778,75156.52173431536,10
Arandu (SP),SP,0.040797372441716676,0.00838114503741412,87766.3990908036,3223.9831959598027,10
Arantina (MG),MG,0.020303887205163792,0.019322227636699708,4092.4140516162233,89.29618344743174,10
Arapeí (SP),SP,0.033843195987882574,0.037556387351197124,8694.0074139296,297.68269806612227,10
Araponga (MG),MG,0.003860317055247485,0.0023974019963456617,28913.79608994176,105.97924319805595,10
Arapongas (PR),PR,0.002192150024334728,0.0012307029247587233,229456.7317773342,471.7494883062131,10
Araporã (MG),MG,0.13781389359727433,0.13542107061967704,585838.6947407863,79811.29506490735,10
Arapoti (PR),PR,2.9311868360997567e-05,3.2885474470162745e-05,424293.40989344387,12.520319268174912,10
Araputanga (MT),MT,0.00019693048989729363,0.000189053575447733,121850.40239316247,23.86930185660702,10
Arapuá (MG),MG,0.0,0.0,13161.353793764916,0.0,10
Arapuã (PR),PR,0.011985941344981552,0.011028081404957273,151932.78925001225,1793.0478741303214,10
Araraquara (SP),SP,0.3882668111320606,0.3865935235321456,715722.1700603787,276853.77804211085,10
Araras (SP),SP,0.3832127672309793,0.37727717196258526,605990.7974461319,230413.076347328,10
Araruna (PR),PR,0.012563308360026369,0.01434932511639166,260369.98370358307,3269.9243836485157,10
Araucária (PR),PR,0.0,0.0,207973.38461416133,0.0,10
Araxá (MG),MG,0.05031291844812743,0.051098445078820914,343235.51275117835,17414.76008077792,10
Araçariguama (SP),SP,0.0,0.0,4543.912518506175,0.0,10
Araçatuba (SP),SP,0.3360696210892256,0.33355840594258923,630071.5691164912,210545.85678365998,10
Araçaí (MG),MG,0.00462439056398717,0.0,7780.022622267584,45.13864164656521,10
Araçoiaba da Serra (SP),SP,0.07284252816386465,0.06449999138757109,34929.863943508004,2448.244924815215,10
Araçu (GO),GO,0.05515476030423727,0.05361288257553011,27138.463087481876,2040.1968732928144,10
Araçuaí (MG),MG,0.010346601189493956,0.01060161211304614,74211.3853625553,764.3872977961164,10
Araújos (MG),MG,0.010566083664856563,0.007355829245547044,17717.71373194688,194.63839596593817,10
Arceburgo (MG),MG,0.09695004658872486,0.09443986416596463,55850.3372526837,5655.747076741532,10
Arco-Íris (SP),SP,0.2197818562563271,0.19837607230931298,109226.03758723586,25456.629649884107,10
Arcos (MG),MG,0.08759413409521331,0.08745485916087015,245841.3552181237,22068.593861773043,10
Areado (MG),MG,0.10078291522498503,0.10373348748371793,162810.7406841939,16370.37249813652,10
Arealva (SP),SP,0.3189847395646126,0.3199233293748882,187810.40672879256,59673.77565584947,10
Areias (SP),SP,0.010176290698495054,0.011231489836646343,13978.510624021945,142.58558460976377,10
Areiópolis (SP),SP,0.4143567592401114,0.4110333546680242,133416.91433905458,54846.61646224029,10
Arenápolis (MT),MT,0.05530339147526466,0.05706117745408051,141875.30291853234,7846.950950121247,10
Arenópolis (GO),GO,0.0002782082468265457,0.0,126376.77075443236,30.38502865061488,10
Argirita (MG),MG,0.0004899980201426021,0.0,8354.922632876904,4.14858534464381,10
Aricanduva (MG),MG,0.015121795254090875,0.011219450298673975,16057.359902615684,235.2456124060558,10
Arinos (MG),MG,0.0049380171437897,0.005902557559488642,260175.92539120122,1287.6750788280042,10
Aripuanã (MT),MT,0.001476925128611945,0.0015866967330835009,437298.915844162,652.4750380548813,10
Ariranha (SP),SP,0.3995766768556938,0.403407168541259,147004.43469682717,58686.63546419998,10
Ariranha do Ivaí (PR),PR,0.0015936541224580408,0.0,148092.89701041352,242.67351073537782,10
Artur Nogueira (SP),SP,0.28833840573877645,0.2865262225514985,90116.68790717165,25851.29287340024,10
Aruanã (GO),GO,0.0007794343133985337,0.0,179672.54055689846,190.05301942478656,10
Arujá (SP),SP,0.0,0.0,1752.8606344691166,0.0,10
Aspásia (SP),SP,0.30220079413632095,0.30815928124381015,19960.49502999925,6121.064344063123,10
Assaí (PR),PR,0.007127334015979069,0.007327369720800307,286668.62650823605,2006.6546927752815,10
Assis (SP),SP,0.2614131030639679,0.2530877325398191,335038.56221639476,87329.39415786021,10
Assis Chateaubriand (PR),PR,0.00026035086732566985,0.00027327186505556424,1061750.8413054952,273.70298203084593,10
Astolfo Dutra (MG),MG,0.010232754794859454,0.0077040514898419465,10875.777399764731,124.53795340508545,10
Astorga (PR),PR,0.033041016112231245,0.03417373030719946,400267.60824871215,13081.739729244695,10
Atalaia (PR),PR,0.046834116380539983,0.04534981754423014,134163.84293590358,6246.836253530554,10
Ataléia (MG),MG,0.0029355853165582047,0.0014399185781194205,124283.41917407108,380.39019276616335,10
Atibaia (SP),SP,0.00929683234508295,0.009304964976304243,31332.978232499278,291.02934269781144,10
Augusto de Lima (MG),MG,0.03865689077051211,0.039073872652167115,53373.072449698215,2113.8744322185253,10
Auriflama (SP),SP,0.30991580186156253,0.31137343211221413,133057.18075618357,41276.135203710204,10
Aurilândia (GO),GO,0.0,0.0,31935.58882788876,0.0,10
Avanhandava (SP),SP,0.3872021456326424,0.3847890392187474,296293.84789708175,115515.29739621391,10
Avaré (SP),SP,0.18579236507851182,0.17978462382331306,358234.4636197141,63361.90924094062,10
Avaí (SP),SP,0.17636496533332535,0.18040786989721602,62613.54645528858,11150.695416104594,10
Avelinópolis (GO),GO,0.15628173817716592,0.15867057439258764,72244.6690390776,11017.397875729635,10
Açucena (MG),MG,0.013449910543039876,0.010504070810560456,40950.84817764377,579.688567430397,10
Bady Bassitt (SP),SP,0.3280313715442369,0.3337358683377021,58980.03156414183,19391.68465745945,10
Baependi (MG),MG,0.0005762761066717293,0.0,51485.60389192347,34.968427244787804,10
Balbinos (SP),SP,0.4024327153245001,0.3979048175875636,91113.27179046354,36439.83453609049,10
Baldim (MG),MG,0.020336839011916526,0.01533017848456433,33400.71622664422,771.0441578980284,10
Baliza (GO),GO,0.0,0.0,120236.93424535709,0.0,10
Balsa Nova (PR),PR,0.0,0.0,129226.03791001897,0.0,10
Bambuí (MG),MG,0.09894137351057804,0.09806223329379543,823244.9675942396,81034.50587703937,10
Bananal (SP),SP,0.016421349906735307,0.016348495471896977,28007.208856301106,458.08096302777835,10
Bandeira (MG),MG,0.00837539029653839,0.0032577000765636,17117.13344457542,161.66914366644488,10
Bandeira do Sul (MG),MG,0.0,0.0,4343.894151230069,0.0,10
Bandeirantes (MS),MS,0.0,0.0,805270.3364060725,0.0,10
Bandeirantes (PR),PR,0.09102198930995517,0.08950400296113428,689366.4640355402,62242.01414545411,10
Barbacena (MG),MG,0.00030247431863552243,0.000335076216313059,65923.32495679613,20.763959242221333,10
Barbosa (SP),SP,0.364258244471321,0.37113303512838225,125895.59994467792,47083.42389646603,10
Barbosa Ferraz (PR),PR,0.007097495208766809,0.007248641586629208,194524.20119789906,1390.6941638524406,10
Bariri (SP),SP,0.3581966117747953,0.3554530825574457,394754.8570349857,141039.18323347133,10
Barra Bonita (SP),SP,0.40976443915191707,0.40909566649321516,154933.41064997713,63486.64964053541,10
Barra Longa (MG),MG,0.032027419538514,0.030000202125799035,28496.971764824877,932.9225919276512,10
Barra do Bugres (MT),MT,0.09060807987992772,0.08961417881218728,4193114.0064844945,361386.9809862636,10
Barra do Chapéu (SP),SP,0.0015016213884660398,0.0014064394076132814,17772.03916303134,25.893508386311545,10
Barra do Garças (MT),MT,0.00021542944185081364,0.0002053445550504263,532528.812984188,88.41120490496125,10
Barra do Jacaré (PR),PR,0.09242479049471633,0.09190526711954053,247989.2284204059,22888.039834018622,10
Barra do Turvo (SP),SP,0.00045275697479281815,0.00048797674809543477,24622.40012822352,10.891200400998788,10
Barracão (PR),PR,0.0023247752107143573,0.0022320364278718284,48076.81131838039,112.57834605195254,10
Barretos (SP),SP,0.3791183926294625,0.37745136070828533,1412286.1280537497,531040.1012986858,10
Barrinha (SP),SP,0.4003957030250834,0.3976063148479796,189563.48765718375,75544.85024990203,10
Barro Alto (GO),GO,0.18486404136271226,0.18892284228479922,320437.7858453688,58087.33256196693,10
Barroso (MG),MG,0.025814490382991988,0.013826958874458006,5095.93041195103,143.524873110993,10
Barueri (SP),SP,0.0,0.0,1035.175611008287,0.0,10
Barão de Antonina (SP),SP,0.0,0.0,36722.41948201369,0.0,10
Barão de Cocais (MG),MG,0.042346592211426635,0.03978763646330395,7069.112746987415,308.9368526865653,10
Barão de Melgaço (MT),MT,0.0004055536952779189,0.00038429252154413194,107501.83600740973,43.296839466009196,10
Barão de Monte Alto (MG),MG,0.005553992400635142,0.005188494829201738,12063.365302398568,68.98850887793674,10
Bastos (SP),SP,0.3176061404257258,0.3177271103320828,40006.3804229208,12857.322838578419,10
Bataguassu (MS),MS,0.0,0.0,197176.55021699256,0.0,10
Batatais (SP),SP,0.39330093374141634,0.39081667938482645,865558.0341962214,339059.2470990394,10
Batayporã (MS),MS,0.10783639081162073,0.10114226962958078,541320.9882361061,58935.04561330407,10
Bauru (SP),SP,0.14484305334924208,0.14432252130206175,58696.72088275712,8520.587575738236,10
Bebedouro (SP),SP,0.3787172579650039,0.37517322667513975,683565.8264453401,258506.76884212624,10
Bela Vista (MS),MS,0.00011967620351171585,7.521214049081832e-05,604960.9652784294,64.60751089142511,10
Bela Vista da Caroba (PR),PR,0.001053096713405983,0.0010329731637418612,58568.20657348979,59.07409796981031,10
Bela Vista de Goiás (GO),GO,1.2135228550049979e-05,0.0,298418.93170655024,5.5176683058809015,10
Bela Vista de Minas (MG),MG,0.006751208448157626,0.00989963744677098,2713.3124218190787,19.031514261069592,10
Bela Vista do Paraíso (PR),PR,0.00030072110604232845,0.0,227529.6370430408,66.4063058794791,10
Belmiro Braga (MG),MG,0.004404745141255563,0.004148883245511353,17419.507372761276,76.97078798822871,10
Belo Horizonte (MG),MG,0.0,0.0,1065.6911960657112,0.0,10
Belo Oriente (MG),MG,0.024752587661654366,0.02174660837813852,13915.587105296745,361.1182018497243,10
Belo Vale (MG),MG,0.008430787652241289,0.005214189199159912,25468.641022526735,215.12444160460387,10
Bento de Abreu (SP),SP,0.3856331600562873,0.38132279998867447,267988.8615127384,103172.50634939387,10
Berilo (MG),MG,0.00854206011148437,0.008262291541259882,31788.724742138158,271.47805094067974,10
Berizal (MG),MG,0.004130464906084364,0.0037266351735424086,12767.514490339636,52.4896595748395,10
Bernardino de Campos (SP),SP,0.24949987859322742,0.25397686235801276,135245.2573471083,33556.95749366534,10
Bertioga (SP),SP,0.0,0.0,7144.6714123982865,0.0,10
Bertópolis (MG),MG,0.0017637295970752722,0.0005124501541860761,26381.846289313882,46.90024588776697,10
Betim (MG),MG,0.01577752546927038,0.01586289346812167,8665.87858729264,136.59909273684198,10
Bias Fortes (MG),MG,0.003536354281196458,0.001157188376676636,13747.32592550071,51.24868503446734,10
Bicas (MG),MG,0.014153880843720362,0.011474708562499677,9586.84275254538,138.52850356795176,10
Bilac (SP),SP,0.31867283572478466,0.3201656046146873,99777.35148892537,31594.20944408391,10
Biquinhas (MG),MG,0.003651449308903211,0.003134688507702944,22870.466726060873,86.15452386209526,10
Birigui (SP),SP,0.2072889674363716,0.20830263551689066,329222.2465193019,68525.22841560349,10
Biritiba Mirim (SP),SP,0.0,0.0,5381.270671632131,0.0,10
Bituruna (PR),PR,0.006158109858811935,0.006143743555103149,82651.32747297686,507.05814209244966,10
Boa Esperança (MG),MG,0.00020066678571887585,0.00023723372301092603,190000.27878249588,38.92513585096119,10
Boa Esperança (PR),PR,0.0,0.0,290386.35578903346,0.0,10
Boa Esperança do Iguaçu (PR),PR,0.00036448265649755815,0.00017951913531696938,58875.72418972163,19.859489621029926,10
Boa Esperança do Sul (SP),SP,0.3806269341847612,0.37798911181523,597069.001195,226648.45734015608,10
Boa Ventura de São Roque (PR),PR,8.273139525085393e-05,0.0,182788.80470790595,11.334008203095898,10
Boa Vista da Aparecida (PR),PR,0.0022911665518661754,0.0021278614025443017,71352.64917540096,160.90730293690262,10
Bocaina (SP),SP,0.3908700944435627,0.3835729889775535,280134.7725222535,109345.7700877058,10
Bocaina de Minas (MG),MG,0.006987389280709808,0.006148210509859394,9804.416497872448,70.13149632257476,10
Bocaiúva (MG),MG,0.01966355066289342,0.014156505551925372,127667.19897553409,2919.691090600521,10
Bocaiúva do Sul (PR),PR,0.0,0.0,41587.32356733427,0.0,10
Bodoquena (MS),MS,0.00038990954129772065,0.00037815797501097366,144640.94959973227,57.15105816078119,10
Bofete (SP),SP,0.022338841008767214,0.024619728258726076,28868.443973343565,636.3746913303582,10
Boituva (SP),SP,0.3724163743228003,0.3702120228758031,136355.7414788115,50746.199706507665,10
Bom Despacho (MG),MG,0.06879906820301367,0.0651739490932148,237277.16475766644,16248.76171111127,10
Bom Jardim de Goiás (GO),GO,0.00016401169497980923,0.0,157590.33298672197,18.14920882403538,10
Bom Jardim de Minas (MG),MG,0.009377890020329212,0.004031607396832882,8419.535753394364,88.1379981696532,10
Bom Jesus da Penha (MG),MG,0.0,0.0,82703.61372952031,0.0,10
Bom Jesus de Goiás (GO),GO,0.13865903379833203,0.13747664459895698,1992480.512502856,267256.0575549849,10
Bom Jesus do Amparo (MG),MG,0.02726148588317453,0.02403847592410268,8872.017881377224,265.0467098276962,10
Bom Jesus do Araguaia (MT),MT,0.0,0.0,1493772.6301921417,0.0,10
Bom Jesus do Galho (MG),MG,0.01754231672315082,0.017222653528630505,45944.541394820524,812.1006608493112,10
Bom Jesus do Sul (PR),PR,0.0012053438265370142,0.0012267477085363965,59612.85427855519,71.35772055886372,10
Bom Jesus dos Perdões (SP),SP,0.0,0.0,3148.9845034365626,0.0,10
Bom Repouso (MG),MG,0.0,0.0,21721.532685227172,0.0,10
Bom Sucesso (MG),MG,0.00188960638275751,0.0019780961462835082,53877.92549507636,97.17309316340388,10
Bom Sucesso (PR),PR,0.11081509984013815,0.10828398500720551,420345.9856235508,45702.55010980662,10
Bom Sucesso de Itararé (SP),SP,0.0,0.0,3780.1043782665593,0.0,10
Bom Sucesso do Sul (PR),PR,0.000349803818606324,0.00034236934030017435,206917.5817376539,70.84135555382028,10
Bonfim (MG),MG,0.014366750060280643,0.010509861442362416,26038.134838012214,415.4159250482323,10
Bonfinópolis (GO),GO,0.0002837795010620852,0.0,9313.042076009728,3.187986132286743,10
Bonfinópolis de Minas (MG),MG,0.0004180913191728777,9.561861188490343e-05,485868.50814550463,180.86357060298332,10
Bonito (MS),MS,9.905045956396964e-05,5.075084180852302e-05,768066.3966745014,70.9145720828501,10
Bonito de Minas (MG),MG,0.0318203365009133,0.03401039411680196,36199.20070154932,1180.6139504507014,10
Bonópolis (GO),GO,0.0,0.0,186348.87668490235,0.0,10
Boracéia (SP),SP,0.3951067680860743,0.39016997071368165,124725.66725717054,49121.75604890614,10
Borborema (SP),SP,0.3743904769109664,0.3777902804508981,568227.9489580978,212170.35156983035,10
Borda da Mata (MG),MG,0.0014687919101248994,0.001596163914936632,28926.6131459243,41.2558153023185,10
Borebi (SP),SP,0.33972415508240317,0.3192242184432367,83394.43762234047,28771.703145356816,10
Borrazópolis (PR),PR,0.0,0.0,151990.09088429002,0.0,10
Borá (SP),SP,0.3351192606570864,0.3397652038855284,85992.6919479754,28717.07999900643,10
Botelhos (MG),MG,0.004977156172597905,0.005814111712671698,47913.43809076736,227.2913393315332,10
Botucatu (SP),SP,0.3136863793909053,0.30863601788266626,434330.51175298484,135291.56742100822,10
Botumirim (MG),MG,0.012340075309587896,0.012952164221334411,23544.778648073312,290.77526096209766,10
Braganey (PR),PR,0.001290442056215741,0.0013178747302289913,228133.06085306552,289.0573245456412,10
Bragança Paulista (SP),SP,0.005952409088733313,0.006315637506184862,62971.201427618355,364.60470149051486,10
Brasilândia (MS),MS,0.06467992772930944,0.05870842537433569,358586.66902731516,23351.00983035499,10
Brasilândia de Minas (MG),MG,0.030824310946074168,0.022828130589066756,239631.0523038719,7036.308250350178,10
Brasilândia do Sul (PR),PR,0.00033573111262413195,0.0,284255.60194044525,93.61081203742707,10
Brasnorte (MT),MT,1.7165584142130265e-05,2.0834195388747175e-05,3515161.925735672,71.44190148787328,10
Brasília de Minas (MG),MG,0.02014241254245206,0.02019694769300588,53981.04894811983,1091.1268480992717,10
Brazabrantes (GO),GO,0.04476412696104518,0.0,17148.10770811242,1512.4945321866937,10
Brazópolis (MG),MG,0.00362776281073866,0.0007986807137890402,26805.907378472963,130.58855186551753,10
Braúna (SP),SP,0.35452801634553055,0.3634877309904265,122183.19554418683,43440.37546958601,10
Braúnas (MG),MG,0.022496908149505463,0.007558918690109915,21226.440816205548,707.0382067932893,10
Brejo Alegre (SP),SP,0.2213765207727932,0.20460114601938778,82041.14210112207,18301.49054367833,10
Britânia (GO),GO,0.0,0.0,120992.39612573848,0.0,10
Brodowski (SP),SP,0.3856615320445945,0.37951875921448025,226759.2326262085,86991.85909036422,10
Brotas (SP),SP,0.3629083691255132,0.35531526720790596,551384.8769832525,199621.30243295783,10
Brumadinho (MG),MG,0.0261239063832641,0.026208370058498347,23475.215604701534,608.9587332048125,10
Brás Pires (MG),MG,0.005396711870152238,0.005850774471432226,15713.930646917439,82.2189329125737,10
Bueno Brandão (MG),MG,0.006074649452235089,0.00601851210990955,41561.09925976918,250.6802808015778,10
Buenópolis (MG),MG,0.030416236817754082,0.0320953738343079,58940.880415252155,1759.6384647976292,10
Bugre (MG),MG,0.005609008418858428,0.001688415523758291,8476.335132669623,55.096246265466355,10
Buri (SP),SP,0.0,0.0,418486.63173729717,0.0,10
Buritama (SP),SP,0.35149696635939687,0.35128385319253597,158732.20048393164,55682.1397158942,10
Buriti Alegre (GO),GO,0.08172761851480487,0.07856829841520188,272434.435265431,20871.42121979467,10
Buriti de Goiás (GO),GO,0.002215907840039556,0.0,12535.216794095746,27.408427516212893,10
Buritinópolis (GO),GO,0.002416443941278846,0.0,9455.659215768692,27.128625879180888,10
Buritis (MG),MG,0.0002566847886542135,0.00028827955314341986,1342731.2814212856,351.18597804998956,10
Buritizal (SP),SP,0.36362349857473053,0.36565497630944793,197622.331131922,71739.13290566426,10
Buritizeiro (MG),MG,0.00024275572037923244,0.0001507274308422032,455817.16612901137,110.62651521242678,10
Bálsamo (SP),SP,0.3593407101240688,0.35895756065808276,124433.36298552359,44624.76642767584,10
Caarapó (MS),MS,0.08248144851272082,0.0789274362085164,1847894.960446766,150011.89382261573,10
Cabeceira Grande (MG),MG,9.587461533816168e-06,0.0,378054.01802617905,2.961696751796844,10
Cabeceiras (GO),GO,0.00022566137717625997,0.0,479487.90456769516,82.21921246794956,10
Cabo Verde (MG),MG,0.03298898839545423,0.031455312681990436,73908.57195638244,2422.6869064336383,10
Cabreúva (SP),SP,0.004845256619937084,0.003956664905076148,8816.687433811221,42.27805457199095,10
Cabrália Paulista (SP),SP,0.18093867248556467,0.14573287675751684,26039.098388243525,6060.866969931894,10
Cachoeira Alta (GO),GO,0.17103563854960496,0.17406907517758974,387495.6779170827,66082.05670878364,10
Cachoeira Dourada (GO),GO,0.1907429336690734,0.19822415369225937,697179.7598864156,129347.12040609994,10
Cachoeira Dourada (MG),MG,0.0,0.0,148692.9413444168,0.0,10
Cachoeira Paulista (SP),SP,0.025930962259806796,0.02248999635677525,24878.814985245772,649.8320113233217,10
Cachoeira da Prata (MG),MG,0.006508066789292191,0.007137465073320482,2123.517329186344,14.030146004416864,10
Cachoeira de Goiás (GO),GO,0.0,0.0,21795.115609382246,0.0,10
Cachoeira de Minas (MG),MG,0.004238902592939164,0.006602807832707001,39611.19686285532,164.7276977500011,10
Cachoeira de Pajeú (MG),MG,0.02053009868546297,0.013827890749476775,18432.045159889876,424.96940656847704,10
Caconde (SP),SP,0.023502252817674107,0.02414175211997502,47581.22069370712,1127.2779292781947,10
Caetanópolis (MG),MG,0.018397852121495226,0.01950112557766696,8287.83812804582,147.12875132084469,10
Caeté (MG),MG,0.01887694610694557,0.02051919888289399,9007.925939437937,172.40626053981651,10
Cafeara (PR),PR,0.11491287918892934,0.11469054202142148,278156.30951996986,31553.94026612084,10
Cafelândia (PR),PR,0.00017071013288093035,0.0001375474702396123,346413.6323855817,56.56422664261812,10
Cafelândia (SP),SP,0.36238413830753613,0.3585513563719097,574868.7910667724,207446.6266530581,10
Cafezal do Sul (PR),PR,0.011605086268367794,0.0,104460.52316476832,1950.7131006592367,10
Caiabu (SP),SP,0.3541497805054014,0.35074055174139485,112498.21281907773,39714.644775999164,10
Caiana (MG),MG,0.00021040604330215175,0.0,15152.609044834953,3.2739797018108967,10
Caiapônia (GO),GO,0.0,0.0,1312243.5893109571,0.0,10
Caieiras (SP),SP,8.37343346582286e-05,0.00011664525611238018,1480.5540961966522,0.1247473190850666,10
Caiuá (SP),SP,0.21314472221170977,0.20987049048200862,99741.40374693727,22293.611741333185,10
Cajamar (SP),SP,0.0,0.0,2222.7955847375024,0.0,10
Cajati (SP),SP,0.00019166055278892362,0.000263670402697646,19031.121497716133,3.742419572552056,10
Cajobi (SP),SP,0.3858990687782899,0.37913959770562017,156715.42873349405,60561.7764378516,10
Cajuri (MG),MG,0.007315178643001194,0.0013134660460942195,15093.837923381925,121.53922879874801,10
Cajuru (SP),SP,0.3799280016938498,0.3792674845888458,369348.48145017086,140172.67587760737,10
Caldas (MG),MG,0.0,0.0,72156.98208078615,0.0,10
Caldas Novas (GO),GO,6.887650545250716e-05,8.832992819383722e-05,402159.9413854576,31.294008338337154,10
Caldazinha (GO),GO,0.0002651490777688421,0.0,17649.45730030658,4.720671772809215,10
Califórnia (PR),PR,1.269548105912275e-05,0.0,78509.63455338732,1.1860419006308818,10
Camacho (MG),MG,0.00380096955042107,0.0005923656116505998,19616.08717919066,84.76442151190948,10
Camanducaia (MG),MG,0.00017376497462087708,0.0,17797.303894187608,3.1290991492824034,10
Camapuã (MS),MS,4.236658086249229e-05,4.8285573872854364e-05,534604.5649624653,23.284246770785295,10
Cambará (PR),PR,0.10119284121952103,0.10492051703636404,962519.4222351065,96350.06215834923,10
Cambira (PR),PR,0.035647626464103514,0.03632147919803466,111520.83946380901,3910.4300733384084,10
Cambuquira (MG),MG,0.0016611565015443538,0.0,58957.08667208875,90.7585329014569,10
Cambuí (MG),MG,0.0032062413284777436,0.003423427524988572,17762.23863320492,57.27807018091468,10
Cambé (PR),PR,0.00010102590737639898,5.963539130281476e-05,512040.2212749222,50.44848611609666,10
Campanha (MG),MG,0.0012293501458334809,0.0010518628636221427,74060.98932408237,88.13728204168707,10
Campanário (MG),MG,0.010520391918589066,0.010477083188712167,23174.85767472325,243.42586684473872,10
Campestre (MG),MG,0.005528208744037182,0.005892367174152332,91800.86066267286,517.8177124424236,10
Campestre de Goiás (GO),GO,0.0,0.0,24756.33041443634,0.0,10
Campina Grande do Sul (PR),PR,0.0,0.0,24917.84442120194,0.0,10
Campina Verde (MG),MG,0.07290597044513496,0.06686222667717281,529312.5204175831,40023.383598057975,10
Campina da Lagoa (PR),PR,2.08775475496328e-06,0.0,475930.54592538095,0.8674843677190622,10
Campina do Monte Alegre (SP),SP,0.04885973100025059,0.03684732631439818,114287.27904049533,5632.337526606902,10
Campina do Simão (PR),PR,4.981724848859289e-05,4.425813474474484e-05,110872.93886792277,5.715216146037128,10
Campinas (SP),SP,0.1830139696689303,0.17132917482059135,67316.24533529498,12492.579388177846,10
Campinaçu (GO),GO,0.0,0.0,51395.38580105501,0.0,10
Campinorte (GO),GO,0.08047182362403343,0.07865622514935952,182747.3228530187,14636.315526448534,10
Campinápolis (MT),MT,0.0004294668383402316,0.0003315352941499927,419341.43496782554,141.457927847938,10
Campo Alegre de Goiás (GO),GO,0.012293586183142111,0.012726462110788865,835351.0340254916,9792.937719977643,10
Campo Azul (MG),MG,0.012978017139311154,0.005053782775992735,22316.321762323667,361.55596373784994,10
Campo Belo (MG),MG,0.006238690624588979,0.00245289762751791,82947.9271211976,478.15113734552114,10
Campo Bonito (PR),PR,0.00014667539004910266,0.0001112466425415505,213732.97258457902,31.26723816563334,10
Campo Florido (MG),MG,0.12457653747525102,0.1250669157607877,2279264.4309872054,281416.78274426213,10
Campo Grande (MS),MS,0.012912200216298289,0.011090693439078947,1266474.5325420687,15606.624540253591,10
Campo Largo (PR),PR,0.0,0.0,170294.95831896467,0.0,10
Campo Limpo Paulista (SP),SP,0.0,0.0,1705.7853951306117,0.0,10
Campo Limpo de Goiás (GO),GO,0.00043296633144855677,0.0,13966.826319255984,5.6944170116091275,10
Campo Magro (PR),PR,0.0,0.0,66009.02496818753,0.0,10
Campo Mourão (PR),PR,0.00010224609763726805,4.720386581007202e-05,512224.8067237915,47.115274267802214,10
Campo Novo do Parecis (MT),MT,0.03277721580920319,0.03255476154079104,8901550.984017426,281549.69624173886,10
Campo Verde (MT),MT,3.775960056676182e-05,3.040380791559109e-05,3303909.5926988344,126.33925615429982,10
Campo do Meio (MG),MG,0.0011943075236355931,0.0010814433877659952,63104.84489047056,72.6123891713025,10
Campo do Tenente (PR),PR,0.0,0.0,93475.62337213688,0.0,10
Campos Altos (MG),MG,5.6069519854591416e-05,0.0,160308.96595853422,9.0719592282739,10
Campos Belos (GO),GO,0.0032566435494699023,0.0,21495.23689125497,77.73544163813449,10
Campos Gerais (MG),MG,0.0008353867867722648,0.0008955449582083401,148662.9679401582,129.66701000060962,10
Campos Novos Paulista (SP),SP,0.13694087423136397,0.14347254009847815,336580.54108158755,45418.23032602086,10
Campos Verdes (GO),GO,0.0,0.0,26101.232855549864,0.0,10
Campos de Júlio (MT),MT,0.01328830180859609,0.013181638251011586,3931848.131453946,49612.37828809605,10
Campos do Jordão (SP),SP,0.0,0.0,5119.525516906898,0.0,10
Cana Verde (MG),MG,0.00046811265694607243,0.0,20085.968610582695,8.396283192154328,10
Canabrava do Norte (MT),MT,0.0,0.0,513997.00313369604,0.0,10
Cananéia (SP),SP,0.0002048964964061243,0.00021228683071641244,20184.022479925996,4.159923725516162,10
Canarana (MT),MT,4.7715953719459235e-05,3.5428275024411916e-05,3067821.216255975,103.26428732899474,10
Canas (SP),SP,0.0,0.0,14141.146976764743,0.0,10
Canaã (MG),MG,0.0142333786929477,0.014952473785061305,22597.935355528993,320.3659718386799,10
Candeias (MG),MG,0.0013595906031840053,0.0013474172796111763,127781.65195330411,172.09007728140824,10
Candói (PR),PR,2.6559237598684957e-05,2.3454040465097713e-05,578524.9755515989,15.275602277791108,10
Canitar (SP),SP,0.30778699298193135,0.29114270699317313,61427.67116834617,18932.495106703576,10
Cantagalo (MG),MG,0.0292021896343448,0.027064750158628234,11775.658351878585,385.14938911678155,10
Cantagalo (PR),PR,0.00010626129513145349,0.00011496029749186285,177628.26229923507,18.784758523768993,10
Canápolis (MG),MG,0.10139062702363844,0.09894282254478398,1006293.9458482252,105853.4160643149,10
Capanema (PR),PR,0.0021283341572149615,0.002133172303899966,209754.9046286314,442.26290831129006,10
Caparaó (MG),MG,0.00013202613572039284,0.0,17748.053764665077,2.181326640836727,10
Capela Nova (MG),MG,0.024956019623734317,0.02413037901649795,16173.289857757269,421.37819146628175,10
Capela do Alto (SP),SP,0.12067023658934121,0.11568149132833999,33821.92854199588,4006.552169529289,10
Capelinha (MG),MG,0.013616576728395969,0.012445774007909858,56882.945340522405,768.1308404085365,10
Capetinga (MG),MG,0.005785960930672578,0.00032692561106532545,47483.806503306005,235.3859397327446,10
Capim Branco (MG),MG,0.015116648095562624,0.0,6154.394711763959,163.6275759687989,10
Capinópolis (MG),MG,0.045078154121265396,0.04919283324404461,798860.5982326055,39682.54613300427,10
Capitão Andrade (MG),MG,0.007001895206195668,0.006310020923414671,18875.469440887813,135.74150950080565,10
Capitão Enéas (MG),MG,0.0085144757506935,0.009454302089653633,55382.784207115415,492.40042399230106,10
Capitão Leônidas Marques (PR),PR,0.0026596795066034054,0.0025626300407872444,114169.30654272699,301.04933139620533,10
Capitólio (MG),MG,0.004455304894018807,0.00325010944830116,38068.48160525676,172.26576448210005,10
Capivari (SP),SP,0.4024771331519414,0.4030097523933359,340496.1006855858,136891.4221295511,10
Caputira (MG),MG,0.0051133765816741734,0.006021917032212141,23742.129653374057,119.4185104815346,10
Capão Bonito (SP),SP,0.0,0.0,411764.092990591,0.0,10
Caracol (MS),MS,0.00017262394817435983,0.00013925873843333004,207446.01103555068,40.326756770800486,10
Caraguatatuba (SP),SP,0.0,0.0,9147.28377763156,0.0,10
Carambeí (PR),PR,0.0,0.0,299302.772506945,0.0,10
Caranaíba (MG),MG,0.015822020551160703,0.016351054453069024,10256.000269872296,159.89040385230643,10
Carandaí (MG),MG,0.0007922226388782821,0.0008524929313671844,123834.68261518655,97.09181678394283,10
Carangola (MG),MG,0.002423619950845638,0.002776982958268429,29964.290675350712,74.24005656555782,10
Carapicuíba (SP),SP,0.0,0.0,505.4078885605948,0.0,10
Caratinga (MG),MG,0.010446800073636341,0.009079021318033696,88342.29366345589,936.3068461389478,10
Caraí (MG),MG,0.01353075716656337,0.008494639480700998,34088.319521825855,481.32164188879534,10
Carbonita (MG),MG,0.030855579467027,0.03244534453725974,17070.119845326466,532.5015979629012,10
Cardoso (SP),SP,0.3389641368907278,0.3326039696930162,311723.6074460638,105410.55815075757,10
Careaçu (MG),MG,0.0036947731631929983,0.0020233752029883796,24629.7252218653,81.64070322801057,10
Carlinda (MT),MT,5.992924681889182e-06,0.0,290148.50116112665,0.9727992902321534,10
Carlos Chagas (MG),MG,0.0023029545055133624,0.002326956154887461,204196.57634223474,470.26657535290093,10
Carlópolis (PR),PR,0.0038802601255683127,0.0039798483867805705,77004.46212280935,279.72718134894507,10
Carmo da Cachoeira (MG),MG,0.00034039385908609223,0.00016100241393768988,95948.06944935182,35.846989373573656,10
Carmo da Mata (MG),MG,0.022804366956105555,0.01811491518768163,33307.20911140385,796.2144629321289,10
Carmo de Minas (MG),MG,0.0003502076508286971,0.00027277423722575064,53963.81839198075,18.4165204030975,10
Carmo do Cajuru (MG),MG,0.007426542125574918,0.007443079538552767,25558.611061831718,197.1397168403355,10
Carmo do Paranaíba (MG),MG,0.0001541331312876686,0.0,144476.7788245805,20.4819801205593,10
Carmo do Rio Claro (MG),MG,0.014362123072181562,0.01215394533945147,232515.94875360746,3365.133367905859,10
Carmo do Rio Verde (GO),GO,0.1940249021746437,0.19571074161981977,313976.68288465164,59990.11682740179,10
Carmésia (MG),MG,0.019962225690383445,0.013738228574579115,7371.496425018583,171.38808768099327,10
Carmópolis de Minas (MG),MG,0.010059678703755081,0.00895395627022114,33215.111135298095,337.1736285744888,10
Carneirinho (MG),MG,0.1287754811005687,0.13343540568830237,1012145.2222394613,130616.17511614991,10
Carrancas (MG),MG,0.0071619236357712,0.0012258622191535107,136551.7122914815,598.8791927428216,10
Carvalhos (MG),MG,0.0006635609705050984,0.00047746432831926856,14534.790626837088,9.07574070658963,10
Carvalhópolis (MG),MG,0.001869113522563986,0.0017275440034032964,10792.132013747714,17.759128147321533,10
Casa Branca (SP),SP,0.23400191753339183,0.22670781891443598,686797.2808437527,159922.19621384022,10
Casa Grande (MG),MG,0.0,0.0,46697.858414251255,0.0,10
Cascalho Rico (MG),MG,0.000811688772970941,0.0008684583315027147,39586.15929698339,31.025055104358835,10
Cascavel (PR),PR,0.00016825849229056114,0.0002072169542352146,1254892.9458610858,207.99041044275882,10
Cassilândia (MS),MS,0.004984918303221028,0.0,366626.76751980523,2265.721755868076,10
Castanheira (MT),MT,0.0,0.0,179257.47481499176,0.0,10
Castelândia (GO),GO,0.1737753204162766,0.17748824766535282,225048.38494959017,38659.49158614775,10
Castilho (SP),SP,0.37193434955335,0.3633259756941387,574890.4324690505,212732.38753172773,10
Castro (PR),PR,0.0,0.0,809663.9251402281,0.0,10
Cataguases (MG),MG,0.006288285727018156,0.006229798977908631,29854.173211988447,197.31158181469635,10
Catalão (GO),GO,0.00521921622647995,0.005419768075555017,1207274.2915229686,6001.837786824597,10
Catanduva (SP),SP,0.4009860747826816,0.40096542195684615,270667.4356487711,108336.45594391604,10
Catanduvas (PR),PR,0.0003454148447143846,0.00040831800676368875,241693.36405117664,84.86640209796941,10
Catas Altas (MG),MG,0.038523481505006035,0.03674537599282246,5171.561385885011,203.11506462697812,10
Catas Altas da Noruega (MG),MG,0.02822763092605308,0.027465485035955584,9249.597180535038,267.3265293393827,10
Catiguá (SP),SP,0.40121801934962054,0.39755036049593806,147363.8263540492,59008.355203191095,10
Catuji (MG),MG,0.02205098019604467,0.02006964996172914,11584.299576782943,256.13490772821484,10
Caturaí (GO),GO,0.0847594369758193,0.07405539437086678,42892.942967734874,5099.975065891156,10
Catuti (MG),MG,0.0006160485813930265,0.0006092086359080082,20391.35810140822,12.880058331993798,10
Cavalcante (GO),GO,0.0010054448153505775,0.0,52414.74567418559,49.958780474802,10
Caxambu (MG),MG,0.0051847047898328155,0.000875589566342153,6248.428162903541,42.92593420187285,10
Caçapava (SP),SP,0.23953158678409112,0.21476883768933355,85687.37085072458,19764.029966835133,10
Caçu (GO),GO,0.18701805901041157,0.1916702570843527,885087.3688233809,163580.67886613254,10
Cedral (SP),SP,0.3805413333094914,0.3840559861397717,128007.05112040308,48763.97745643332,10
Cedro do Abaeté (MG),MG,0.003089713265859929,0.001591569246367173,9499.939334964414,30.445540352162077,10
Centenário do Sul (PR),PR,0.09864062305981414,0.10023817255128364,545296.4213832797,53285.428133995214,10
Central de Minas (MG),MG,0.00697603329253068,0.0029790833644194985,16242.400815532616,132.80138997570688,10
Centralina (MG),MG,0.08387426618980331,0.07965530595049197,486797.8071094189,41625.1650488924,10
Ceres (GO),GO,0.041553054607246134,0.0,25896.10671697076,1331.6625528076029,10
Cerqueira César (SP),SP,0.2428571454609963,0.22368703842779908,322852.32119562547,76877.61793804,10
Cerquilho (SP),SP,0.37422059770086014,0.37540650512341983,105026.64803651824,39092.94761451157,10
Cerro Azul (PR),PR,0.0002499831783865813,0.0,162122.17727026605,32.163451429841274,10
Cesário Lange (SP),SP,0.37961400831344194,0.37949370646942837,251159.46280937555,94574.90598986893,10
Cezarina (GO),GO,0.0006260004395331136,0.0,65268.338213705705,22.16579745025062,10
Chalé (MG),MG,0.008168212487934826,0.005966354285488905,20239.40233311431,170.29023230232343,10
Chapada Gaúcha (MG),MG,0.001419858668476749,7.046917616629618e-05,259613.16481504135,284.0920126489009,10
Chapada do Norte (MG),MG,0.010458758079104322,0.011491238681046267,31007.295532047865,321.91038125945187,10
Chapada dos Guimarães (MT),MT,0.00013141209471239867,8.98772531705726e-05,589897.3588244473,67.7704147299526,10
Chapadão do Céu (GO),GO,0.09287006061008113,0.08728909269294996,2613829.745480977,243737.42033470527,10
Chapadão do Sul (MS),MS,0.09495827083321332,0.09452435982737342,1843481.271998412,173432.28265971423,10
Charqueada (SP),SP,0.39094295418520086,0.3895696338406016,145874.80529565536,56951.61595574198,10
Chavantes (SP),SP,0.361555779124768,0.3458106751813327,208517.98153056542,75409.56985925464,10
Chiador (MG),MG,0.009053639843857177,0.0084772175020774,13468.543007159911,123.10838255091053,10
Chopinzinho (PR),PR,0.0004597500698591316,0.00046673398059861673,310627.5655719535,141.68271110764056,10
Chácara (MG),MG,0.0007314872866931241,0.0,9055.355012201535,6.778964406706056,10
Cianorte (PR),PR,0.11470942931370798,0.11664519026908766,1072073.10653048,121495.88949840567,10
Cidade Gaúcha (PR),PR,0.11642486419472742,0.11901385059431979,394208.6850459693,45505.09607014366,10
Cidade Ocidental (GO),GO,0.0,0.0,82757.70141584685,0.0,10
Cipotânea (MG),MG,0.0014341904150502567,0.00014943085197947014,18438.981462206066,26.988824464380585,10
Claraval (MG),MG,0.010132186490815856,0.0009870554408259145,22531.491323462695,227.2815883560016,10
Claro dos Poções (MG),MG,0.018368223223177695,0.016879824888952306,43676.00110143807,871.8696146471829,10
Clementina (SP),SP,0.36529083613868546,0.3632943631542116,99214.79595361842,36257.706215915256,10
Clevelândia (PR),PR,2.8615782162155942e-05,1.7035137295017263e-05,340712.6487220076,9.027231432821472,10
Cláudia (MT),MT,0.0,0.0,1591965.259425716,0.0,10
Cláudio (MG),MG,0.013860541385845268,0.0072018545934118905,47702.98143712091,655.6159534626549,10
Cocalinho (MT),MT,0.0,0.0,334273.19677493745,0.0,10
Cocalzinho de Goiás (GO),GO,9.699203078196687e-05,0.0,172551.8632409368,14.415035898868144,10
Coimbra (MG),MG,0.0019688796450438445,0.0030518135452318193,22263.893233726543,41.893896460305726,10
Colina (SP),SP,0.38717990512657807,0.385576375530014,477731.6694182544,184249.86933296293,10
Colinas do Sul (GO),GO,0.002621030365485905,0.0028112361751637892,20622.390517737258,53.878292085024555,10
Colniza (MT),MT,0.0011486885113581537,0.0010340755608711522,473196.64909838716,557.9452312864955,10
Colombo (PR),PR,0.0,0.0,8867.286709470027,0.0,10
Colorado (PR),PR,0.1269301475158343,0.1284328451000059,860655.7431661261,107001.08102292317,10
Coluna (MG),MG,0.031304817366442805,0.03042824913450164,20795.187685206998,649.636555004738,10
Colíder (MT),MT,3.245380719991016e-05,0.0,398905.848911014,7.782394321857231,10
Colômbia (SP),SP,0.36862841547982633,0.3682444464566975,706261.9070549178,259241.90734742585,10
Comendador Gomes (MG),MG,0.12094019177738051,0.12398436966180634,549178.6869005812,66639.54736696537,10
Comercinho (MG),MG,0.0053931753127403875,0.00528637562167221,20809.18931928317,112.12543348415065,10
Comodoro (MT),MT,5.308222481382066e-05,5.241522979136972e-05,1332583.8262438772,76.33948026347609,10
Conceição da Aparecida (MG),MG,0.00019444529744882866,0.00017734867472283964,63281.49563796842,12.394146563161055,10
Conceição da Barra de Minas (MG),MG,0.0005679139918018449,0.0,27322.856539112858,9.797759825774492,10
Conceição das Alagoas (MG),MG,0.11860150607085777,0.11915330034938493,2974318.6638436187,350525.3021976047,10
Conceição das Pedras (MG),MG,0.0029505669472295348,0.0028464111886648867,10916.069093441653,32.59750742058296,10
Conceição de Ipanema (MG),MG,0.007823975475192185,0.008508321285951782,18354.16506925353,147.22665643916713,10
Conceição do Mato Dentro (MG),MG,0.015450445857005701,0.014795188546309762,39383.073402588845,623.0466485680469,10
Conceição do Pará (MG),MG,0.018539331181535387,0.012999088459836862,15498.871436246756,333.25647891246894,10
Conceição do Rio Verde (MG),MG,5.535139300181354e-05,0.0,152056.03574452834,5.853400899357919,10
Conceição dos Ouros (MG),MG,0.007762955808987834,0.0032393575744807234,21225.328118551653,140.57842216265047,10
Conchal (SP),SP,0.18227737049757003,0.1771499164356881,102826.93249583575,18693.114483465142,10
Conchas (SP),SP,0.2278236559501948,0.23804778676023514,76362.50094081166,17688.472357902498,10
Confins (MG),MG,0.0,0.0,1258.8156810954667,0.0,10
Confresa (MT),MT,0.0,0.0,858877.5896571174,0.0,10
Congonhal (MG),MG,0.003991788284810149,0.003224179894280002,17762.266080124424,70.42063348817669,10
Congonhas (MG),MG,0.004012720986286593,0.004939216303435459,6154.7737843893465,24.962522085865654,10
Congonhas do Norte (MG),MG,0.045310057572074285,0.042696144858443974,11891.98086164736,571.6790060800748,10
Congonhinhas (PR),PR,0.020196185752172604,0.018941564363280275,234666.0624813687,4642.560762178095,10
Conquista (MG),MG,0.12448557173934441,0.12395589137099033,1227064.566963827,151657.37202527214,10
Conquista D'Oeste (MT),MT,0.0,0.0,115508.1206045426,0.0,10
Conselheiro Lafaiete (MG),MG,0.004171379539240833,0.005463592670984718,25314.54100252188,102.29611887665305,10
Conselheiro Mairinck (PR),PR,0.03787058133294615,0.03571721945436977,148303.42998691346,5671.193918253853,10
Conselheiro Pena (MG),MG,0.004870644065720346,0.005094530497349113,95551.26569510698,461.41754400834975,10
Consolação (MG),MG,0.0,0.0,6262.421306332475,0.0,10
Contagem (MG),MG,0.0001549666515130703,0.0,1818.5402305223165,0.2870373282530751,10
Contenda (PR),PR,0.0,0.0,159353.5176160672,0.0,10
Coqueiral (MG),MG,0.0025232197468700117,0.002641975013142804,64911.841021744855,159.88376384939073,10
Coração de Jesus (MG),MG,0.02488917223244272,0.020740237881423963,137203.44582965883,3579.959686349817,10
Corbélia (PR),PR,0.00014208585482302895,0.00011596868720392058,498561.4460198251,71.66787205330967,10
Cordeirópolis (SP),SP,0.4010857072665649,0.3999315057227967,203885.54113466915,81420.5636872503,10
Cordisburgo (MG),MG,0.012835527748746777,0.01083766465604549,35224.55388733649,482.08011740627273,10
Cordislândia (MG),MG,0.0004408257447743383,0.00019192378990192313,57036.08030847607,20.67754811194043,10
Corguinho (MS),MS,0.00047726765300890907,0.000396535304064624,131172.6245038067,62.814608623134234,10
Corinto (MG),MG,0.009620055216359448,0.010435688894148141,99393.56429730167,967.8010454914164,10
Cornélio Procópio (PR),PR,0.0336915130707271,0.03317135689631644,538311.5649632988,17941.49435607707,10
Coroaci (MG),MG,0.018510697346302656,0.013498328833773157,24139.360680807862,512.7392121375673,10
Coroados (SP),SP,0.3192301744339639,0.3085919146565329,217752.09548246796,69420.33399509649,10
Coromandel (MG),MG,3.246399507085943e-05,3.833412756016649e-05,1075589.4590513175,37.07580224591388,10
Coronel Domingos Soares (PR),PR,3.437098438232506e-05,3.397547703977086e-05,172222.0662612124,5.869884013381366,10
Coronel Fabriciano (MG),MG,0.00787795115576642,0.004199217827851468,3144.8257738536277,28.542645809094807,10
Coronel Macedo (SP),SP,0.010041728250162545,0.0,154967.2939396693,1356.010165766961,10
Coronel Murta (MG),MG,0.012720887354111352,0.012802193769492539,22001.083533097382,281.5808295140593,10
Coronel Pacheco (MG),MG,0.0,0.0,8678.73476692843,0.0,10
Coronel Sapucaia (MS),MS,0.0,0.0,235481.0587896178,0.0,10
Coronel Vivida (PR),PR,0.0015643369713637882,0.001382526009493242,268508.213907712,412.4818830819755,10
Coronel Xavier Chaves (MG),MG,0.026273814844377262,0.026419642740074918,15885.64468963523,416.9993754614955,10
Corumbataí (SP),SP,0.3213932227151678,0.31854703119995753,72015.97105709939,23123.360479799976,10
Corumbataí do Sul (PR),PR,0.00013318720510795427,0.0,42108.827082883094,5.667004101547949,10
Corumbaíba (GO),GO,0.002221707726255114,0.0024424997399602605,168094.56488033122,360.8232171560134,10
Corumbá (MS),MS,3.538303456419343e-05,0.0,443396.62280378956,18.528405677324084,10
Corumbá de Goiás (GO),GO,0.0008090593610727923,0.0,102314.81559075731,72.89099343171887,10
Cosmorama (SP),SP,0.36476708522332946,0.3726022348373908,280799.4021265403,102289.73669251491,10
Cosmópolis (SP),SP,0.3806970150483535,0.3750281128985392,117287.67737047684,44474.31960065645,10
Costa Rica (MS),MS,0.14526686537279115,0.14461615410004647,2596696.697030741,373922.9971124191,10
Cotia (SP),SP,0.0,0.0,5201.119942511169,0.0,10
Cotriguaçu (MT),MT,0.0020273461667095617,0.0020533971721153925,213692.64000748307,431.53362686704514,10
Couto de Magalhães de Minas (MG),MG,0.02134729441480535,0.02354120604618813,3875.1220376359497,85.98334299939118,10
Coxim (MS),MS,9.526400750908426e-05,9.398856826645118e-05,430581.52307104896,40.91975685466096,10
Cravinhos (SP),SP,0.39678690038994324,0.3923221097609899,349849.44108575495,138297.94564312126,10
Cristais (MG),MG,0.023897234282305436,0.02216077539241492,134424.72395024897,3238.378987513724,10
Cristais Paulista (SP),SP,0.2838244816384333,0.28665708511723287,130106.9082257678,36990.45176478122,10
Cristalina (GO),GO,0.0,0.0,3378652.1741559254,0.0,10
Cristiano Otoni (MG),MG,0.00048174597036537616,0.0,15331.398476368002,5.905365473042075,10
Cristianópolis (GO),GO,0.0,0.0,48220.96791975995,0.0,10
Cristina (MG),MG,0.0,0.0,23042.44757211335,0.0,10
Cristália (MG),MG,0.017085104445210282,0.014597973580343298,11728.113174083446,200.52406060140544,10
Crisólita (MG),MG,0.003341345851218927,0.0022344989123970005,52380.18717357122,177.61694102949522,10
Crixás (GO),GO,0.0004645862844473205,0.0005181865732694101,197018.71698365157,92.5319234043373,10
Cromínia (GO),GO,0.0,0.0,40641.53641129642,0.0,10
Crucilândia (MG),MG,0.055676348891723806,0.056708054078705175,25852.992423584266,1438.866337933606,10
Cruz Machado (PR),PR,0.001035364802946069,0.0009554285796632351,163182.99518598412,168.5257965169716,10
Cruzeiro (SP),SP,0.00796341641159971,0.007968608115187792,18033.86536862872,143.56165862653958,10
Cruzeiro da Fortaleza (MG),MG,0.00030797234682189526,0.0,45419.008348116215,14.444365326900868,10
Cruzeiro do Iguaçu (PR),PR,0.0003503447293434549,0.00039851162087807036,57811.06661842869,19.585380733039905,10
Cruzeiro do Oeste (PR),PR,0.10874347691959493,0.10924628916473786,606476.9788175308,67339.68306048383,10
Cruzeiro do Sul (PR),PR,0.10675149617106686,0.10519761333617213,331954.1637735512,35395.313863411764,10
Cruzmaltina (PR),PR,0.001550373479676614,0.0,113905.93935787004,122.63731391165837,10
Cruzália (SP),SP,0.1461389304267782,0.14814289281420864,155224.84983770535,22744.24404879172,10
Cruzília (MG),MG,0.0017097645337935774,0.0013331579146997601,84802.21809393095,143.37228800308228,10
Cubatão (SP),SP,0.0,0.0,2076.224943351953,0.0,10
Cuiabá (MT),MT,0.0027380331813830813,0.002701111873995376,132553.7401571377,362.7651364226942,10
Cumari (GO),GO,0.0006954318248482627,0.0007984576768698751,46390.512147165886,30.50041877040324,10
Cunha (SP),SP,0.0,0.0,82477.62507697611,0.0,10
Cuparaque (MG),MG,0.035497642597795837,0.036539518765114604,19499.82006739123,708.9233256775619,10
Curitiba (PR),PR,0.0,0.0,11622.765035102784,0.0,10
Curiúva (PR),PR,0.003407709398967758,0.003299618522367174,112976.01261671676,357.04027981987537,10
Curral de Dentro (MG),MG,0.005024985481068224,0.002719409360526592,14680.401870818112,78.50569631682474,10
Curvelo (MG),MG,0.012196904032964372,0.01295509381977229,136507.38226076638,1665.6275426642546,10
Curvelândia (MT),MT,0.0894355774890049,0.083402505559589,365665.19634741935,31953.28283515213,10
Cáceres (MT),MT,0.016399542664221334,0.01391825235387276,664778.9288375686,10818.931881289082,10
Cássia (MG),MG,0.013728950778710072,0.0006727801139518793,115401.04161330292,1662.7249121995706,10
Cássia dos Coqueiros (SP),SP,0.2579010073544762,0.2504167233912203,43093.50376378257,11366.639608784539,10
Cândido Mota (SP),SP,0.22118763321015864,0.21647454013842582,725987.4431769202,159847.2992409757,10
Cândido Rodrigues (SP),SP,0.3470820457400565,0.35083138031915706,49241.49914375136,17129.980213960105,10
Cândido de Abreu (PR),PR,0.00024131738905399202,0.0002780050449660536,253375.64055862662,60.095306342716356,10
Céu Azul (PR),PR,0.0015085329793048815,0.001614916217037249,293556.43809626705,439.6806390989288,10
Córrego Danta (MG),MG,0.011381858699758109,0.01129120579517941,33892.949518124646,392.29146858622823,10
Córrego Fundo (MG),MG,0.03672540166609104,0.025608933865558223,23605.205144653642,889.3034201952053,10
Córrego Novo (MG),MG,0.026216722684907483,0.02045418363994296,13147.272773673772,359.1802858847342,10
Córrego do Bom Jesus (MG),MG,0.0,0.0,7881.202494960999,0.0,10
Córrego do Ouro (GO),GO,0.0,0.0,25021.41148624755,0.0,10
Cônego Marinho (MG),MG,0.051889479572570354,0.04861313267437166,24579.825360620627,1342.7855186509503,10
Damianópolis (GO),GO,0.004692863907668881,0.0,13003.375520828822,73.21309208568762,10
Damolândia (GO),GO,0.0,0.0,8567.274035578928,0.0,10
Datas (MG),MG,0.010552885625615535,0.00985998374000142,14967.748890011304,154.78938853333395,10
Davinópolis (GO),GO,0.0015052033329142397,0.002177014004056861,38642.13530385595,54.061278770139616,10
Delfim Moreira (MG),MG,0.0006839412364119058,0.0,10980.23414610585,7.3599760116267845,10
Delfinópolis (MG),MG,0.05393644825501356,0.05281377913384801,301139.6458532235,16052.969633313694,10
Delta (MG),MG,0.14218257580137197,0.14535967800560778,249083.08191479993,35086.09902925632,10
Denise (MT),MT,0.0934056009522972,0.09208981015235104,3684607.305572488,329674.36236013536,10
Deodápolis (MS),MS,0.10255334472816113,0.10439783804289138,322607.51814563066,33276.39908649848,10
Descalvado (SP),SP,0.3911345930958972,0.3907929809491887,549808.939598645,213748.2342656196,10
Descoberto (MG),MG,0.020023738328155995,0.01781553164339001,13889.423304749014,281.3484140777437,10
Desterro de Entre Rios (MG),MG,0.014151890911115442,0.014101044963487474,37293.33456401592,513.7444490987228,10
Desterro do Melo (MG),MG,0.009318368009149985,0.00466092409352036,17421.673777137978,173.93835224726627,10
Diadema (SP),SP,0.0,0.0,446.69228531272046,0.0,10
Diamante D'Oeste (PR),PR,0.006081967261582701,0.005050112603651324,77582.03033191133,521.8093856444742,10
Diamante do Norte (PR),PR,0.09106475769710091,0.08388755446409743,129447.46800812696,11548.777211657643,10
Diamante do Sul (PR),PR,0.0023939754582048213,0.003242280926438728,43884.81305574551,114.13926493347903,10
Diamantina (MG),MG,0.017709604074613507,0.015565369862490923,34779.317584886376,670.1338709800625,10
Diamantino (MT),MT,0.009565966545359229,0.00749958167957163,5919843.628877429,55197.91984455343,10
Diogo de Vasconcelos (MG),MG,0.014171625983494798,0.007754694936840197,12977.57986089398,249.01241067513558,10
Dionísio (MG),MG,0.011401015631682093,0.012483840038195372,14051.016553739308,159.50199578814633,10
Diorama (GO),GO,0.00013072893818228881,0.0,74483.6620345766,6.04973627467846,10
Dirce Reis (SP),SP,0.3599948038297448,0.35911056603809555,38664.4414643419,13870.956435956758,10
Divino (MG),MG,0.0018146078198591244,0.0021485572070327292,43764.5876021735,79.28311884820167,10
Divino das Laranjeiras (MG),MG,0.014380657326351517,0.015477121657161731,25282.970929119823,367.01026193920904,10
Divinolândia (SP),SP,0.0030194471726901,0.0,31259.922512687073,103.88790614134487,10
Divinolândia de Minas (MG),MG,0.03469471254311478,0.02545634720183348,8803.164279772924,365.856439887174,10
Divinésia (MG),MG,0.03567062164953215,0.0246077350925061,11550.327809078635,532.2470187950665,10
Divinópolis (MG),MG,0.0049022569800482585,0.00369735287774693,35950.25039973118,179.3184965961295,10
Divinópolis de Goiás (GO),GO,0.004570827415581699,0.0,28473.751085161697,147.24785989077003,10
Divisa Alegre (MG),MG,0.007230938561592249,0.0,2176.399148671161,23.13355384386467,10
Divisa Nova (MG),MG,0.06738102841321905,0.07044487545093145,77845.73294917143,5143.219595340322,10
Divisópolis (MG),MG,0.007325505945976839,0.0056697651324219,17288.544919940014,131.27024481278318,10
Dobrada (SP),SP,0.39760307746615,0.39637278161144585,191493.1840748899,75904.22444464269,10
Dois Córregos (SP),SP,0.3982628019793926,0.39568186810429207,620269.2985673391,246408.73140595725,10
Dois Irmãos do Buriti (MS),MS,0.0,0.0,242031.25769683268,0.0,10
Dois Vizinhos (PR),PR,0.0005854753059239151,0.00039506026269463306,211313.11495063663,118.95316904265485,10
Dolcinópolis (SP),SP,0.3728180041274052,0.38782543310410356,63810.22132300574,22706.95612417958,10
Dom Aquino (MT),MT,0.0002945287215446755,0.0,647144.3868201026,152.14580899230882,10
Dom Bosco (MG),MG,0.005869478398327578,0.003328873061169482,68272.38341871256,397.99525667639085,10
Dom Cavati (MG),MG,0.01629571402475808,0.00946711267113155,5407.558787838228,110.08229774343734,10
Dom Joaquim (MG),MG,0.02577858766890976,0.024172355201945404,13528.600357193023,349.83866670489704,10
Dom Silvério (MG),MG,0.015343541550619297,0.012447666606948602,12201.706723172256,198.51007259702553,10
Dom Viçoso (MG),MG,0.002787081773232526,0.0014766308707250184,7500.234839818622,26.174378060814984,10
Dona Euzébia (MG),MG,0.0,0.0,3425.392900287089,0.0,10
Dores de Campos (MG),MG,0.008447050475409982,0.0030456628696822453,9376.420065850472,73.89418471155564,10
Dores de Guanhães (MG),MG,0.04535773808518319,0.060258359439708774,23505.92408644693,1203.6609672365387,10
Dores do Indaiá (MG),MG,0.0019621273040893693,0.0015820895101879675,80712.48037788243,142.4825261519824,10
Dores do Turvo (MG),MG,0.054493509032169415,0.04985092203443136,24849.526860657963,1416.474461950667,10
Doresópolis (MG),MG,0.06980310758944365,0.07524661142154444,25822.442059335553,1875.0166064295734,10
Douradina (MS),MS,0.004235095297376527,0.0027945653855149253,221271.41264559803,950.3824226500993,10
Douradina (PR),PR,0.08733063702342717,0.08409960131095043,191356.27537798393,17402.17869128924,10
Dourado (SP),SP,0.3620253027481703,0.35720474982607575,107582.86020466509,38912.29367115877,10
Douradoquara (MG),MG,0.0035504762372186105,0.0034737581179619175,21776.123275211106,78.40176651536598,10
Dourados (MS),MS,0.05806665389491887,0.05698236028111699,3174672.355100153,179291.83137042038,10
Doutor Camargo (PR),PR,0.0,0.0,135104.33044353814,0.0,10
Doutor Ulysses (PR),PR,0.00012581455426219018,9.99955086202175e-05,60171.191594181655,8.410868509931255,10
Doverlândia (GO),GO,0.0,0.0,503486.9904696835,0.0,10
Dracena (SP),SP,0.3452843857811668,0.3402365547826136,249318.6386236197,85841.40838015819,10
Duartina (SP),SP,0.06513233620586742,0.06708638926215013,19413.337398697247,1355.734571226335,10
Dumont (SP),SP,0.37878239795694785,0.38161429309485734,167534.78234786302,63034.52734514389,10
Durandé (MG),MG,0.0011307751930834816,0.0,21747.930931520514,23.07791910406909,10
Echaporã (SP),SP,0.14845863747872903,0.12032695749167341,148748.42610156452,22714.45041893494,10
Edealina (GO),GO,0.00239348466519619,0.0029238735681891667,240491.80890059174,574.213072900345,10
Edéia (GO),GO,0.18034114179020258,0.18588019339079528,1465004.5095800166,258769.87159301265,10
Eldorado (MS),MS,0.09498838835602087,0.09895428950055116,333880.93670406134,33704.48392860029,10
Eldorado (SP),SP,0.0,0.0,38436.69071635758,0.0,10
Elias Fausto (SP),SP,0.37654987048091326,0.37263466738877105,155335.8095166365,59030.842234937525,10
Elisiário (SP),SP,0.406471295243158,0.4039781895676584,103967.95018309623,42252.29401404467,10
Elói Mendes (MG),MG,0.0016347523633443433,0.0012708662992813615,85276.81318025762,124.13578061308156,10
Embaúba (SP),SP,0.4007909999024696,0.40359703540585457,101783.19340833026,40978.560227780465,10
Embu das Artes (SP),SP,0.0,0.0,1086.2872050312837,0.0,10
Embu-Guaçu (SP),SP,0.0,0.0,2492.9724628347,0.0,10
Emilianópolis (SP),SP,0.3364055911963261,0.334725942642438,115018.09446553912,38728.973356401904,10
Engenheiro Beltrão (PR),PR,0.03518912029024333,0.03394500769065682,564901.5217593333,21579.09766464485,10
Engenheiro Caldas (MG),MG,0.0007996318911589944,0.0,13352.043163612281,11.284660411641303,10
Engenheiro Coelho (SP),SP,0.2708941262884007,0.2618142478403984,64988.01166713673,17299.568181026134,10
Engenheiro Navarro (MG),MG,0.021684057059306348,0.01609985829418907,43092.282212196296,1011.6155938405278,10
Entre Folhas (MG),MG,0.010624156482210954,0.006845019972496032,8610.695158067236,113.4082606806107,10
Entre Rios de Minas (MG),MG,0.007559617015617706,0.004197549724550496,43582.09841915073,407.15160320136374,10
Entre Rios do Oeste (PR),PR,0.0005948965105435763,0.0006482860378382615,78910.28096706863,45.90032123080381,10
Enéas Marques (PR),PR,0.0007248442617363212,0.0007271099595696367,47559.219539785256,33.80268525640475,10
Ervália (MG),MG,0.0065231831475093,0.005028120237069304,62301.663744784615,391.32152481669306,10
Esmeraldas (MG),MG,0.017925250422129786,0.01850286151196502,38309.998814025144,691.266759671912,10
Espera Feliz (MG),MG,0.00027117653112795936,0.0002932760030708708,46842.44186976319,12.976412398858901,10
Esperança Nova (PR),PR,0.0,0.0,19763.65285456344,0.0,10
Espigão Alto do Iguaçu (PR),PR,0.0003005694100632366,0.000338382803140966,101260.5441113115,30.37142003356357,10
Espinosa (MG),MG,0.004508691262769116,0.0023245500393385852,70620.49914095123,340.5122118382635,10
Espírito Santo do Dourado (MG),MG,0.0,0.0,28357.772001382444,0.0,10
Espírito Santo do Pinhal (SP),SP,0.1776232295128764,0.17593926685951947,67477.40921752175,11969.670460275427,10
Espírito Santo do Turvo (SP),SP,0.23212808498575793,0.2210892400094186,69494.9934248584,16223.631990618189,10
Estiva (MG),MG,0.0,0.0,16885.42919605294,0.0,10
Estiva Gerbi (SP),SP,0.24430000334233548,0.2451158427943665,22459.431210928546,5616.427132458262,10
Estrela Dalva (MG),MG,0.015388289427640442,0.014752043388601956,10075.09267520464,155.83198456899316,10
Estrela d'Oeste (SP),SP,0.3618979148323642,0.35630101238813094,153658.13847428738,55416.77672980357,10
Estrela do Indaiá (MG),MG,0.04367337727443342,0.05065218007471703,80150.20533645262,3960.8863074566684,10
Estrela do Norte (GO),GO,0.0,0.0,25397.399256415843,0.0,10
Estrela do Norte (SP),SP,0.37515097540767584,0.3727343617971829,124518.51868000222,46705.69720449122,10
Estrela do Sul (MG),MG,0.0034344883448255924,0.0011484589411473725,148276.91668519028,466.526947518857,10
Euclides da Cunha Paulista (SP),SP,0.22936784859038345,0.2243232314464779,119543.41103203366,27396.654619701425,10
Eugenópolis (MG),MG,0.01558151567764296,0.015565738433994973,23482.47482703268,383.89707220057994,10
Ewbank da Câmara (MG),MG,0.0,0.0,4696.153097986109,0.0,10
Extrema (MG),MG,0.0,0.0,9850.381830964005,0.0,10
Faina (GO),GO,0.00020517856437616498,0.0,85057.06246791923,17.155985918428478,10
Fama (MG),MG,0.0,0.0,12182.35097947903,0.0,10
Faria Lemos (MG),MG,0.005996488237424045,0.005664255003993259,9880.382982680449,59.05323869302867,10
Farol (PR),PR,0.0003106524158056589,0.00015893204861441642,242651.0397649734,70.06767602636849,10
Fartura (SP),SP,0.09507512167280037,0.11073138293400982,90586.84739680466,8454.150739542305,10
Faxinal (PR),PR,0.0008343878299963872,0.0007581411809203468,185237.15835824676,131.27777473176172,10
Fazenda Nova (GO),GO,0.0,0.0,71528.51042757244,0.0,10
Fazenda Rio Grande (PR),PR,0.0,0.0,19918.167542555253,0.0,10
Felisburgo (MG),MG,0.004599034522961479,0.002023934443403476,21738.210807371775,101.42220594720006,10
Felixlândia (MG),MG,0.017411671780848185,0.015313624751785142,62276.68179633239,1094.6878838056261,10
Feliz Natal (MT),MT,0.0,0.0,2069296.9605324217,0.0,10
Felício dos Santos (MG),MG,0.0360372535096407,0.028291957715919448,15882.411840211435,647.55080996268,10
Fernandes Pinheiro (PR),PR,0.0,0.0,162402.78748181943,0.0,10
Fernandes Tourinho (MG),MG,0.016547787361004658,0.0038200231715568925,13345.705289760841,348.0052572277793,10
Fernando Prestes (SP),SP,0.3847126450190181,0.38163984711947607,170211.06947649544,65208.70490973488,10
Fernandópolis (SP),SP,0.37333097718905667,0.3686951618479516,297008.09981113963,110387.51534188897,10
Fernão (SP),SP,0.00030079058455807534,0.0003334440958068338,12103.323798786978,3.564690672860269,10
Ferraz de Vasconcelos (SP),SP,0.0,0.0,451.6087343303193,0.0,10
Ferros (MG),MG,0.03545511015112375,0.034977854723405435,47514.2958035501,1697.229891416405,10
Fervedouro (MG),MG,0.002401944228060675,0.001232920022602287,29701.284978285483,71.4779355940909,10
Figueira (PR),PR,0.004634336478531843,0.004076623913538992,31810.034096270105,148.47696211613618,10
Figueirão (MS),MS,0.00013552052206423343,0.0,282044.0119456884,38.2119938669321,10
Figueirópolis D'Oeste (MT),MT,0.0,0.0,66409.83977938148,0.0,10
Firminópolis (GO),GO,0.001117509200734824,0.0,133343.32978859352,60.60659837426558,10
Flor da Serra do Sul (PR),PR,0.00037774585052597666,0.00039231160741662254,75553.71956866863,29.28380005673619,10
Flora Rica (SP),SP,0.3170357474467099,0.3158404885001871,97334.56203596701,31020.214112372396,10
Floraí (PR),PR,0.037985649498151794,0.034957322527941724,221825.18930429508,8325.127977984983,10
Floreal (SP),SP,0.3582242521138915,0.3518473853730877,91663.44556148114,33538.31242151342,10
Flores de Goiás (GO),GO,0.001946809043159399,0.0,529583.703567453,788.9201472161326,10
Floresta (PR),PR,0.005588702372501067,0.004781834314067615,190707.42561317713,1112.0274495678145,10
Florestal (MG),MG,0.010483114513269134,0.008580701795656497,8756.455998935933,91.27092618574326,10
Florestópolis (PR),PR,0.0947254896474651,0.09498167686035516,398771.263589653,37532.91773006778,10
Florínea (SP),SP,0.271799271116907,0.2712363952041533,264552.85905455303,71835.82720386055,10
Flórida (PR),PR,0.05760194289788704,0.057162154997381934,81753.48705710615,4792.640083084224,10
Flórida Paulista (SP),SP,0.3665354148652471,0.3681954772961289,305197.72682498227,111531.8417524395,10
Formiga (MG),MG,0.0009981793655642157,0.0005943258799108542,331249.734912508,288.4500864269021,10
Formosa (GO),GO,0.0370981990365072,0.021902320368267163,506811.0084325756,18661.027262207856,10
Formosa do Oeste (PR),PR,0.00010487915839659908,0.00010973502922734113,239358.90510912903,24.79328051023668,10
Formoso (GO),GO,0.0,0.0,33122.62556928788,0.0,10
Formoso (MG),MG,0.0007311926048256606,0.0006468561205167597,423464.16469032964,283.92802795967873,10
Fortaleza de Minas (MG),MG,0.01401500707167388,0.0031665000749616793,25594.885865244745,452.44300436404967,10
Fortuna de Minas (MG),MG,0.013588304516550945,0.005510669106836079,11405.973516987357,180.39420339822712,10
Foz do Iguaçu (PR),PR,0.001724838383928818,0.0017042338278290504,163357.86184737817,278.0176958910944,10
Foz do Jordão (PR),PR,3.9467050772543545e-05,3.768711328113571e-05,132998.82655020658,5.28264570370643,10
Franca (SP),SP,0.23217853993449836,0.23401939735759786,110315.85555847187,27146.615841200226,10
Francisco Alves (PR),PR,0.0,0.0,230922.578393577,0.0,10
Francisco Badaró (MG),MG,0.0055795719924206216,0.004990195771164441,23822.896062797347,133.75825538411152,10
Francisco Beltrão (PR),PR,0.0013505491733428803,0.0011561938996932845,212286.4826676911,268.98752252738467,10
Francisco Dumont (MG),MG,0.007200319908543645,0.006999581364137369,40797.5028675039,307.09706806822317,10
Francisco Morato (SP),SP,0.0,0.0,862.1379256076619,0.0,10
Francisco Sá (MG),MG,0.003971966785131146,0.0027705491436857427,127758.0466933851,528.7661159523336,10
Franciscópolis (MG),MG,0.016473200691166145,0.01450123355556268,36465.96678733063,623.7554060161452,10
Franco da Rocha (SP),SP,0.0,0.0,2314.6730753413376,0.0,10
Frei Gaspar (MG),MG,0.012809711927416756,0.009676161611132168,31602.055940765982,423.94781113634554,10
Frei Inocêncio (MG),MG,0.0,0.0,29493.10488933882,0.0,10
Frei Lagonegro (MG),MG,0.028127681161774092,0.02088119791773483,10359.502219700662,314.911882206942,10
Fronteira (MG),MG,0.11064655319955988,0.10847865506108093,97643.12302074503,11762.372413232706,10
Fronteira dos Vales (MG),MG,0.014281906419203743,0.008276225017067942,13488.309254316708,213.79338085173515,10
Fruta de Leite (MG),MG,0.021261774212345142,0.020008266296126696,14362.225070510165,296.088333103936,10
Frutal (MG),MG,0.12944130133091727,0.12809592063315395,3500541.9411455775,450956.772817597,10
Funilândia (MG),MG,0.017136024418147988,0.013135031326783876,10330.908618238123,199.64060746587634,10
Fátima do Sul (MS),MS,0.05474049309326483,0.0485572646759898,210779.1620939699,11269.403058793263,10
Fênix (PR),PR,0.026423599737282866,0.027141259185468853,262301.41798732453,7076.879469983818,10
Gabriel Monteiro (SP),SP,0.35428119375841166,0.35512377791715066,79982.85194630292,28340.31822458544,10
Galiléia (MG),MG,0.0037879973072779778,0.004658395545041015,45373.08529400996,172.90946257600248,10
Gameleira de Goiás (GO),GO,1.600778883220588e-05,0.0,338604.1723218683,7.969965330716857,10
Gameleiras (MG),MG,0.00041925650581421756,0.0,55623.068412278204,23.571606582744636,10
Garça (SP),SP,0.0,0.0,73117.89584546344,0.0,10
Gastão Vidigal (SP),SP,0.36039221689891576,0.36593623422037336,108538.2407195262,38364.182274966064,10
Gavião Peixoto (SP),SP,0.34702288162741685,0.3462278437104477,151920.2821890923,52884.52233948852,10
Gaúcha do Norte (MT),MT,3.8434879354113416e-05,3.063839358017676e-05,2118307.690516363,72.55302728453883,10
General Carneiro (MT),MT,4.999080875602467e-05,3.329328806920381e-05,863630.4330945719,35.91950649846613,10
General Carneiro (PR),PR,0.0,0.0,52241.707979591956,0.0,10
General Salgado (SP),SP,0.32842999384378246,0.3248215179543443,218676.477881659,71657.80046731886,10
Getulina (SP),SP,0.333329477714874,0.33221716540192714,353918.4416948418,117303.97761172903,10
Glaucilândia (MG),MG,0.008551077103213556,0.010133596321873625,14180.92691791686,134.03966784657493,10
Glicério (SP),SP,0.3441611516621992,0.3522334076544773,190378.58987464878,65057.269452177265,10
Glória D'Oeste (MT),MT,0.07736892945086192,0.0783012157799847,251613.6091410413,19061.623053883453,10
Glória de Dourados (MS),MS,0.10494752983026723,0.09543179056231664,123753.25857209378,13966.96017809644,10
Godoy Moreira (PR),PR,0.0,0.0,61524.562148188874,0.0,10
Goiabeira (MG),MG,0.024700608369244016,0.03439239315262605,8985.776350209098,239.36563224844843,10
Goiandira (GO),GO,0.0021782990441602604,0.0023370761616854988,53851.58748023756,104.49022544896476,10
Goianira (GO),GO,0.07938262469596585,0.10467509880532251,53203.57631357377,5415.879664572976,10
Goianá (MG),MG,0.006130784884239884,0.006104972477739757,10078.332013271667,64.4480121553399,10
Goianápolis (GO),GO,0.0,0.0,30903.331816630733,0.0,10
Goianésia (GO),GO,0.19885636436743842,0.20406829051171488,1046467.6062584784,204051.15205030114,10
Goiatuba (GO),GO,0.15099145399016195,0.14779226140475993,2718872.9497696673,398228.41773637733,10
Goioerê (PR),PR,0.007316253226908329,0.009207505457068763,456154.4350224392,3218.5054138028804,10
Goioxim (PR),PR,4.826261042714723e-05,4.4640974393067297e-05,215825.40774787852,10.489528401494294,10
Goiás (GO),GO,0.0014729489962971181,0.0,197208.53713092313,275.0250343040959,10
Goiânia (GO),GO,0.0,0.0,24627.50230369797,0.0,10
Gonzaga (MG),MG,0.011439862090392017,0.004771510375579073,9707.344577242537,123.9390615817123,10
Gonçalves (MG),MG,0.002165214492110638,0.0016055779039310704,7141.5110527998695,16.155600677268172,10
Gouveia (MG),MG,0.014830194092896029,0.009967240168547527,20538.836973709833,346.29353313045874,10
Gouvelândia (GO),GO,0.2130906827537952,0.2193190162057097,1120634.4870710953,234321.51309809598,10
Governador Valadares (MG),MG,0.0029043423854802895,0.0032825575000712945,138296.58313009486,403.71830239480676,10
Grandes Rios (PR),PR,0.0013376079934235832,0.0017721962876433572,65971.87955238318,79.03158712796154,10
Grupiara (MG),MG,0.0,0.0,21522.777341187248,0.0,10
Grão Mogol (MG),MG,0.009149221155639346,0.008400237074134257,51419.66968064007,477.79263850268273,10
Guaimbê (SP),SP,0.20412767363154782,0.19634920807993198,67176.7876574476,13679.938761418049,10
Guairaçá (PR),PR,0.118077495405323,0.11781483032981879,478154.7529136024,55696.97398000441,10
Guaiçara (SP),SP,0.360467770510232,0.36288544965554603,149631.3996237503,53951.645207313726,10
Guamiranga (PR),PR,0.00019860848575825428,0.00021524771323447743,85513.16025464496,15.76131389407066,10
Guanhães (MG),MG,0.013149416247669642,0.007504979838341218,44029.63923413749,645.4356282381655,10
Guapiara (SP),SP,0.0,0.0,98597.78377986341,0.0,10
Guapiaçu (SP),SP,0.3827325071279183,0.381133939645228,279980.58890120924,107238.50217924266,10
Guapirama (PR),PR,0.035990324566358894,0.038021632000700786,132934.52464376832,4794.845852680678,10
Guaporema (PR),PR,0.12582627954832312,0.1271533351677542,388838.5353359395,48003.03278520744,10
Guapé (MG),MG,0.004319505479066882,0.002529859569314058,101437.64120788146,389.60440329547504,10
Guapó (GO),GO,0.001036216593345507,0.000867390503855386,51179.628887897925,40.51571103313131,10
Guaraci (PR),PR,0.10407126853521212,0.10981395209164835,235319.22789166906,24484.692240900113,10
Guaraci (SP),SP,0.3967211501625113,0.39311397881656895,718675.9641910967,284034.1094829624,10
Guaraciaba (MG),MG,0.021221951416216484,0.020569955635444497,34119.57290080867,735.541613889845,10
Guaraciama (MG),MG,0.005644836052856509,0.006226257194019988,17020.60469475662,90.35229645379381,10
Guarani (MG),MG,0.00489059223882084,0.003864633984142775,17689.798533697358,89.36934046308424,10
Guarani d'Oeste (SP),SP,0.3311133179848188,0.33031113509971266,32937.196384954215,10847.260982179381,10
Guarani de Goiás (GO),GO,0.0020043943838308244,0.0,38612.00241825308,74.7774831549944,10
Guaraniaçu (PR),PR,0.0010459366200342994,0.0011307932320608653,249094.56510476474,269.5193560125681,10
Guarantã (SP),SP,0.3093717162318565,0.3070277442923858,200436.23278494028,61508.19079128318,10
Guarantã do Norte (MT),MT,5.517850194218008e-05,5.1549665767641176e-05,371556.20908599504,19.347473942543687,10
Guaranésia (MG),MG,0.08724324723639729,0.08766395701237131,78833.40421524065,7795.41597672666,10
Guarapuava (PR),PR,1.5121300687833122e-05,1.3852746962224628e-05,1033376.6496658428,15.754388336534909,10
Guaraqueçaba (PR),PR,0.001672499853034471,0.0017930560135267387,59897.04570228044,100.2073373077873,10
Guararapes (SP),SP,0.3670515737096222,0.36877839155429093,755446.0084151372,276494.53504596837,10
Guararema (SP),SP,0.011024290884315894,0.00906702542988361,10460.12070757929,117.11227626741842,10
Guarará (MG),MG,0.013648383077759896,0.013105636513413649,6342.228138619563,87.09910022760646,10
Guaratinguetá (SP),SP,8.566558814962778e-05,0.0,101795.78982168244,8.396716913142185,10
Guaratuba (PR),PR,0.0020384003229387804,0.002050427198857908,51045.93323932272,104.62029169050761,10
Guaraçaí (SP),SP,0.36747318424379516,0.3667127348706075,419569.2375170351,153459.51761393162,10
Guaraíta (GO),GO,0.0,0.0,14773.839538876216,0.0,10
Guarda-Mor (MG),MG,0.00010502010907431752,3.0536723338023946e-05,961727.8787759313,83.96292418392471,10
Guareí (SP),SP,0.10821083177836514,0.08061900679862385,79956.63997311117,8927.668949245555,10
Guariba (SP),SP,0.37642917330597986,0.37424740208532303,410512.7910165556,153769.58752211172,10
Guarinos (GO),GO,0.0008172257279864057,0.0,23506.622415739166,19.76130105144481,10
Guarujá (SP),SP,0.0,0.0,2123.2698176154627,0.0,10
Guarulhos (SP),SP,0.0,0.0,4816.3207304196385,0.0,10
Guará (SP),SP,0.3771816496097715,0.3764872065456605,408017.0098336282,153783.01119452453,10
Guatapará (SP),SP,0.39377479128755727,0.3858472211417801,406561.76801928045,159533.7405691368,10
Guaxupé (MG),MG,0.04693790903966066,0.043099168813986906,53777.00251718151,2888.5874848259327,10
Guaíra (PR),PR,9.028839290971632e-05,0.00012718858674480728,481458.4986512088,42.51477968541741,10
Guaíra (SP),SP,0.31861473856933137,0.31748669316908557,1452578.8245326818,461227.005127955,10
Guia Lopes da Laguna (MS),MS,0.00022496785214153004,0.0001773284567207094,284965.7762405509,59.606168849552915,10
Guidoval (MG),MG,0.0034203955420436367,0.003722786267343318,13210.306671481996,45.14234310175625,10
Guimarânia (MG),MG,0.0001356007587494611,0.00013675776974211862,109110.55631193442,14.198381630935142,10
Guiratinga (MT),MT,2.763620075867388e-05,2.770418776543079e-05,949464.265556519,25.91910437128258,10
Guiricema (MG),MG,0.011850968361864287,0.01169832792640325,26190.630172314242,311.22827409004356,10
Gurinhatã (MG),MG,0.11620738660239376,0.11827152274532082,526992.2640733653,61051.02509842106,10
Guzolândia (SP),SP,0.2697581513626911,0.2731884856471852,62452.56706244484,16732.209965323953,10
Gália (SP),SP,0.0,0.0,33724.48976753025,0.0,10
Heitoraí (GO),GO,0.04274098088253011,0.0,29186.744859785613,1717.6382112220679,10
Heliodora (MG),MG,0.003491091002334961,0.003842497354190913,25714.7021530951,89.59629424287291,10
Herculândia (SP),SP,0.2490774541893767,0.24594475827498596,267404.8843008421,66507.4153867589,10
Hidrolina (GO),GO,0.08586767110377147,0.07919268742786187,80542.72091572339,6880.852302570245,10
Hidrolândia (GO),GO,0.001024209885005948,0.001302093581894598,102843.7441820115,67.24862968666721,10
Holambra (SP),SP,0.16037725796984015,0.1548716411105983,22205.905381068853,3553.9430434695114,10
Honório Serpa (PR),PR,4.0006812516642756e-05,3.729380117664416e-05,195316.13938193937,7.566268780049053,10
Hortolândia (SP),SP,0.0,0.0,1140.9955602652235,0.0,10
Iacanga (SP),SP,0.373806618317821,0.380121519030156,405973.71689822816,150348.95139134524,10
Iaciara (GO),GO,0.001306289818990025,0.0,88346.94574555493,109.81358301476568,10
Iacri (SP),SP,0.25845284213406955,0.2699902930695818,175636.67683471777,46884.652710410584,10
Iapu (MG),MG,0.005270473696421524,0.003708099682068881,22209.017313863522,121.0086693586049,10
Iaras (SP),SP,0.22076376916284945,0.22621385502943395,117453.82251983426,25434.766986934676,10
Ibaiti (PR),PR,0.06133073498496514,0.06766532061767902,364630.20204198663,24046.999302246764,10
Ibaté (SP),SP,0.40493686245739513,0.4042448165409189,274771.99266690225,110756.57697971707,10
Ibema (PR),PR,0.0007391235015212492,0.0007437982053735471,66321.26849468189,49.02285089701137,10
Ibertioga (MG),MG,0.003757897186989479,0.0006126321795263859,43522.273779333256,96.0568940978482,10
Ibiaí (MG),MG,0.002385235104110886,0.0015015414326963483,62071.85250259627,131.9746348046162,10
Ibiporã (PR),PR,0.0,0.0,232940.92914177247,0.0,10
Ibiracatu (MG),MG,0.022324598342655117,0.02223372048420928,13967.187690670928,324.47000664341937,10
Ibiraci (MG),MG,4.0718084157194186e-05,0.0,54539.61281752598,1.750927702343763,10
Ibirarema (SP),SP,0.19779373724989707,0.19861349970798708,249099.81796790677,49464.6541230507,10
Ibirité (MG),MG,0.0,0.0,698.7759360656461,0.0,10
Ibirá (SP),SP,0.38604023566572654,0.3800046433970017,246567.82371654807,94762.54307334077,10
Ibitinga (SP),SP,0.367559764657831,0.367249175779709,618948.67821487,227550.54112943032,10
Ibitiúra de Minas (MG),MG,0.0,0.0,6658.540984250481,0.0,10
Ibituruna (MG),MG,0.012749808997522904,0.017764373809140102,15052.31226015461,177.72795964000795,10
Ibiá (MG),MG,0.006454066587107158,0.00019932686958776746,862140.8494199228,5311.994077331105,10
Ibiúna (SP),SP,0.0,0.0,43087.554118149936,0.0,10
Icaraí de Minas (MG),MG,0.016387632331071322,0.016947946956681337,49215.85000874668,807.7152882707363,10
Icaraíma (PR),PR,0.10098486159261646,0.09589919625987729,389992.8481676535,39976.45207469745,10
Icém (SP),SP,0.3530186748556222,0.34709282465199753,194718.16066530236,69424.59353275417,10
Iepê (SP),SP,0.24274859562509016,0.24772527020454888,437443.4986822584,107096.65516538973,10
Igarapava (SP),SP,0.38414926022367046,0.3847646421792688,425926.2776752189,163544.71752009683,10
Igarapé (MG),MG,0.027251673782477163,0.025241183957153156,3942.522954052802,116.18625337850344,10
Igaratinga (MG),MG,0.00166301062179139,0.0004894036551546643,12209.162378445337,21.169194542179998,10
Igaratá (SP),SP,0.0,0.0,10039.506327176048,0.0,10
Igaraçu do Tietê (SP),SP,0.4106977233424803,0.40875598530804913,118212.63503683108,48505.940148635724,10
Iguape (SP),SP,0.0,0.0,76837.55905378851,0.0,10
Iguaraçu (PR),PR,0.042267644076578806,0.05001184212621636,195616.29011614298,8847.67752556667,10
Iguatama (MG),MG,0.09704530906397846,0.09593509123402555,419423.0064488244,40358.39506768821,10
Iguatemi (MS),MS,0.060688523302380615,0.05415627441779715,537379.5476411387,32815.40620020866,10
Iguatu (PR),PR,0.0004727221023241102,0.0005397568043928781,62244.98728920803,30.51245882777976,10
Ijaci (MG),MG,0.001940028848075475,0.002122972653264595,11438.521276886042,22.746144781696387,10
Ilha Comprida (SP),SP,0.0,0.0,2859.7825007562365,0.0,10
Ilha Solteira (SP),SP,0.3497950812871469,0.3652343269283862,298331.474170748,108267.45825113342,10
Ilhabela (SP),SP,0.0,0.0,5042.107538557258,0.0,10
Ilicínea (MG),MG,0.0,0.0,41109.17771463513,0.0,10
Imbaú (PR),PR,0.0,0.0,37225.82378884113,0.0,10
Imbituva (PR),PR,0.0,0.0,326400.9187723875,0.0,10
Imbé de Minas (MG),MG,0.003666268371011746,0.00020185106107628047,22742.153161514318,96.41517080152744,10
Inaciolândia (GO),GO,0.18664090792368596,0.1928791276353631,863226.853890216,157001.50619074982,10
Inajá (PR),PR,0.12103639036495828,0.12184177174516012,235304.11228058417,28512.174290814906,10
Inconfidentes (MG),MG,0.003489877699035568,0.0011764032569410569,16571.742367063263,52.21350820467406,10
Indaiabira (MG),MG,0.04540391756558095,0.03281420664017082,48939.47332849239,2940.9965933067283,10
Indaiatuba (SP),SP,0.25032988756477115,0.238269789435335,61191.524002112186,15287.733170810872,10
Indiana (SP),SP,0.035047558187925626,0.03735557109769563,13743.878494427965,463.01924770145,10
Indianópolis (MG),MG,0.00031317438814198995,0.00022377753608952947,362068.9064111371,101.9524605033811,10
Indianópolis (PR),PR,0.11231143826343457,0.11466661462726946,167167.42807310144,18365.522747268737,10
Indiaporã (SP),SP,0.3337962728093317,0.33134859800779926,107230.74078018477,35742.50039861934,10
Indiara (GO),GO,0.12878277455334336,0.1303049072879825,515680.6752537723,62942.761271434545,10
Indiavaí (MT),MT,0.00014085356734608957,0.0,44454.264605155004,6.0586593191590286,10
Ingaí (MG),MG,0.0,0.0,69108.5234931463,0.0,10
Inhapim (MG),MG,0.005748731263759528,0.0034387674365282572,70290.68182389958,477.87826827246914,10
Inhaúma (MG),MG,0.007179270095033008,0.006246774162352755,15843.103742622683,115.84990128818134,10
Inhumas (GO),GO,0.17365186948622402,0.16915654292072385,317221.41478314553,55268.26265614889,10
Inimutaba (MG),MG,0.0058551600472283305,0.0,22828.30504583072,209.65067233630464,10
Inocência (MS),MS,0.0,0.0,317565.85740399675,0.0,10
Inácio Martins (PR),PR,0.0,0.0,63386.0051214033,0.0,10
Inúbia Paulista (SP),SP,0.3666292531005184,0.36526021050963,47994.39013599688,17641.753435861112,10
Ipaba (MG),MG,0.003761338008326914,0.003944091472423695,4849.330718078768,14.602730780333532,10
Ipameri (GO),GO,0.0283042375997668,0.02241300623809237,1334352.5005144342,36500.13337116965,10
Ipanema (MG),MG,0.0018798868063293333,0.0019447579373305691,27395.068681456174,51.534339448860635,10
Ipatinga (MG),MG,0.0016928377408386903,0.0018514932555145688,3113.6935438968576,5.385113839528243,10
Ipaussu (SP),SP,0.38782948059581407,0.37989001458882954,284223.4308711225,109870.29367767685,10
Iperó (SP),SP,0.23284624486540717,0.23027921937020207,29905.861541654092,7563.741068600988,10
Ipeúna (SP),SP,0.3732910258145242,0.3731801570008408,89990.25924898959,33523.34346977671,10
Ipiaçu (MG),MG,0.09213340891255326,0.09508753235426814,453036.0679054826,42032.1104256222,10
Ipiguá (SP),SP,0.35504807212611644,0.34551900597921253,63163.47704521949,22637.610235094213,10
Ipiranga (PR),PR,0.0,0.0,285917.30342261173,0.0,10
Ipiranga de Goiás (GO),GO,0.1982416882355484,0.20007708308293548,174709.5808978396,33984.77512604662,10
Ipiranga do Norte (MT),MT,0.0,0.0,3263814.351953771,0.0,10
Iporanga (SP),SP,0.0032246445587546884,0.0021028153266156847,22765.843475708967,74.01326231298239,10
Iporá (GO),GO,0.00016400897653730406,0.0,123617.61426782284,12.09947254935692,10
Iporã (PR),PR,0.0022297731044500966,0.0,253529.32157158997,444.9465370048745,10
Ipuiúna (MG),MG,0.0,0.0,34863.6388528395,0.0,10
Ipuã (SP),SP,0.3465562906357272,0.3444035059025554,544602.2594940182,188319.44839801016,10
Iracema do Oeste (PR),PR,0.00040910186971629956,0.0003208896017314959,95743.93966555454,37.73416504470344,10
Iracemápolis (SP),SP,0.40563211599212556,0.4030628110005143,136534.84093929175,55375.224477255164,10
Irapuru (SP),SP,0.3338722781123388,0.3294225091733263,78105.22750463724,26022.828496611044,10
Irapuã (SP),SP,0.35879021460964944,0.35484126164756397,222299.67263887933,79336.23987647412,10
Irati (PR),PR,0.0,0.0,442117.47021793,0.0,10
Iraí de Minas (MG),MG,0.008914180280028485,0.0,107612.5702109831,902.7728329313044,10
Iretama (PR),PR,1.5901847811452786e-05,0.0,125335.01216261096,1.700101230464385,10
Israelândia (GO),GO,0.0,0.0,33835.944698711566,0.0,10
Itaberaí (GO),GO,0.04507273042814297,0.038755548231044566,533719.3746101665,21486.378724740658,10
Itaberá (SP),SP,0.0004340203472255633,0.0,654002.6692300076,246.13724507609118,10
Itabira (MG),MG,0.016327319658863852,0.01334421801777891,38172.782323074825,637.1896249682994,10
Itabirinha (MG),MG,0.006197023011714242,0.0020205893649803235,15063.800845780435,104.618419157737,10
Itabirito (MG),MG,0.03137121847915724,0.0183956572607712,12071.677055525008,592.3764991572182,10
Itacambira (MG),MG,0.0029083815620607315,0.0024342364190847853,28007.697873800473,82.56712835302291,10
Itacarambi (MG),MG,0.005207465974387444,0.0022231661945716465,62218.1410989502,346.015707035498,10
Itaguajé (PR),PR,0.12164674545279444,0.12368587487983482,253686.10706253414,30342.727235312967,10
Itaguara (MG),MG,0.06366459047038306,0.06517257364010673,40876.906262023986,2621.896197835916,10
Itaguari (GO),GO,0.0023236051549205224,0.0,17261.710706420174,29.70871967460753,10
Itaguaru (GO),GO,0.0,0.0,22106.527334507162,0.0,10
Itaipulândia (PR),PR,0.0013700359695346536,0.0010504036239525714,154597.9590190021,205.5822526896998,10
Itaipé (MG),MG,0.03177134844443324,0.026373565145934377,20810.789567961183,727.2493283383254,10
Itajobi (SP),SP,0.3903311112822174,0.38853651924162297,482701.4102883715,187612.08082869492,10
Itaju (SP),SP,0.3341968832242954,0.3401376587688854,142336.06590652379,47226.75271414969,10
Itajubá (MG),MG,0.005164319475822367,0.0045594317020181095,14579.281989542782,74.8452733656521,10
Itajá (GO),GO,0.0029461742679851603,0.0,121540.5579871444,510.8952135074908,10
Itamarandiba (MG),MG,0.0216642698915543,0.025112773893921088,49237.99221814495,1078.4953380822785,10
Itamarati de Minas (MG),MG,0.026656785597504527,0.027015206432781796,6960.6734748450845,255.81882609179107,10
Itambacuri (MG),MG,0.007477794133441133,0.006273399730155211,70646.52121294054,541.3690047968619,10
Itambaracá (PR),PR,0.061448192630149466,0.06020892030246812,330953.53974878107,20366.67602278727,10
Itambé (PR),PR,0.016508990507603186,0.014654091358357688,276934.6599409715,4560.835331594489,10
Itambé do Mato Dentro (MG),MG,0.008256516789651853,0.006072912549538233,10092.577197438626,84.77210734830135,10
Itamogi (MG),MG,0.04843482078570989,0.06799540337310729,50232.13515187235,2723.7588231538266,10
Itamonte (MG),MG,0.006019483869853074,0.0029828750354120833,10110.407807683912,70.8407109425443,10
Itanhandu (MG),MG,0.009270369991094388,0.0018968780506593984,7483.186188445686,81.85512574757065,10
Itanhangá (MT),MT,1.680938940827447e-05,8.920837058597858e-06,1256948.9885573152,14.383295992210442,10
Itanhaém (SP),SP,0.0,0.0,13635.322058308922,0.0,10
Itanhomi (MG),MG,0.0007376840290202766,0.0002865549218825075,33817.83194268419,25.23481111221054,10
Itaobim (MG),MG,0.00785958681708474,0.005749936928702028,20066.409416372797,171.9176105840103,10
Itaoca (SP),SP,0.014083824964954311,0.015945466775058377,7452.534011570899,105.48568906867534,10
Itapaci (GO),GO,0.1757695693461247,0.17904727948709132,284695.63993331644,49116.433928312435,10
Itapagipe (MG),MG,0.13200011442581733,0.13571454885788276,1061198.3739441363,139704.86471172143,10
Itapecerica (MG),MG,0.02171117356168694,0.015134858585623358,71295.45554213911,1819.9765060536897,10
Itapecerica da Serra (SP),SP,0.0,0.0,2418.2794640719,0.0,10
Itapejara d'Oeste (PR),PR,0.0001152830737745209,0.00010743366191764584,181978.5561310388,21.05397711767539,10
Itaperuçu (PR),PR,0.0,0.0,41441.16775980341,0.0,10
Itapetininga (SP),SP,0.09568109987787099,0.08787392894950387,524863.7224463221,50731.410289455904,10
Itapeva (MG),MG,0.00017370548705823865,0.0,10041.633585279713,1.626217458687716,10
Itapeva (SP),SP,0.013979244436524499,0.013181269594123243,1350667.87616397,18226.102534302114,10
Itapevi (SP),SP,0.0,0.0,1503.8556226034598,0.0,10
Itapira (SP),SP,0.2034578985413394,0.23424386452441504,98536.00244020409,21566.04814263851,10
Itapirapuã (GO),GO,0.0,0.0,143968.93224194305,0.0,10
Itapirapuã Paulista (SP),SP,0.007777564985835109,0.008872592735040728,8886.242716671672,68.60417576896961,10
Itaporanga (SP),SP,0.0017434683720511236,0.0,149576.44658617725,183.86652440211893,10
Itaporã (MS),MS,0.0030401798075731013,0.000930963242040637,1241638.6204793034,3367.6693318705134,10
Itapura (SP),SP,0.34664978858017526,0.3481442897946606,223548.03489344235,77514.82906471507,10
Itapuranga (GO),GO,0.16496132581762224,0.16734084797059667,295916.456912392,48346.16949720466,10
Itapuí (SP),SP,0.39841442013323686,0.392827507053614,151686.12011003026,60372.251197459685,10
Itaquaquecetuba (SP),SP,0.0,0.0,1354.1340116214683,0.0,10
Itaquiraí (MS),MS,0.05870775616628896,0.06399033996227457,787038.2789587756,49031.55819056121,10
Itararé (SP),SP,0.00029139583307779675,0.00032742972431040436,347752.9811172694,106.66995389059832,10
Itariri (SP),SP,0.0,0.0,9683.809193946556,0.0,10
Itarumã (GO),GO,0.1345968947332717,0.1337665495774752,576253.1372743711,79174.30649425586,10
Itatiaiuçu (MG),MG,0.01599572242736782,0.010058353432849351,10839.48471585488,187.57321263645014,10
Itatiba (SP),SP,0.027613876808486537,0.022733756094586787,26993.014749353908,729.4022455663302,10
Itatinga (SP),SP,0.2570680426048131,0.2702609374318895,145786.58444967036,38489.18928686529,10
Itauçu (GO),GO,0.0,0.0,35649.6985932347,0.0,10
Itaverava (MG),MG,0.017019270705621307,0.017774393511837638,23060.21981305546,376.6557950768189,10
Itaí (SP),SP,0.15574409002415576,0.13106243523958902,611426.0403317256,94957.88113456135,10
Itaú de Minas (MG),MG,0.0204722670926778,0.0004821499756676343,33687.120017383466,794.4678096162869,10
Itaúba (MT),MT,4.51723783932853e-05,3.987837172701139e-05,765977.7859931068,29.02121091381553,10
Itaúna (MG),MG,0.003580771998825625,0.0015275497187104388,23712.27554075653,89.6937943601903,10
Itaúna do Sul (PR),PR,0.11749116016367249,0.1186397112546663,132548.05930596692,15475.150178462896,10
Itinga (MG),MG,0.00665196592387198,0.006347518895078762,43148.573713338774,287.0115419990484,10
Itiquira (MT),MT,0.011731477183642007,0.011990659561319155,3173886.4470330835,36229.94733298601,10
Itirapina (SP),SP,0.34301343992653305,0.34294268690713725,130719.09833475205,44720.8601437572,10
Itirapuã (SP),SP,0.2044991411022788,0.20395255460325612,25131.359304841804,5162.219262239544,10
Itobi (SP),SP,0.09309440866105709,0.08896739365350285,65799.9879183119,6316.240297975539,10
Itu (SP),SP,0.20389906455741985,0.2030133557872072,55143.48986715927,11287.304319126217,10
Itueta (MG),MG,0.0018060856256861934,0.0017276938882708898,29972.400834563745,55.031183859632954,10
Ituiutaba (MG),MG,0.11085984866617522,0.11222234088540377,1933809.3443408029,214218.96635302415,10
Itumbiara (GO),GO,0.1805135455796009,0.18241480137111454,2227880.4232724165,390833.3957591224,10
Itumirim (MG),MG,0.003088697449114099,0.0022140125229884147,26421.84213126885,77.80340488473533,10
Itupeva (SP),SP,0.003908993826934328,0.003577996474884313,16460.12981823071,60.23858214041613,10
Iturama (MG),MG,0.1392647948224872,0.13881946395416173,1866097.0218352377,259623.5183994263,10
Itutinga (MG),MG,0.0,0.0,77740.99553452601,0.0,10
Ituverava (SP),SP,0.3710206871911508,0.3752193657136713,861693.0897747012,320315.851177529,10
Itápolis (SP),SP,0.33887512121916,0.3387135268306243,784428.294864486,266011.4875543492,10
Ivaiporã (PR),PR,7.821192644112785e-05,0.0,196156.38242648833,12.14358021760275,10
Ivatuba (PR),PR,0.0,0.0,126738.06218580047,0.0,10
Ivaté (PR),PR,0.11453555811202436,0.11196546349902807,485862.9529263431,56057.06055479619,10
Ivaí (PR),PR,0.0007511796372711651,0.000766273595344666,225324.96694491236,165.44709920275056,10
Ivinhema (MS),MS,0.2308033513029608,0.2297145300963538,1606364.4771778907,366380.733136249,10
Ivolândia (GO),GO,0.02762145566937215,0.026515637910878024,86523.46701986517,2531.630946687371,10
Jaborandi (SP),SP,0.3734741608321584,0.3704284346369373,347759.0332835251,129501.43954257162,10
Jaboti (PR),PR,0.02536272976430099,0.02991556205301645,50035.9934477509,1213.3261194712677,10
Jaboticabal (SP),SP,0.37381972693251814,0.36343979836180745,1175187.4272904068,435579.5537550232,10
Jaboticatubas (MG),MG,0.02735791627922904,0.02571788056492927,29777.919860787206,825.0997481803679,10
Jacarezinho (PR),PR,0.12263297189942776,0.12402716499290173,1267598.2943835228,155700.38046446085,10
Jacareí (SP),SP,0.0009753442941860514,0.0011737232200483368,19219.967006543568,18.90866448474666,10
Jaci (SP),SP,0.3905960114142077,0.3907399340970996,137460.59426492377,53433.935567483444,10
Jaciara (MT),MT,0.033958328793201153,0.04116602605134433,1035608.349264952,38901.851837468654,10
Jacinto (MG),MG,0.0008751109571926228,0.0,59158.930028723174,57.6312149434053,10
Jacupiranga (SP),SP,9.15033282928876e-05,0.00012939043419856733,20110.784500053986,1.784355640755922,10
Jacutinga (MG),MG,0.042165515053015,0.0364347176121886,39148.821008513,1757.0028441476006,10
Jacuí (MG),MG,0.005716188956485724,0.0019513488670508707,43953.70867555447,223.06862423116172,10
Jaguapitã (PR),PR,0.10162530856422322,0.10168911626230567,621183.7641680085,61979.87342816497,10
Jaguaraçu (MG),MG,0.00836898282813887,0.00697335448708075,5299.341208772099,45.78597203931408,10
Jaguariaíva (PR),PR,1.695485798105075e-05,1.8222173186372174e-05,251819.81562869455,4.961189218654895,10
Jaguariúna (SP),SP,0.34178840308766595,0.3387751283782267,56209.17515991195,19264.7528750998,10
Jales (SP),SP,0.3424032891717588,0.3419643570020685,121689.29843005647,41562.65674451507,10
Jambeiro (SP),SP,0.0012573997471385713,0.0,9083.529545990676,11.395376558142477,10
Jampruca (MG),MG,0.006008483387100411,0.0013481378287908833,32481.789472562526,276.79280399696364,10
Janaúba (MG),MG,0.0004995156181536982,0.0003570758692667894,118702.50359543935,60.43062843149296,10
Jandaia (GO),GO,0.16145818541074056,0.16627976945525905,485184.3368518164,76323.27152880782,10
Jandaia do Sul (PR),PR,0.09424659737498685,0.09307350803242286,166014.3921006505,15434.257127009292,10
Jandira (SP),SP,0.0,0.0,257.42253707676736,0.0,10
Jangada (MT),MT,0.03287014715673991,0.033878622258659764,65055.43300028452,2049.381281210626,10
Janiópolis (PR),PR,0.0,0.0,256582.45743823345,0.0,10
Januária (MG),MG,0.016747229967068993,0.015426522097141276,118783.91928547846,1996.4523385747036,10
Japaraíba (MG),MG,0.1360458016651028,0.13680582454477203,250013.3707172169,34080.794530660205,10
Japira (PR),PR,0.010034480826510895,0.010532721620768211,84037.07230004661,816.5582519435598,10
Japonvar (MG),MG,0.024866235036564592,0.024865145584481392,17691.17892332118,466.741630378449,10
Japorã (MS),MS,0.0,0.0,56308.21559704823,0.0,10
Japurá (PR),PR,0.06988812524521545,0.07318567472140017,234684.94704116834,16493.087557226125,10
Jaraguari (MS),MS,0.00022200108293784978,0.00021641789140795607,355246.3819586241,67.94897549796019,10
Jaraguá (GO),GO,0.014775160547650495,0.016382053518978194,141089.69635525084,2084.825365154711,10
Jardim (MS),MS,0.00025340517870197016,0.00018685055108631212,281716.515410694,65.11095037605213,10
Jardim Alegre (PR),PR,0.0001897066469996375,0.0,143068.88131690765,21.0488723771781,10
Jardim Olinda (PR),PR,0.11049327309398835,0.10965260043374657,168663.44864607023,18373.20969000092,10
Jardinópolis (SP),SP,0.38360544447737743,0.37339104010127727,605037.3921605048,230682.64234864313,10
Jarinu (SP),SP,0.011257653663015415,0.01132057268554868,10219.323827465232,114.84932690123166,10
Jataizinho (PR),PR,0.0,0.0,96221.88202337566,0.0,10
Jataí (GO),GO,0.047024421577843464,0.047845773151568016,6237531.928888322,286750.72521097393,10
Jateí (MS),MS,0.17756260620521638,0.1829127106066581,927545.1578610224,162989.9548866019,10
Jaupaci (GO),GO,0.0,0.0,44727.1503079459,0.0,10
Jauru (MT),MT,0.0,0.0,92457.32087523658,0.0,10
Jaíba (MG),MG,0.11514403368081502,0.1145383966290908,750114.088530971,86098.75109429499,10
Jaú (SP),SP,0.39117221389485546,0.38926412578351155,744044.1106838922,289734.41988745186,10
Jeceaba (MG),MG,0.007908364170002952,0.009297003133897273,14253.21499080547,108.70037533865025,10
Jenipapo de Minas (MG),MG,0.008957643267133398,0.006358272474339182,11004.774786657223,101.88949991515021,10
Jequeri (MG),MG,0.04806187707118332,0.04915994969470228,66400.99561414338,3234.6538523764743,10
Jequitaí (MG),MG,0.006627931902499698,0.006214458558890302,49164.84742985311,326.3417499419444,10
Jequitibá (MG),MG,0.04332393866608157,0.04112883191407421,27494.895462150118,1195.7732469929672,10
Jequitinhonha (MG),MG,0.008012859852917062,0.007527048268338677,72138.28072649355,595.7859363555058,10
Jeriquara (SP),SP,0.34066186307039925,0.3372428707194699,100407.73360389614,34095.38960070853,10
Jesuânia (MG),MG,0.0004248346958021168,0.0,16671.056793690077,7.421784876691394,10
Jesuítas (PR),PR,0.003597461183811506,0.003963274808086394,205948.25564095133,685.3566701791259,10
Jesúpolis (GO),GO,0.0,0.0,9064.170438651954,0.0,10
Joanésia (MG),MG,0.01349860838099463,0.015299990113368168,14213.140719653284,194.9411630777543,10
Joanópolis (SP),SP,0.0,0.0,13877.295855296892,0.0,10
Joaquim Felício (MG),MG,0.019922396718897985,0.022653280025968787,29213.02443384329,587.1529569786658,10
Joaquim Távora (PR),PR,0.003837600301645877,0.0036555701264144053,64049.028758015396,238.0528761899786,10
Joaíma (MG),MG,0.0026522418034063376,0.001961717948581612,54798.56428570007,144.589506269473,10
Jordânia (MG),MG,0.006605652188744461,0.0046320137849966015,30635.78948241746,205.28249085264423,10
Josenópolis (MG),MG,0.0021370131296559163,0.0025516949674145783,8913.190702341282,18.704776034395547,10
José Bonifácio (SP),SP,0.34625627315329255,0.3469236943706371,677621.1701736165,234526.82901189534,10
José Gonçalves de Minas (MG),MG,0.021570060729510388,0.01883431149170151,13952.001975054853,301.9830899797524,10
José Raydan (MG),MG,0.03153987642978292,0.02758651551240179,13908.792913349767,474.36779096312335,10
Joviânia (GO),GO,0.04523956385065466,0.04584478701671163,326020.3019158227,14397.321621856909,10
João Monlevade (MG),MG,0.01034039031605596,0.013303758745943849,1906.2545672256992,21.09885494443238,10
João Pinheiro (MG),MG,0.11832521241307765,0.12271629302010115,2266043.5120290695,269282.72910931235,10
João Ramalho (SP),SP,0.33995766683038287,0.328207423917833,313464.74178871966,108829.77618338077,10
Juara (MT),MT,6.309700146725907e-06,6.477170501149368e-06,1279857.2382513317,7.255302728453881,10
Juatuba (MG),MG,0.007287619270028384,0.010203345442396677,3573.1945441774487,25.42053502381645,10
Juiz de Fora (MG),MG,0.003824204556120484,0.002654496309926478,61765.78719692966,239.05105933430946,10
Jumirim (SP),SP,0.2769953564135973,0.2769989489245469,13191.414523587402,3618.0508740801183,10
Jundiaí (SP),SP,0.0,0.0,15957.968150755365,0.0,10
Jundiaí do Sul (PR),PR,0.007598083099353714,0.006051313117076624,139897.86659643974,1076.3508557449297,10
Junqueirópolis (SP),SP,0.3638218337118251,0.3643218059331661,407119.6322389084,147830.30533367203,10
Juquitiba (SP),SP,0.0,0.0,7905.96416144903,0.0,10
Juquiá (SP),SP,0.0,0.0,19749.76844016974,0.0,10
Juramento (MG),MG,0.009026032840669494,0.005002133659155304,21425.243312746075,232.44620643108593,10
Juranda (PR),PR,0.0,0.0,416213.4919977396,0.0,10
Juruaia (MG),MG,0.01660660384595254,0.016505428396459486,34642.0927253121,588.2350398752008,10
Juruena (MT),MT,0.0,0.0,130903.73736799357,0.0,10
Juscimeira (MT),MT,0.00011834537190819126,0.0,450602.9615065905,45.089247102260316,10
Jussara (GO),GO,0.0,0.0,320876.4345601093,0.0,10
Jussara (PR),PR,0.0844443730222799,0.08642352579412788,364065.2345825426,30547.487457271196,10
Juti (MS),MS,0.17316498539324213,0.17209128630019827,697499.0918233636,120211.24806858455,10
Juvenília (MG),MG,0.004780691310559513,0.0003932206770807877,35807.227206387026,158.0044852618165,10
Juína (MT),MT,0.008717364987470139,0.009210836497688047,596124.2309358872,4691.101476763618,10
Júlio Mesquita (SP),SP,0.09378261995942802,0.01716176382694922,21002.214250707042,2142.9944020396765,10
Kaloré (PR),PR,0.017610408266678597,0.014094634497513768,162627.89552612338,2841.667201015988,10
Ladainha (MG),MG,0.022053672517726258,0.014145326399924763,32683.655435048655,718.5679433977901,10
Ladário (MS),MS,0.00037040120102955045,0.0,6720.18068881457,2.655036569820018,10
Lagamar (MG),MG,0.0001681719589973775,0.0,130852.04895778954,20.9602625752253,10
Lagoa Dourada (MG),MG,0.0012216048043095082,0.0,159135.9574607533,139.3866572603455,10
Lagoa Formosa (MG),MG,0.00028364266333643853,0.00011692072544352014,237956.3785307738,58.915107402744184,10
Lagoa Grande (MG),MG,0.0009263450853204821,0.0004133627633905562,133670.66672183975,125.88154552928339,10
Lagoa Santa (GO),GO,0.0,0.0,28412.69717009653,0.0,10
Lagoa Santa (MG),MG,0.005238086622543838,0.003689666335690233,6871.249843574244,37.18850648304821,10
Lagoa da Prata (MG),MG,0.14003020556985873,0.14247040246972453,491725.61511375586,68521.68486991782,10
Lagoa dos Patos (MG),MG,0.0017589321827176196,0.0010200020337339465,27710.855770947775,49.90719265804404,10
Lagoinha (SP),SP,0.0024129140966340674,0.0021493692441836103,16598.667197127055,39.94463325305897,10
Laguna Carapã (MS),MS,0.028802062002520546,0.029667520296496098,1386450.4141660926,39207.453130047084,10
Lajinha (MG),MG,0.0008511152084032536,0.0010158796023004915,40791.149865128114,35.0508282568078,10
Lambari (MG),MG,0.00028190491885626986,0.00033338409947350955,23297.084751158436,6.303862756647225,10
Lambari D'Oeste (MT),MT,0.08544598887151102,0.08685907071223055,893932.9518733341,74330.8577257483,10
Lamim (MG),MG,0.05129715292725815,0.044217007875505865,13017.724816817374,707.5240215347957,10
Lapa (PR),PR,0.0,0.0,495198.22033562436,0.0,10
Laranjal (MG),MG,0.005017269051697752,0.0004868467390805195,13352.236056791064,77.88954328976224,10
Laranjal (PR),PR,0.00042299845383230876,0.0004191300668767087,61266.47415381462,25.922796088560197,10
Laranjal Paulista (SP),SP,0.1389894030439675,0.06135926528482393,95209.60073354721,18342.34308752215,10
Laranjeiras do Sul (PR),PR,0.00030253620603673623,0.00037097093926982986,203871.66241269198,68.0576803253087,10
Lassance (MG),MG,0.008129799338291492,0.00893951879636188,60177.70268107656,493.208717023811,10
Lavras (MG),MG,0.0029809590245403923,0.002312589302190491,106951.91099247863,320.17157200986605,10
Lavrinhas (SP),SP,0.0,0.0,7912.005810729664,0.0,10
Lavínia (SP),SP,0.3841603915558092,0.3814591459056577,400735.64749117265,153063.59433091144,10
Leandro Ferreira (MG),MG,0.0012178739498470551,0.00143165441717137,16112.57003178121,19.583489394255405,10
Leme (SP),SP,0.36048151952192004,0.361518529898381,428399.95485004946,154545.4465258143,10
Leme do Prado (MG),MG,0.018594768291118943,0.019518196086638406,6819.485625167659,134.87041266624306,10
Lençóis Paulista (SP),SP,0.38793221995319815,0.38989212671518536,622404.4526416825,240521.11035408662,10
Leopoldina (MG),MG,0.020336195230886613,0.02839002697182489,61851.028294156866,1333.0008446142635,10
Leopoldo de Bulhões (GO),GO,6.144562068370523e-05,0.0,131004.91685099693,12.159306081478285,10
Leópolis (PR),PR,0.0,0.0,272967.62836547696,0.0,10
Liberdade (MG),MG,0.0132092212688176,0.005235511537481642,16049.442904292064,265.90325212667193,10
Lidianópolis (PR),PR,0.0001365986837830563,0.0,75024.40427909327,7.286148130561649,10
Lima Duarte (MG),MG,0.01029235555871343,0.008691925040783432,34274.00517134914,359.46755530781957,10
Limeira (SP),SP,0.3442759223130022,0.33789526918026225,259447.66170168182,88112.2779070451,10
Limeira do Oeste (MG),MG,0.13830045132972668,0.14079132109402231,1715283.866262425,237027.60352814628,10
Lindoeste (PR),PR,0.0011789998436180485,0.0012664267458035255,109194.07680826452,124.52012936539901,10
Lindóia (SP),SP,0.03940166512997025,0.04081833579329525,3602.6570089005977,142.7155578211414,10
Lins (SP),SP,0.3886033051366351,0.3862539726451135,469865.1782097158,183318.09740954946,10
Loanda (PR),PR,0.09887196844994414,0.10087333336019244,329296.02055208146,32172.546056729105,10
Lobato (PR),PR,0.10843505827333193,0.109247120456411,475124.6530588201,51029.60042756419,10
Londrina (PR),PR,0.00028196790289185746,0.00024699437788829374,760247.7105204791,219.15298029443343,10
Lontra (MG),MG,0.027102968911736046,0.03176940962874775,10410.5028288705,310.4579982883981,10
Lorena (SP),SP,0.0,0.0,28847.984991458332,0.0,10
Lourdes (SP),SP,0.2000062703060413,0.25723182906349246,51233.249408923475,12425.815508389287,10
Louveira (SP),SP,0.026918971833254646,0.02766782374969553,3000.208825171025,80.09012748865615,10
Lucas do Rio Verde (MT),MT,0.0,0.0,3962053.473884532,0.0,10
Lucianópolis (SP),SP,0.10332533117895186,0.09505324152110979,26967.92376851751,2717.490974204085,10
Luciara (MT),MT,0.0,0.0,42063.97542174043,0.0,10
Lucélia (SP),SP,0.3535552791243079,0.3558892429188733,137033.4695797852,48210.81306941793,10
Luisburgo (MG),MG,0.0009994717847341273,0.0011698545064046614,24868.298922441158,26.943934107088992,10
Luislândia (MG),MG,0.014640049511129044,0.013931875860102031,17300.88645852121,257.13353973226396,10
Luiziana (PR),PR,8.421973732628731e-05,4.599436899147761e-05,505644.480382133,34.5447239724169,10
Luiziânia (SP),SP,0.3241606238348341,0.34201111363779085,99124.22457246049,32030.58563858425,10
Luminárias (MG),MG,0.000288939581768141,0.0003350267816604611,91566.9065839097,29.92158588545773,10
Lunardelli (PR),PR,0.0072467466527608064,0.0021499146710417683,68537.31602382504,436.3912096448954,10
Lupionópolis (PR),PR,0.06727472416313603,0.06772533202849447,117037.62598627384,7817.338656467166,10
Lupércio (SP),SP,0.0,0.0,20374.044327723204,0.0,10
Lutécia (SP),SP,0.2432171111721158,0.23495742778742207,238683.36415744878,58652.67323566745,10
Luz (MG),MG,0.12553660323878663,0.12655532030179167,830792.1219782603,103852.39488698138,10
Luziânia (GO),GO,0.0,0.0,964721.1198554601,0.0,10
Luís Antônio (SP),SP,0.39904838656641556,0.3958150015749152,649483.0215005912,257255.75950839056,10
Macatuba (SP),SP,0.4013371879057307,0.4001732814238018,261559.90603501882,104603.71552572184,10
Macaubal (SP),SP,0.33396842053239856,0.33140837639278,121001.408177881,40016.01111714412,10
Macedônia (SP),SP,0.3485765391199792,0.34970054375268517,122545.8698389193,42558.77656879139,10
Machacalis (MG),MG,0.0034673341450274417,0.0032596424287588844,22885.33071822916,80.8825216346081,10
Machado (MG),MG,0.009777460617891576,0.009997048339419294,182083.09535331998,1818.2353559648059,10
Madre de Deus de Minas (MG),MG,0.0007399947032223505,0.0,320409.55765957065,151.90773149857267,10
Magda (SP),SP,0.3756706128153704,0.37534066357966184,217542.9547972418,81592.88434534642,10
Mairinque (SP),SP,0.0,0.0,9715.574226107152,0.0,10
Mairiporã (SP),SP,0.0,0.0,5183.957950870029,0.0,10
Mairipotaba (GO),GO,0.0,0.0,51720.985994102855,0.0,10
Malacacheta (MG),MG,0.014701388534014103,0.01034719766446178,27943.4582902528,483.80058650824276,10
Mallet (PR),PR,0.0,0.0,161568.51007625757,0.0,10
Mambaí (GO),GO,0.004160535399215294,0.0,7291.1607915194945,40.33157516452307,10
Mamborê (PR),PR,0.00024905779976746656,0.00029361985619862736,649426.7045520353,144.64681925094902,10
Mamonas (MG),MG,0.0022160838444224415,0.0024322807012807737,20473.311887594733,45.44557450453391,10
Mandaguari (PR),PR,0.041326630417527224,0.034466017870569535,114166.53946989,4669.17824923732,10
Mandaguaçu (PR),PR,0.09345045076495674,0.09017878403753937,458088.49280126067,42607.48760635246,10
Mandirituba (PR),PR,0.0,0.0,52882.785749274626,0.0,10
Manduri (SP),SP,0.1980713524046038,0.18715772859415358,141437.00348131004,27826.642096692147,10
Manfrinópolis (PR),PR,0.0013755373080490177,0.0014183554277108416,29757.01091298306,40.30296569971964,10
Manga (MG),MG,0.004403582929722841,0.0025733151782792,57433.5417947946,278.1342846163499,10
Mangueirinha (PR),PR,6.597179185821528e-05,4.149197991149014e-05,457621.97274349665,27.617810778224623,10
Manhuaçu (MG),MG,0.0006579657305451237,0.00022732560472193996,77730.8966466666,50.54665803203065,10
Manhumirim (MG),MG,0.0,0.0,18807.950996366242,0.0,10
Manoel Ribas (PR),PR,3.169446266028384e-05,0.0,247922.0196742425,6.314661713153431,10
Mantena (MG),MG,0.013114571262183714,0.016035496820860723,51759.90822574736,681.8499177515113,10
Mar de Espanha (MG),MG,0.022344568083229266,0.02291298586065412,23665.267727287574,529.6778443885146,10
Mara Rosa (GO),GO,0.00030029780715491196,0.00029064574810563784,119845.30102602745,38.2306524399432,10
Marabá Paulista (SP),SP,0.30467210335199957,0.301917278954082,318427.91966173874,96671.86088456535,10
Maracaju (MS),MS,0.030378159656099978,0.030134171346194578,4549330.043228772,133033.81649341498,10
Maracaí (SP),SP,0.18983261681088076,0.18118011755581984,626196.1593484145,117927.73622352476,10
Marapoama (SP),SP,0.39392147629480756,0.3881644858713041,112786.89811414944,44136.88708408079,10
Maravilhas (MG),MG,0.008249532765712652,0.006492568823790482,17016.131967615762,148.13605434756414,10
Marcelândia (MT),MT,0.0,0.0,1155535.6638208532,0.0,10
Marechal Cândido Rondon (PR),PR,0.0021746140010350168,0.0023554705279416593,440149.18842096324,952.6325217879676,10
Maria Helena (PR),PR,0.0745891822014754,0.07015573792496516,127079.67489678733,9865.811804165109,10
Maria da Fé (MG),MG,0.010731194399139967,0.0082427618228412,16542.91724754275,175.660572277202,10
Marialva (PR),PR,0.019862315161029077,0.013349057049228008,377493.4261640437,7763.892722524349,10
Mariana (MG),MG,0.006595676625046838,0.00726616861162733,29408.11590865043,184.05480244806182,10
Marilac (MG),MG,0.004145141259818996,0.0022292304148740956,13478.821182153686,53.94248083790446,10
Marilena (PR),PR,0.11526626025347449,0.1181592468592603,208282.73142652158,23750.13223046436,10
Mariluz (PR),PR,0.06061325206581643,0.0654990462845976,426303.8676276823,26626.047888476376,10
Marilândia do Sul (PR),PR,0.0,0.0,241759.47231172337,0.0,10
Maringá (PR),PR,0.01706205015072411,0.01635584127812047,362619.6955659831,6115.021926428916,10
Marinópolis (SP),SP,0.2039776547727071,0.20766737002849753,12648.898642888145,2562.68822709927,10
Maripá (PR),PR,8.466843728462183e-05,0.00011939758646381965,323142.276949603,26.171751060463237,10
Maripá de Minas (MG),MG,0.013400157301605656,0.014384104965632798,5157.277815757956,69.42407459790266,10
Mariápolis (SP),SP,0.1599725378804821,0.1598739191617144,33195.05297097194,5309.142274257677,10
Mariópolis (PR),PR,0.0002898820333817715,0.00025875663464582966,156472.54526076993,46.566138540977875,10
Marliéria (MG),MG,0.01486699765211183,0.015232520377767076,11049.404164976117,191.09433693941997,10
Marmeleiro (PR),PR,0.0004638766421594588,0.00044712287194088185,162198.29041241066,73.55204129069344,10
Marmelópolis (MG),MG,0.0015573329666323495,0.0,3972.305752714258,6.274286865592711,10
Marquinho (PR),PR,0.0023495485509939266,0.002589285463704562,75399.43427866197,190.9538540733488,10
Martinho Campos (MG),MG,0.002976964258933864,0.002579435965761525,70561.5170669477,189.8495436582902,10
Martins Soares (MG),MG,0.0,0.0,12580.01801291319,0.0,10
Martinópolis (SP),SP,0.27583702593383375,0.32401361444794907,636084.5957824986,200906.99405464908,10
Marumbi (PR),PR,0.1030686145962992,0.10293415751740062,184499.6974048819,18693.919725652937,10
Marzagão (GO),GO,0.0038640284800843284,0.004653660304151196,24695.354006805923,98.05017748690591,10
Marília (SP),SP,0.12174049204762012,0.12397888311024118,205422.78773346607,25465.771074922737,10
Mata Verde (MG),MG,0.0016332116767706518,0.0007514922850723633,9767.980169842398,16.44147644744764,10
Matelândia (PR),PR,0.002714176585289568,0.003635152444517932,178238.8277395923,481.1176508076654,10
Materlândia (MG),MG,0.02087936262787711,0.013822432988685934,11309.428751235278,238.19256293332708,10
Mateus Leme (MG),MG,0.02158594364828384,0.011963802881257158,14455.305860814953,338.3646146616859,10
Mathias Lobato (MG),MG,0.0,0.0,11743.510570853548,0.0,10
Matias Barbosa (MG),MG,0.00605626996537135,0.0077164887611383855,7080.404783860926,43.65040214613473,10
Matias Cardoso (MG),MG,0.02172698786661095,0.01730117292609369,90697.30684752346,2255.7686557560196,10
Matinhos (PR),PR,0.0015167383561399982,0.0014263077252321412,3210.206679403758,4.832514001293624,10
Matipó (MG),MG,0.002525194346212465,0.0028189386517578816,36556.09149973975,88.91450168228513,10
Mato Rico (PR),PR,0.0002342981813290749,0.0,104489.65699688147,17.001012304643844,10
Mato Verde (MG),MG,0.0013446177347750958,0.00044564212050515924,31229.192000364466,49.99750664421908,10
Matozinhos (MG),MG,0.005565794274757724,0.008867161154154792,15892.942318495114,94.93159810030365,10
Matrinchã (GO),GO,0.0,0.0,126053.55509844924,0.0,10
Matupá (MT),MT,2.626761800597954e-05,2.223727869724543e-05,814618.7301407098,19.347473942543687,10
Matutina (MG),MG,0.0011579510010116623,0.0,16082.77376181475,16.867144020053374,10
Matão (SP),SP,0.35571561061027507,0.357865784259924,370866.2018667619,132281.9913902539,10
Maurilândia (GO),GO,0.17866451775056447,0.18308429822532363,543456.1303036391,95527.55793262701,10
Mauá (SP),SP,0.0,0.0,925.1646823824308,0.0,10
Mauá da Serra (PR),PR,0.0,0.0,49151.23413606985,0.0,10
Medeiros (MG),MG,0.02147404694722043,0.022462436196646465,201934.88181191325,4304.506120585099,10
Medianeira (PR),PR,0.0016262379595709299,0.0015174965233343037,192856.82282562996,309.2000828249794,10
Medina (MG),MG,0.007408575909044692,0.006377706214141994,36175.8022950676,279.14962458841393,10
Mendes Pimentel (MG),MG,0.012080234394466137,0.004964647806910317,23814.99806368381,330.3936900772804,10
Mendonça (SP),SP,0.3670916560127043,0.3583531947093347,149266.24667294355,54872.401005685875,10
Mercedes (PR),PR,0.0003873630831271169,0.0003551322689303391,112937.2378336442,43.35514295604002,10
Mercês (MG),MG,0.007856776887342078,0.007716822020252282,21814.185472773974,170.0635236292756,10
Meridiano (SP),SP,0.35983723421866787,0.35748577121013625,130185.08895547263,46417.466868809446,10
Mesquita (MG),MG,0.008778020838139087,0.008671189188003633,14582.038399174007,127.24695725401023,10
Mesópolis (SP),SP,0.3776577188489421,0.36935949676091295,113685.80734408798,42762.760562928735,10
Miguelópolis (SP),SP,0.3072636782390667,0.3130981653280046,904848.3312166076,277422.6103716162,10
Mimoso de Goiás (GO),GO,0.0,0.0,248115.3837409385,0.0,10
Minas Novas (MG),MG,0.022626173436880805,0.02463936750917914,54912.57300983307,1258.5303866560057,10
Minaçu (GO),GO,0.0,0.0,62922.7088017343,0.0,10
Minduri (MG),MG,0.0006318014488332303,0.0006965014674995807,101251.63547988654,69.27734693146498,10
Mineiros (GO),GO,0.10878948613798183,0.11059670194500573,3929158.3655666676,422573.6783323846,10
Mineiros do Tietê (SP),SP,0.3919792616200832,0.38897285041725327,195951.4707800254,76739.75593021554,10
Mira Estrela (SP),SP,0.2256772902024647,0.22639121634352116,35960.75364601871,8273.443207944054,10
Mirabela (MG),MG,0.01254923983856798,0.012241291980694128,21575.51347832165,271.29534564703096,10
Miracatu (SP),SP,0.0,0.0,20951.290726787007,0.0,10
Mirador (PR),PR,0.12079487261216548,0.11786314168202464,390576.0007159122,46678.58729388561,10
Miradouro (MG),MG,0.005685047624036579,0.005635145673133135,24831.747998773113,140.1178175598432,10
Miranda (MS),MS,0.0001776203649786386,0.00018089774547368578,320353.2748325533,52.80249071254553,10
Mirandópolis (SP),SP,0.3658393998048711,0.3657752719505342,463859.27342298796,169420.70957324206,10
Mirante do Paranapanema (SP),SP,0.309596313997084,0.30625156869166203,442384.5433366843,135974.0319391577,10
Miraselva (PR),PR,0.12240319215278453,0.12376299792036372,136065.31192851558,16243.631856841039,10
Mirassol (SP),SP,0.34858487107707503,0.3458768375522763,161601.37959434924,56323.47327949552,10
Mirassol d'Oeste (MT),MT,0.07915026448394911,0.07947286108703769,606586.9350869082,47159.44714965355,10
Mirassolândia (SP),SP,0.3470970372973746,0.347440139587046,98372.90851381554,35534.042587258584,10
Miravânia (MG),MG,0.012348803256166252,0.011086466848041529,12626.359641376801,156.14244741303503,10
Miraí (MG),MG,0.011210644358925336,0.011065788213290254,23474.979729039467,274.71698826192915,10
Missal (PR),PR,0.0021767440091196035,0.0028651257166292057,201829.84643780722,424.6929830791528,10
Mococa (SP),SP,0.3205432977211934,0.3266922107793706,445771.84829959436,142210.66664710475,10
Moeda (MG),MG,0.014109350255786763,0.006048638844793778,5618.342078067122,102.04363977557014,10
Moema (MG),MG,0.11103803514074946,0.12043072283191679,51730.712416157854,5994.062391835934,10
Mogi Guaçu (SP),SP,0.24150059226321097,0.23761805000179248,274339.9936000465,66895.61194990537,10
Mogi Mirim (SP),SP,0.23913381331301942,0.2526055723710426,191398.6608394514,46032.90721451948,10
Mogi das Cruzes (SP),SP,0.0,0.0,16002.859695834566,0.0,10
Moiporá (GO),GO,0.0,0.0,25480.092631945434,0.0,10
Mombuca (SP),SP,0.3937336615285954,0.3914097369757091,116831.8026677498,45829.660992541096,10
Mongaguá (SP),SP,0.0,0.0,2219.2962820314992,0.0,10
Monjolos (MG),MG,0.01735387027957342,0.015001703600268358,16516.968260696198,405.7641435833774,10
Monsenhor Paulo (MG),MG,0.003187786320492879,0.0030590679685484237,32772.002969107074,103.75290563797819,10
Montalvânia (MG),MG,0.005095425287610091,0.002363030860192393,46215.31426979073,271.47022541845706,10
Monte Alegre de Goiás (GO),GO,0.00077211303073164,0.0,86818.23447552488,68.04046469985096,10
Monte Alegre de Minas (MG),MG,0.054635073770074837,0.05571045035992072,852378.0586413243,47572.931474491816,10
Monte Alegre do Sul (SP),SP,0.057283918425256986,0.055815781218496355,7747.528692858074,446.7921103779567,10
Monte Alto (SP),SP,0.33651863654133723,0.33975325376219845,204007.10042558407,68623.55044079448,10
Monte Aprazível (SP),SP,0.3531317198226611,0.3540729061558451,326940.5896750244,115115.3199487374,10
Monte Azul (MG),MG,0.0004192996498130153,0.0003149410264066838,57562.53631252301,24.834381950370805,10
Monte Azul Paulista (SP),SP,0.3787524316466694,0.37465143114330857,238602.89686967662,90095.93113463881,10
Monte Belo (MG),MG,0.11659682020954701,0.11635454826048934,284180.4193578367,33477.27687536963,10
Monte Carmelo (MG),MG,0.00015309793003248125,0.00015303748357662706,383383.07128135127,53.586576021151274,10
Monte Castelo (SP),SP,0.36924514139878556,0.3719219927057442,138756.62434382053,51155.12699139075,10
Monte Formoso (MG),MG,0.010468892916897145,0.006454602521299388,11736.045969083689,128.64867065496864,10
Monte Mor (SP),SP,0.33668784872661417,0.37036323318013115,135025.68393780035,49684.58676469617,10
Monte Santo de Minas (MG),MG,0.08433497566353326,0.07696283899004497,159180.2171148826,14532.66596030933,10
Monte Sião (MG),MG,0.023598144430928603,0.004332048239685557,32609.603964294798,1231.5311258775862,10
Monteiro Lobato (SP),SP,0.0004873435731066712,0.0,10303.167375302375,5.148518289023109,10
Montes Claros (MG),MG,0.008881403429858022,0.0060655489282838305,142192.04304608545,1326.5324694979215,10
Montes Claros de Goiás (GO),GO,0.0508240928012065,0.05088256823294382,585907.1685086405,30177.66696685332,10
Montezuma (MG),MG,0.030895013808024528,0.027940937225868524,22591.54802643439,759.2208890983849,10
Montividiu (GO),GO,0.008043216103119083,0.004032849904676349,2286305.953767179,15240.865554912103,10
Montividiu do Norte (GO),GO,0.0,0.0,76384.69561499357,0.0,10
Monções (SP),SP,0.3505541294151253,0.3326896609273704,55142.87507298649,20777.686292108305,10
Morada Nova de Minas (MG),MG,0.0011197895034026656,0.0003152392019832213,179869.87239711932,165.13500124288873,10
Moreira Sales (PR),PR,0.08041773618991757,0.0904183175590875,322938.2402613794,27707.540805139946,10
Morretes (PR),PR,0.01734721080974418,0.018508109691314098,25171.264516976982,435.0304372256826,10
Morrinhos (GO),GO,0.13315612277147695,0.1333134505329278,1238979.9016790485,161234.43203221823,10
Morro Agudo (SP),SP,0.3812235600432902,0.3845849354566953,1677079.5218891252,639338.7759046335,10
Morro Agudo de Goiás (GO),GO,0.0,0.0,16863.419397289836,0.0,10
Morro da Garça (MG),MG,0.007006861551902983,0.0075471687310937376,24699.53303642264,174.4952777461431,10
Morro do Pilar (MG),MG,0.02575998966802199,0.023820212165464972,10913.177162786456,312.7079651362154,10
Morungaba (SP),SP,0.0016855968506228024,0.001015134722163674,15253.282923439983,23.198235972474233,10
Mossâmedes (GO),GO,0.04762693242564216,0.04650900509247803,67804.36811196801,3067.9178542479885,10
Motuca (SP),SP,0.39395697859652784,0.38820049400447215,212143.7208189571,83294.9862468202,10
Mozarlândia (GO),GO,0.0,0.0,109775.48486641565,0.0,10
Mundo Novo (GO),GO,5.2144893478490976e-05,0.0,158072.71308571153,15.326856405224724,10
Mundo Novo (MS),MS,0.0,0.0,92442.18581160197,0.0,10
Munhoz (MG),MG,0.000676216242741148,0.0007250597281981162,26251.60614785661,18.30440290397383,10
Munhoz de Melo (PR),PR,0.07439888958781407,0.07538795325174097,163014.48972261001,12014.217586113056,10
Muriaé (MG),MG,0.006311826597716473,0.0061917594522593634,59237.62341217093,375.5010024537816,10
Murutinga do Sul (SP),SP,0.3342595832299606,0.32457888446771527,104228.94828583799,36729.21614962767,10
Mutum (MG),MG,0.001675050715975077,0.0012792319700164051,87631.26447145904,147.7466700549315,10
Mutunópolis (GO),GO,0.0,0.0,58994.18805091248,0.0,10
Muzambinho (MG),MG,0.0010281502633532886,0.0009640908204498718,71060.77223888066,79.03651255015752,10
Mário Campos (MG),MG,0.0006559314389894123,0.0,518.7529231011054,0.2870373282530758,10
NA (GO),GO,0.0,0.0,155664.56271692307,0.0,10
NA (MG),MG,0.0,0.0,91964.08965139181,0.0,10
NA (MS),MS,0.0,0.0,84376.27753170708,0.0,10
NA (MT),MT,0.0,0.0,2142931.2233127104,0.0,10
NA (PR),PR,0.0,0.0,3070.4560638745706,0.0,10
NA (SP),SP,0.0,0.0,10562.181720751105,0.0,10
Nacip Raydan (MG),MG,0.0002783245617748443,0.0002939525660438493,11694.678571350578,3.196605017452486,10
Nantes (SP),SP,0.17074471331857405,0.16221339037960722,221633.26119819665,37774.72016880708,10
Nanuque (MG),MG,0.04829769596071973,0.04055343521651908,160007.85807120454,8815.592432897587,10
Naque (MG),MG,0.010888706638737755,0.0057414938285389495,7335.233232821735,85.38464400564432,10
Narandiba (SP),SP,0.3999402032803233,0.3914256512353714,338603.92796747765,135166.2213162119,10
Natalândia (MG),MG,0.003848121426430081,0.00038335612134962713,32518.34192512709,107.43181511457644,10
Natividade da Serra (SP),SP,0.0,0.0,26425.167352749413,0.0,10
Natércia (MG),MG,0.00036279467510388994,0.0,15799.32020772816,4.592684860610348,10
Naviraí (MS),MS,0.051574797322107443,0.058341132609158575,1497134.4284090395,81396.786967491,10
Nazareno (MG),MG,0.00041751156450941075,6.940176690722652e-05,63362.593801398565,29.539695800778134,10
Nazaré Paulista (SP),SP,0.021837651822792622,0.02196515613528923,11162.996449674496,243.71393905324382,10
Nazário (GO),GO,0.04475258866523191,0.0,47288.02555437662,4541.062275187736,10
Nepomuceno (MG),MG,0.0006773797325090342,0.0008830005531227994,97642.32353507218,68.09190904690796,10
Nerópolis (GO),GO,0.0028066644254469294,0.0,14418.597714980471,38.38417897036821,10
Neves Paulista (SP),SP,0.3578363111545821,0.3568221690847936,166062.8475070043,59169.29824546575,10
Nhandeara (SP),SP,0.3593983296141688,0.36583175424993875,241765.8211519013,87282.60005446753,10
Ninheira (MG),MG,0.003358624317904886,0.002251623130334404,32834.770021197946,111.11244474197093,10
Nioaque (MS),MS,0.0016458625229486545,9.450856795029515e-05,278683.90897767385,376.9500382654265,10
Nipoã (SP),SP,0.3737045252769371,0.3769023271586094,98992.98816122465,37104.645281617726,10
Niquelândia (GO),GO,0.0008974732973078511,0.0002643355079189185,623452.9483727871,712.3157044764691,10
Nobres (MT),MT,9.860946591707721e-05,6.28340305142951e-05,611547.5413259547,55.60598950034955,10
Nortelândia (MT),MT,0.0,0.0,364758.7369231452,0.0,10
Nossa Senhora das Graças (PR),PR,0.1228052120625928,0.12425839198528801,364693.8875541204,44181.947850198296,10
Nossa Senhora do Livramento (MT),MT,0.0034910205312610916,0.003952154419049375,168855.70334811986,571.3717623178961,10
Nova Aliança (SP),SP,0.39485859153525776,0.38729965261592625,187052.40804558631,73632.22755781682,10
Nova Aliança do Ivaí (PR),PR,0.1184625371575184,0.12172221801521207,153623.35560101573,17863.269812846473,10
Nova Alvorada do Sul (MS),MS,0.22121001749542524,0.22969646741280778,2865146.174175967,625382.0251940016,10
Nova América (GO),GO,0.14763732047919653,0.14872865337634744,35101.77396404494,5135.91916714773,10
Nova América da Colina (PR),PR,0.06914155800926533,0.07683843667833079,139451.2636387446,9904.279894202262,10
Nova Andradina (MS),MS,0.18606880879847681,0.18461240422255598,1690715.0546117707,311567.31291336793,10
Nova Aurora (GO),GO,0.009754275712747576,0.011050052387979655,22420.12367946558,222.85712097584386,10
Nova Aurora (PR),PR,0.0004482703911032515,5.463727266289309e-05,480777.05111928313,209.13773982847522,10
Nova Bandeirantes (MT),MT,5.402863828826399e-05,0.0,353917.37896417134,14.591989353482305,10
Nova Belém (MG),MG,0.0005681579617473143,0.00019405466925747665,18663.734111899856,11.380032029459558,10
Nova Brasilândia (MT),MT,0.00020816939022682643,0.00020027296505583032,213361.95568466702,41.85178169776023,10
Nova Campina (SP),SP,0.0004983024531246025,0.0003645138510734607,15037.73171331541,6.701865662214229,10
Nova Canaã Paulista (SP),SP,0.296788598361174,0.3044618825572105,33103.145185179725,9860.469384298203,10
Nova Canaã do Norte (MT),MT,0.0,0.0,778274.8855994863,0.0,10
Nova Cantu (PR),PR,3.5743881476596954e-06,0.0,277136.26589447394,0.7944523281673882,10
Nova Castilho (SP),SP,0.3257337690670236,0.3112270023547753,95105.53925435491,31219.715028088453,10
Nova Crixás (GO),GO,0.0,0.0,542836.411041645,0.0,10
Nova Era (MG),MG,0.016109596124009973,0.013632077587336552,11538.250000912714,188.86932287099415,10
Nova Esperança (PR),PR,0.10189923045694127,0.10299855429163422,367365.1674488508,36972.73298483277,10
Nova Esperança do Sudoeste (PR),PR,0.0011206756347322511,0.0012083385054654718,34398.17395602994,37.54817428897378,10
Nova Europa (SP),SP,0.37527468599933783,0.37171853048876435,143661.84303030782,53698.47849410882,10
Nova Fátima (PR),PR,0.021101978447020008,0.021144461913686498,195824.37702074656,4234.488645612769,10
Nova Glória (GO),GO,0.20249187709387542,0.20740355245833897,396239.76724560844,78542.07426454074,10
Nova Granada (SP),SP,0.3428740399729403,0.33638114696806765,311269.6731940409,106670.43193677245,10
Nova Guarita (MT),MT,0.0,0.0,228447.48082278576,0.0,10
Nova Guataporanga (SP),SP,0.347291260391014,0.3490128805076499,15920.28819222748,5562.579928198337,10
Nova Iguaçu de Goiás (GO),GO,0.0018467944971748205,0.0022522252748127455,26729.489511350697,51.34742504450551,10
Nova Independência (SP),SP,0.3868427261401196,0.38456905920891904,171812.26031700431,66092.25291425001,10
Nova Lacerda (MT),MT,5.664932496646456e-05,5.5636268419158584e-05,383017.5917400096,19.347473942543683,10
Nova Laranjeiras (PR),PR,0.0010024956066810818,0.0005912648048691524,149291.6945765496,178.00490152607358,10
Nova Lima (MG),MG,0.0,0.0,1452.6292593403969,0.0,10
Nova Londrina (PR),PR,0.12222679786180062,0.12344647167056277,334711.7045528715,39957.84432226901,10
Nova Luzitânia (SP),SP,0.3435133873836934,0.3520733216976204,36697.197919509024,12503.612615000637,10
Nova Marilândia (MT),MT,0.0,0.0,228295.7149142997,0.0,10
Nova Maringá (MT),MT,0.0,0.0,2447518.352497033,0.0,10
Nova Monte Verde (MT),MT,0.0,0.0,293177.8920508514,0.0,10
Nova Mutum (MT),MT,0.0,0.0,6220455.517341483,0.0,10
Nova Módica (MG),MG,0.0009266332522640381,0.00031473636493596895,26183.429862474186,24.99879820550663,10
Nova Nazaré (MT),MT,0.0002399379358464416,0.0001868576621427384,191100.37652436443,36.071771601224185,10
Nova Odessa (SP),SP,0.19972388887440143,0.17176085936342048,32806.6284429645,11924.991626490073,10
Nova Olímpia (MT),MT,0.09270665546789256,0.09100119003333564,1853334.1141547302,164431.12891032224,10
Nova Olímpia (PR),PR,0.11855575797005258,0.12078722709032316,127434.20343535706,14974.689741466571,10
Nova Ponte (MG),MG,0.07205195140257323,0.07222385143023363,974680.0274778766,70198.72706432673,10
Nova Porteirinha (MG),MG,0.011508348369080906,0.00949524221794891,13567.581294592976,156.26404502744177,10
Nova Prata do Iguaçu (PR),PR,0.000618191951797324,0.0005584788278394256,174892.1352918318,106.62197613712333,10
Nova Resende (MG),MG,0.00019867922576572217,0.00024192813010637986,81468.19311508343,15.729756831663249,10
Nova Roma (GO),GO,0.0038760814004482023,0.0,47687.19961099293,194.1042467169643,10
Nova Santa Bárbara (PR),PR,0.005550933220755944,0.004281402590031834,51156.14641274111,310.9739557310659,10
Nova Santa Helena (MT),MT,6.071629692488062e-05,5.469727086435091e-05,429351.3568119794,19.347473942543687,10
Nova Santa Rosa (PR),PR,0.0036927896805087875,0.003921973410406254,218960.51521796372,806.1308688878129,10
Nova Serrana (MG),MG,0.002156339215927758,0.0024080358992914063,13074.543366946766,28.12437133722321,10
Nova Tebas (PR),PR,0.0004901097108313307,0.0003817020000477401,124796.7783527827,54.882804172723745,10
Nova Ubiratã (MT),MT,0.0,0.0,6434078.557625425,0.0,10
Nova União (MG),MG,0.021469989745624623,0.021872834992420945,9428.030611372384,200.88939581268085,10
Nova Veneza (GO),GO,0.0,0.0,8494.51100378077,0.0,10
Nova Xavantina (MT),MT,7.748279115390807e-05,6.393250349925827e-05,703152.7837158402,48.09569546829893,10
Novais (SP),SP,0.37742784838657206,0.3726815733389288,89587.79580113298,33620.001319632924,10
Novo Brasil (GO),GO,0.0,0.0,38048.38358528463,0.0,10
Novo Cruzeiro (MG),MG,0.02650957355285478,0.02043290293240008,68063.84693214366,1937.2412745123681,10
Novo Gama (GO),GO,0.0,0.0,8802.21318177256,0.0,10
Novo Horizonte (SP),SP,0.38565948695480723,0.3807564573985136,777782.296818645,300043.34964374284,10
Novo Horizonte do Norte (MT),MT,0.0,0.0,115428.9277520644,0.0,10
Novo Horizonte do Sul (MS),MS,0.18596606210885694,0.1865234209189633,393929.55722333596,73746.18797827807,10
Novo Itacolomi (PR),PR,0.0,0.0,46497.865841460894,0.0,10
Novo Mundo (MT),MT,0.0,0.0,779397.9496047909,0.0,10
Novo Oriente de Minas (MG),MG,0.00845172628605102,0.006526840808618088,22878.150367176226,199.5351326961727,10
Novo Planalto (GO),GO,0.0,0.0,132364.14544777886,0.0,10
Novo Santo Antônio (MT),MT,0.0,0.0,46401.02532171558,0.0,10
Novo São Joaquim (MT),MT,0.0,0.0,1175077.7696740874,0.0,10
Novorizonte (MG),MG,0.05211881937925446,0.053435632495101595,11135.316622864513,593.3736505628269,10
Nuporanga (SP),SP,0.37135775715027564,0.3708932713469246,415106.99109204044,154263.62908545195,10
Ocauçu (SP),SP,0.18150195026601862,0.17746659792131386,80790.37567804563,14524.856296000558,10
Olaria (MG),MG,0.03726653549556782,0.05693356437115298,8058.615754393201,372.1470071225324,10
Olhos-d'Água (MG),MG,0.01789676982404188,0.01765934504595158,24720.610475426078,445.4798917345436,10
Oliveira (MG),MG,0.00531625579024607,0.00635028591361146,71396.19769310724,351.5031251367391,10
Oliveira Fortes (MG),MG,0.006622282585769404,0.0,7012.234995147846,51.21231799718186,10
Olímpia (SP),SP,0.3932885659143076,0.38723555840205565,751582.6784409562,294488.0041895476,10
Olímpio Noronha (MG),MG,0.0007991975881288455,0.0,4790.144121436186,3.977297507851113,10
Onda Verde (SP),SP,0.3701826419607976,0.3685615353233228,168026.05535276138,61950.51917379511,10
Onça de Pitangui (MG),MG,0.005231584556219653,0.0,10820.584709916788,59.909480228409855,10
Oratórios (MG),MG,0.11462554557341982,0.1185761312335496,31708.57660307058,3628.717784362952,10
Oriente (SP),SP,0.25262171849076726,0.2838638979638922,81981.0741747648,21087.383851133447,10
Orindiúva (SP),SP,0.36775740223452075,0.3662393626893684,250346.03297262976,91485.40899195925,10
Orizona (GO),GO,8.579863424319165e-05,0.0,467610.95591570396,46.49146442918166,10
Orizânia (MG),MG,0.004077864051949787,0.00013982932216616853,20246.661201424533,69.7466094079415,10
Orlândia (SP),SP,0.3834881696723773,0.3872173559900216,303383.96415510174,115977.07305938208,10
Ortigueira (PR),PR,0.0,0.0,446830.1824815446,0.0,10
Osasco (SP),SP,0.0,0.0,957.4378123808643,0.0,10
Oscar Bressane (SP),SP,0.15374124631482308,0.14693279384494068,57901.67685432084,8870.646565236846,10
Osvaldo Cruz (SP),SP,0.2984362027167751,0.29261955203694945,71116.3990467041,21304.45751243735,10
Ourinhos (SP),SP,0.35585233631398355,0.3517829862106548,324185.3664750417,114995.85905497936,10
Ourizona (PR),PR,0.026609222565594955,0.026297068230223708,212691.8985552033,5574.615652321783,10
Ouro Branco (MG),MG,0.005631762909823994,0.0064820625588444935,9627.924886279532,52.878104151468484,10
Ouro Fino (MG),MG,0.03731517918799178,0.03377792027451728,63102.092802235624,2452.8581716475633,10
Ouro Preto (MG),MG,0.014438189222209713,0.013782107865936907,20680.30002762967,316.45227703313776,10
Ouro Verde (SP),SP,0.3581595476923908,0.3578737939094513,163255.75055642586,57982.45748346177,10
Ouro Verde de Goiás (GO),GO,0.0010217990899294266,0.0,19671.864572093742,22.2276441952708,10
Ouro Verde de Minas (MG),MG,0.017367762124086326,0.012284104388417838,12055.669505931302,249.31026845521285,10
Ouro Verde do Oeste (PR),PR,0.000331601220563979,0.00039138145987019997,183119.10163892107,60.393486089674916,10
Ouroeste (SP),SP,0.35535513427672333,0.34972141061114825,164580.6157596866,58400.999654812134,10
Ouvidor (GO),GO,0.0035575539034848488,0.0038479312301796594,49826.2201186893,174.11890428792398,10
Pacaembu (SP),SP,0.30427546109618,0.30249255981677625,147410.65601258766,45086.357088686076,10
Padre Bernardo (GO),GO,0.0,0.0,665536.7111977403,0.0,10
Padre Carvalho (MG),MG,0.008968709596252396,0.011759089508686645,7402.192965723876,69.22594801814013,10
Padre Paraíso (MG),MG,0.025551352420107854,0.021223403119210178,17524.407904999585,467.6518868643668,10
Pai Pedro (MG),MG,0.00023639790018870183,9.334144483569223e-05,45758.20385528909,11.514050536265625,10
Paineiras (MG),MG,0.011487236058330793,0.01118157847129898,33218.749577338654,381.9517462082331,10
Pains (MG),MG,0.0007709523076135599,0.0009064954446941096,52833.319119511725,39.500955564034435,10
Paiva (MG),MG,0.036058001139762624,0.0391280596711055,5096.001904033134,200.64826879972355,10
Paiçandu (PR),PR,0.07348601227353915,0.07091815348118705,287452.5548616436,21028.1871427074,10
Palestina (SP),SP,0.3797409924961273,0.38292236311450617,580734.0092247551,220371.97313303364,10
Palestina de Goiás (GO),GO,0.0,0.0,215530.66333236586,0.0,10
Palma (MG),MG,0.0026171863511664597,0.0032329655392676613,19906.924988609404,52.13012889692934,10
Palmares Paulista (SP),SP,0.37468218851874974,0.3789933081234951,94663.9439660784,35298.66373876509,10
Palmas (PR),PR,0.0,0.0,267449.6310468913,0.0,10
Palmeira (PR),PR,0.0,0.0,574757.1903450233,0.0,10
Palmeira d'Oeste (SP),SP,0.10329263496142302,0.10673729824131906,34054.81833021588,3650.240722477617,10
Palmeiras de Goiás (GO),GO,0.0037995872024088793,0.004211996085303895,413600.83229884994,1144.719093184024,10
Palmelo (GO),GO,0.0002433344292144328,0.0,12791.993495732353,5.364399741828654,10
Palminópolis (GO),GO,0.05562593968307107,0.05010291733823142,72128.03129917357,3814.5987624739914,10
Palmital (PR),PR,0.0009137560998714196,0.00043601734697997836,110345.38232849006,94.96083701439906,10
Palmital (SP),SP,0.2123380449980301,0.21071974449927935,691602.8298468376,146119.35180303475,10
Palmópolis (MG),MG,0.004154405121944432,0.0004129808317138261,24528.934351539523,116.87933344121058,10
Palotina (PR),PR,0.00014598119344842313,0.00017534145829485804,695265.772446745,99.21790218905443,10
Panamá (GO),GO,0.16548097196235728,0.17306717408512656,312258.521757346,50538.6656681344,10
Panorama (SP),SP,0.3489286167130151,0.34610162776516,154117.64728557845,53581.06110344571,10
Papagaios (MG),MG,0.004708876198835725,0.004027785412781334,35352.19656332793,168.43478735330004,10
Paracatu (MG),MG,0.05879996114446319,0.06018941137363443,3147316.7103165886,183799.00040260353,10
Paraguaçu (MG),MG,0.0010999655372319012,0.00014336290455395655,138212.5720454666,132.37184165057272,10
Paraguaçu Paulista (SP),SP,0.36005999266520433,0.3600071807570119,835667.623169879,301289.3386676375,10
Paraibuna (SP),SP,0.00038346042107582315,0.0,28942.909540821824,11.39360866424647,10
Paraisópolis (MG),MG,0.02867617328107765,0.030053527748661216,25486.22712945583,739.9789675954562,10
Paranacity (PR),PR,0.12492414079094538,0.12506450466787478,688641.2710583799,85377.63030960805,10
Paranaguá (PR),PR,0.009831082463804191,0.00905864424550941,24624.084156916055,242.90104265256872,10
Paranaiguara (GO),GO,0.20311250654866675,0.20658599758706042,710968.5074601866,141619.08851393173,10
Paranapanema (SP),SP,0.04034192869432964,0.03786929217009545,435021.53248537495,17236.503540277703,10
Paranapoema (PR),PR,0.11970488485982814,0.12125824067432078,258469.2411418257,30315.22974207752,10
Paranapuã (SP),SP,0.3880435455922948,0.38237455679600163,105752.00764697511,40764.430798395326,10
Paranatinga (MT),MT,0.0,0.0,2977601.3432686673,0.0,10
Paranavaí (PR),PR,0.11198829662942844,0.11369062645715261,684546.943857871,76056.10927122993,10
Paranaíba (MS),MS,0.10235788013907529,0.10048325353183646,557513.5641546824,58066.521815276086,10
Paranaíta (MT),MT,6.707602076666384e-06,0.0,338435.80774793046,1.2159991127901917,10
Paranhos (MS),MS,0.0,0.0,187172.33614576637,0.0,10
Paraopeba (MG),MG,0.013600760913825127,0.01357840822880467,30242.757461529807,410.6245603468304,10
Parapuã (SP),SP,0.29545052282443773,0.2982386672115577,179001.0083481686,52822.15888560242,10
Paraíso (SP),SP,0.3829760528346774,0.38865505619590157,144738.23622378675,55366.44750424505,10
Paraíso das Águas (MS),MS,0.10132968983677779,0.10369046900103188,1198941.3019182612,121100.85575005526,10
Paraíso do Norte (PR),PR,0.1172436019712374,0.11721038601383105,401223.77186100197,46347.53565154757,10
Paraúna (GO),GO,0.05806573714510375,0.054025424491580674,2153886.3004406714,118384.22875961472,10
Pardinho (SP),SP,0.011857624288999892,0.01374977700893106,46803.848275080854,526.5960400761161,10
Pariquera-Açu (SP),SP,0.001552261322866354,0.0015627750659366556,13393.171672159307,21.255050418584254,10
Parisi (SP),SP,0.2598302603094934,0.2559604909185714,29692.12517671288,7819.7500890298525,10
Pará de Minas (MG),MG,0.008359687522771803,0.006284222911192316,26736.01802202094,239.80020042731255,10
Passa Quatro (MG),MG,0.0030951017679172084,0.0013094164787719944,9806.962233459852,31.5407529785129,10
Passa Tempo (MG),MG,0.005840509963915009,0.003025507546755927,25485.53341525782,179.317093554377,10
Passa Vinte (MG),MG,0.0029156799283940756,0.0008614615304108066,4138.3723339629005,14.06803257561773,10
Passabém (MG),MG,0.03350317723007527,0.03933615657724192,7614.837555807067,262.137564452887,10
Passos (MG),MG,0.09276296284229144,0.0941720383376767,803813.4410949381,74462.17753064878,10
Patis (MG),MG,0.00845538781153261,0.005636774473588827,19456.68779936111,171.51099745218357,10
Pato Bragado (PR),PR,0.0005286612728623906,0.0006386435773562152,78945.22832556111,41.18654905392194,10
Pato Branco (PR),PR,0.0004858013897464404,0.0004985672710399276,369590.0646163814,177.1033888845507,10
Patos de Minas (MG),MG,0.00487441327253022,0.002651150463647748,604926.157949661,2412.682679041659,10
Patrocínio (MG),MG,0.00037377657136414825,5.123192838869605e-05,681371.2623179632,172.99967947010862,10
Patrocínio Paulista (SP),SP,0.3744085273089727,0.37153192983578187,349021.15863345854,130246.61273629614,10
Patrocínio do Muriaé (MG),MG,0.01714801055713275,0.0033640090867090595,9329.194044393542,269.36530142458736,10
Paula Cândido (MG),MG,0.008243791016431053,0.005221150529439857,27155.321344547483,217.4560751922385,10
Paula Freitas (PR),PR,4.859693875244357e-05,4.960122714472207e-05,128827.51612221543,6.198618610959272,10
Paulicéia (SP),SP,0.3745469110301177,0.3741782332983554,198352.36393143891,74230.43496877991,10
Paulistas (MG),MG,0.014197882946162237,0.0030545021997759932,11227.67361919982,233.5386093170091,10
Paulistânia (SP),SP,0.11242753735852766,0.10134621434301248,18114.45964135018,2591.63129577516,10
Paulo Frontin (PR),PR,7.397570650703926e-05,7.475099927868533e-05,126429.66813625212,9.29792791643891,10
Paulo de Faria (SP),SP,0.38631816614749676,0.3797044416936456,682014.6321060506,262605.7644258061,10
Paulínia (SP),SP,0.32897356567520086,0.39978451326724734,53546.970197193186,21736.69150603143,10
Pavão (MG),MG,0.004871454228124291,0.0022621451100945044,30838.078205989033,165.63376402986165,10
Peabiru (PR),PR,0.003580136226292338,0.0037202940486058622,350625.4933900334,1190.462249795004,10
Pederneiras (SP),SP,0.38477829891344295,0.38439201078657664,635108.7864808897,243611.30195387435,10
Pedra Azul (MG),MG,0.01013113058743087,0.009337747082841581,31496.02644175547,320.6539253153489,10
Pedra Bela (SP),SP,0.005403280126889283,0.00544191229982092,21250.920430763017,110.9410351756051,10
Pedra Bonita (MG),MG,0.003375822543929004,0.0048808788048189476,19437.569597918337,67.86437697372293,10
Pedra Dourada (MG),MG,0.017155717747140954,0.020561819160817098,6862.120774589781,119.0164792391076,10
Pedra Preta (MT),MT,0.0004937478453783965,0.000456455620552543,1019709.0946926116,483.6868485635922,10
Pedra do Anta (MG),MG,0.015613618005735625,0.014930614221186678,17631.242087484286,278.62018350876696,10
Pedra do Indaiá (MG),MG,0.0029118266450334582,0.0006205804362369828,18486.180057187663,53.48134512826018,10
Pedralva (MG),MG,0.002687866033028429,0.0032389010630357903,23844.21454448679,65.49883164497952,10
Pedranópolis (SP),SP,0.36058595259646903,0.3515348563483185,127507.16375248625,45789.89406596171,10
Pedras de Maria da Cruz (MG),MG,0.001773082458710044,0.001139974964036214,43083.000918663325,79.41044222638213,10
Pedregulho (SP),SP,0.23235034702519358,0.2539708340999843,158609.11902728607,38468.10053825307,10
Pedreira (SP),SP,0.0026707253197264546,0.0,5870.024008167277,15.823108612034437,10
Pedrinhas Paulista (SP),SP,0.11991514239282801,0.1231504891043049,168314.08785999287,20111.252963769046,10
Pedrinópolis (MG),MG,0.02225953808473292,0.020993773229325705,209709.93526073382,4612.474196523706,10
Pedro Gomes (MS),MS,0.0,0.0,278302.0231083512,0.0,10
Pedro Leopoldo (MG),MG,0.0007492509534143762,0.0,9244.050111980303,7.523106941094202,10
Pedro Teixeira (MG),MG,0.003607397470467558,0.00122401217325047,5839.9414798554335,22.15806792737202,10
Pedro de Toledo (SP),SP,0.0,0.0,12599.833908929875,0.0,10
Peixoto de Azevedo (MT),MT,6.548829325755633e-05,5.661963784486109e-05,736793.0507517523,38.69494788508737,10
Penápolis (SP),SP,0.3606518928238202,0.3644773596413243,498125.2086832862,178891.31703476343,10
Pequeri (MG),MG,0.01091222745539151,0.013440472700354398,5233.022861966017,61.489005556076144,10
Pequi (MG),MG,0.004155890458189286,0.0011473898900834698,11875.263374134782,55.90138886399039,10
Perdigão (MG),MG,0.009478936364396473,0.007470195252543954,15820.477904279502,168.14495347460732,10
Perdizes (MG),MG,0.08211657917536712,0.08417766201635327,2318447.4621400204,191009.23134791834,10
Perdões (MG),MG,0.011386017250787249,0.010514403913613087,46020.45330487918,532.7757913574327,10
Pereira Barreto (SP),SP,0.359672703511177,0.354304134673625,498765.0139507523,179157.86684479163,10
Pereiras (SP),SP,0.11615993251565193,0.12900381930846788,24518.94297168441,2961.101460451217,10
Periquito (MG),MG,0.01047783911439741,0.01082117661920191,11521.585077322206,120.73591878014862,10
Perobal (PR),PR,0.0075001767834500365,0.0,141597.60188392492,1363.7078669964985,10
Perolândia (GO),GO,0.05948815134312322,0.0579870299902863,992295.9991521325,58469.87003297087,10
Peruíbe (SP),SP,0.0,0.0,6674.947864037819,0.0,10
Pescador (MG),MG,0.0020829557896382507,0.0006523887996740152,19824.59146202011,44.02957281865937,10
Petrolina de Goiás (GO),GO,0.0,0.0,41549.39235201531,0.0,10
Peçanha (MG),MG,0.015622221940129504,0.010792745368067213,41937.27294829665,810.9155944595778,10
Piacatu (SP),SP,0.35775464472992297,0.3599355721929822,120119.50882116599,42846.51972106503,10
Piau (MG),MG,0.0017842444629060671,0.0019192422913222194,13638.261034461422,24.368953504980272,10
Piedade (SP),SP,0.0,0.0,37185.4449524639,0.0,10
Piedade de Caratinga (MG),MG,0.006081997461385457,0.0026938057458905946,13275.136649968144,83.46217036478977,10
Piedade de Ponte Nova (MG),MG,0.1257123210831746,0.1289012148845874,49440.06045743225,6180.067927464515,10
Piedade do Rio Grande (MG),MG,0.0016058631232996451,0.0014543037927548623,65053.76545623232,101.15595762404119,10
Piedade dos Gerais (MG),MG,0.006516910797675768,0.006839360421988101,21755.64508652234,143.09164872409215,10
Pilar de Goiás (GO),GO,0.0,0.0,36575.64113085925,0.0,10
Pilar do Sul (SP),SP,0.0,0.0,177093.1780926129,0.0,10
Pimenta (MG),MG,0.0023708557644783134,0.0018560525899966357,130973.96869096874,286.4772519782515,10
Pindamonhangaba (SP),SP,0.0,0.0,59145.200257207514,0.0,10
Pindorama (SP),SP,0.38643627740823167,0.39071632797499434,150942.3652320047,58397.87169153433,10
Pingo-d'Água (MG),MG,0.011714308908497426,0.014120113803249549,4385.3186650165635,51.38531637097974,10
Pinhais (PR),PR,0.0,0.0,2699.547536392425,0.0,10
Pinhal de São Bento (PR),PR,0.001123884715651765,0.0008390278596280098,27632.256896662766,30.322616620923988,10
Pinhalzinho (SP),SP,0.0019398746599608653,0.0024909555904665545,17890.849391211912,35.86082110615869,10
Pinhalão (PR),PR,0.0063942585917338545,0.006259550282144693,77560.64605641908,476.5654596854107,10
Pinhão (PR),PR,1.9136502369445124e-05,1.837487263833074e-05,516191.6924143757,9.894949926803609,10
Pintópolis (MG),MG,0.007106422823025152,0.002300633259974575,42937.03488460437,333.29670864031937,10
Piquerobi (SP),SP,0.10103949044864975,0.07430664791451494,72433.30688513993,9178.039855367284,10
Piquete (SP),SP,0.0,0.0,7348.69308172907,0.0,10
Piracaia (SP),SP,0.014331719282327012,0.014150814872884696,15417.802473407732,220.8640901946763,10
Piracanjuba (GO),GO,0.00020199917962134524,0.0002688298454818095,767894.2040170926,167.1638214452615,10
Piracema (MG),MG,0.031246919064990532,0.025526797464918594,29315.267842822774,1053.390711349664,10
Piracicaba (SP),SP,0.367569434496031,0.3665977932051992,744389.9426711933,272759.7974461618,10
Piraju (SP),SP,0.12494427997490261,0.12358359775077879,187293.47097547576,22856.348789828997,10
Pirajuba (MG),MG,0.11750354485461054,0.11805856493189629,821408.2155373873,96001.27892963089,10
Pirajuí (SP),SP,0.33335573936259344,0.3239538747151325,388278.7872838473,129096.44460217019,10
Piranga (MG),MG,0.009963161334699917,0.009333789469618301,48966.21442022134,496.4043530732177,10
Pirangi (SP),SP,0.3855053873441633,0.38269672675644395,195121.36318177666,74947.85149152421,10
Piranguinho (MG),MG,0.009266242541367212,0.006585996668443654,9759.69020833044,90.55342204666555,10
Piranguçu (MG),MG,0.009003244127081294,0.00740052804432779,12713.078451543766,132.81624582822096,10
Piranhas (GO),GO,6.40342025804695e-05,0.0,272228.50869683287,9.679578039485538,10
Pirapetinga (MG),MG,0.0077926285950726355,0.012624142885240388,13995.710841670878,111.43077908531602,10
Pirapora (MG),MG,0.02038745326204936,0.02273055124774028,35292.38875757514,754.2769103430193,10
Pirapora do Bom Jesus (SP),SP,0.0,0.0,2135.323762669719,0.0,10
Pirapozinho (SP),SP,0.37083935600296847,0.3652850207346333,231266.76680483052,87286.03125718818,10
Piraquara (PR),PR,0.0,0.0,13952.121153179753,0.0,10
Pirassununga (SP),SP,0.32822025833478413,0.3233033728369855,503280.2845087155,164662.35678384706,10
Piratininga (SP),SP,0.21264850988025402,0.20192615531141292,43216.4102695535,9326.673932901005,10
Piraí do Sul (PR),PR,0.0,0.0,426558.9835951459,0.0,10
Piraúba (MG),MG,0.01226965543565415,0.012194363758091076,11751.668839219055,149.31762696568038,10
Pirenópolis (GO),GO,0.0008083179742609352,0.0,101625.90818979206,78.17830102261493,10
Pires do Rio (GO),GO,0.0,0.0,146657.65313925003,0.0,10
Pitanga (PR),PR,0.00023624817732681666,0.00014802845754898446,458501.1486569045,101.5836019023845,10
Pitangueiras (PR),PR,0.011891786128102719,0.012911993462131378,125600.96069957687,1415.6672402882364,10
Pitangueiras (SP),SP,0.39679433985406865,0.3974734553199243,612172.0432205288,242183.83707800639,10
Pitangui (MG),MG,0.02268774830244553,0.021071897144750378,48971.25008031666,1087.5586152757492,10
Piumhi (MG),MG,0.0010488739610090719,0.0008746561726396547,259109.6217184611,203.12381656291143,10
Piên (PR),PR,0.0,0.0,68907.97031227409,0.0,10
Planaltina (GO),GO,0.00020317992399511293,0.0,281689.6949768982,35.31194892215045,10
Planaltina do Paraná (PR),PR,0.05711530979858266,0.05661352957706835,135028.49876966383,7722.159144910052,10
Planalto (PR),PR,0.0014232254096170674,0.0016025111504444306,138602.367030904,194.8106291738509,10
Planalto (SP),SP,0.37173543548850113,0.37576557230224295,222537.40940380367,82329.65236893321,10
Planalto da Serra (MT),MT,0.0,0.0,317757.5567459755,0.0,10
Planura (MG),MG,0.10603549108469856,0.10153229025916237,659564.3415081238,68949.94592917587,10
Platina (SP),SP,0.20877700804728785,0.21163483025859608,256706.8033906686,53510.60203845891,10
Poconé (MT),MT,0.0031755602611413776,0.0031176074960969536,255781.95124037517,795.9306308944579,10
Pocrane (MG),MG,0.0015831876154698752,0.001717766299629291,42665.842754545956,67.62619508796551,10
Poloni (SP),SP,0.3722325867196468,0.36634561899763995,112274.14599871739,41800.72095489008,10
Pompéia (SP),SP,0.2698884371025849,0.2803938900812916,327046.619618277,88277.94513660671,10
Pompéu (MG),MG,0.12454805521750863,0.12473130051492964,933698.8859991531,116254.1639593933,10
Pongaí (SP),SP,0.3671756885950493,0.36154696218652443,109481.19858732613,40156.4564052358,10
Ponta Grossa (PR),PR,0.0,0.0,635878.6759811991,0.0,10
Ponta Porã (MS),MS,0.05838422609190173,0.06585121491702406,3800511.9801799576,217080.85033325123,10
Pontal (SP),SP,0.3954799986075885,0.3891848700021615,488670.60866535327,192353.08824129013,10
Pontal do Araguaia (MT),MT,0.0003313334914546859,0.000306840375027535,120173.33391125975,37.722114092783464,10
Pontal do Paraná (PR),PR,0.0012236080982634882,0.0012085321321770263,6859.888139349628,8.399107361413058,10
Pontalina (GO),GO,0.0790403534899443,0.07945637517357303,470995.0803175842,36659.99644473178,10
Pontalinda (SP),SP,0.38643353530575425,0.38293961351890404,143547.69741175772,55139.27067394584,10
Ponte Branca (MT),MT,0.002865744528656628,0.002829795419903445,27045.15423514964,77.38989577017475,10
Ponte Nova (MG),MG,0.09722168545423363,0.09913562670110626,85835.50007965737,8319.925417761238,10
Pontes Gestal (SP),SP,0.3606553350903002,0.3575996137888887,164420.31647194244,59249.35481400251,10
Pontes e Lacerda (MT),MT,6.995662484347781e-05,0.0,639591.437510637,34.35281675573476,10
Ponto Chique (MG),MG,0.00250941898582033,0.003136592778620716,28860.539652371022,77.76329733975139,10
Ponto dos Volantes (MG),MG,0.006992491534931597,0.006872462444206438,32394.62085781881,227.16623392910762,10
Populina (SP),SP,0.38797674124165404,0.3835152095007437,206332.3388931325,79826.15814722198,10
Porangaba (SP),SP,0.09629059843907044,0.10209672984265135,30412.82579485632,2916.965611629081,10
Porangatu (GO),GO,0.0,0.0,353672.79243249004,0.0,10
Porecatu (PR),PR,0.12324990603150876,0.12304728080781661,598875.5447522876,73058.22249047204,10
Porteirinha (MG),MG,0.0002133560040347426,0.0001483528134055561,85322.87845618199,18.542005947371628,10
Porteirão (GO),GO,0.18907720883748477,0.19288332022854615,1149041.3283440068,212096.7311842544,10
Portelândia (GO),GO,0.007635380815542198,0.0,328804.59700330463,3678.445537253934,10
Porto Alegre do Norte (MT),MT,0.0,0.0,622561.3063168323,0.0,10
Porto Amazonas (PR),PR,0.0,0.0,70157.02635178775,0.0,10
Porto Barreiro (PR),PR,0.000295057143421521,0.0003782349440672267,110846.1193083748,34.82076733589234,10
Porto Esperidião (MT),MT,0.0,0.0,316083.7263333915,0.0,10
Porto Estrela (MT),MT,0.03271160657656815,0.03409980528650925,104416.33477393264,3419.6396114623867,10
Porto Feliz (SP),SP,0.3765547330767711,0.3740686534992063,274668.4428135514,102968.7196474451,10
Porto Ferreira (SP),SP,0.31510855651063385,0.32033031898939435,183098.14660755097,58701.89695067962,10
Porto Firme (MG),MG,0.008349809656899288,0.0059504962033781195,33630.29894695595,288.6189393937219,10
Porto Murtinho (MS),MS,0.00010275269320533585,5.2585982401005704e-05,571421.2503588567,56.88462911002968,10
Porto Rico (PR),PR,0.00232974997297042,0.0,19282.070985989652,51.40780014094495,10
Porto Vitória (PR),PR,0.001171455523372978,0.0011384684923489556,22761.43513272716,26.299271353602276,10
Porto dos Gaúchos (MT),MT,9.4040465196318e-06,9.400988000235191e-06,2717522.3399322634,24.905633654625966,10
Posse (GO),GO,0.0030599477509184137,0.0,98757.03868317936,286.7280218997518,10
Potim (SP),SP,0.0,0.0,14960.099734783114,0.0,10
Potirendaba (SP),SP,0.3765675685441273,0.38061037411213117,284812.6626182912,107383.4451459886,10
Poté (MG),MG,0.02271743847045512,0.02231291408594549,26561.88916405474,600.9539299028088,10
Pouso Alegre (MG),MG,0.0002701367793654695,0.0,62138.66333859679,18.47198600876667,10
Pouso Alto (MG),MG,0.0008845003937520531,0.0,15807.442560605099,13.806192904883734,10
Poxoréu (MT),MT,8.709171018628537e-05,8.596539297216052e-05,1089374.0692230584,90.58493134504073,10
Poá (SP),SP,0.0,0.0,254.96735061086062,0.0,10
Poço Fundo (MG),MG,0.008274592947850375,0.007448141486626704,58094.7189533289,464.38002908076993,10
Poços de Caldas (MG),MG,0.0001298759139397024,0.0,42747.13129699632,4.784028478018876,10
Pracinha (SP),SP,0.22604025689374563,0.2224583602761177,16384.90664913216,3673.003642838716,10
Prado Ferreira (PR),PR,0.06693034723351585,0.06624255739736876,229018.27406747907,15360.505265811324,10
Prados (MG),MG,0.009836520190974576,0.008155695358582397,48039.91771616843,514.318776774941,10
Pradópolis (SP),SP,0.386328936129647,0.3784888659506336,228103.5594706941,88105.96328907469,10
Praia Grande (SP),SP,0.0,0.0,2177.186425264091,0.0,10
Pranchita (PR),PR,0.00017816809292669065,0.0001617985465459738,156817.91534910293,26.875127021965003,10
Prata (MG),MG,0.07912960209063281,0.07630956263266273,972049.5480326836,76623.43524578158,10
Pratinha (MG),MG,0.00044036457646641144,0.0005165996242562907,80879.58938261552,37.5199724624363,10
Pratápolis (MG),MG,0.015578231404658393,0.0017602399285341912,98274.5087461291,1792.2372840810442,10
Pratânia (SP),SP,0.38322500352794514,0.38277369698984637,146666.92339507243,56042.38889291815,10
Presidente Alves (SP),SP,0.10469274022926918,0.10753570163810114,24691.0765724841,2578.1038772855663,10
Presidente Bernardes (MG),MG,0.0130089891045442,0.007436755696084485,28166.990482915935,332.1136181373416,10
Presidente Bernardes (SP),SP,0.12411810826977672,0.10494858218129549,119524.58140887806,15644.476327457849,10
Presidente Castelo Branco (PR),PR,0.11591161166377847,0.11473707781242226,208933.66150002112,24118.66451390719,10
Presidente Epitácio (SP),SP,0.3018291675052168,0.30196667005394096,313069.6593210145,94599.52241778099,10
Presidente Juscelino (MG),MG,0.005251693797935881,0.007906795900109578,28858.65898908549,162.2978322806887,10
Presidente Kubitschek (MG),MG,0.0626656894661264,0.06766875604971159,4056.6596944526414,272.85696275317474,10
Presidente Olegário (MG),MG,0.01847430239419361,0.021565695358121435,604691.6743163397,11967.84381329583,10
Presidente Prudente (SP),SP,0.3014218715395227,0.3037198162621468,126299.72135797994,38369.42360557564,10
Presidente Venceslau (SP),SP,0.20085863303366422,0.19600154866756575,138957.78466934257,28623.158408603624,10
Primavera do Leste (MT),MT,0.0,0.0,4016041.924625127,0.0,10
Primeiro de Maio (PR),PR,0.0,0.0,334814.5918343805,0.0,10
Professor Jamil (GO),GO,0.0,0.0,27341.518789126545,0.0,10
Promissão (SP),SP,0.34266669788806736,0.34191317785275227,390880.42492722627,134356.14855304206,10
Prudente de Morais (MG),MG,0.01292275009869657,0.006762556138539382,5956.199777173879,88.73254689911596,10
Prudentópolis (PR),PR,0.0002484353120714887,0.00024116507842873144,552449.7611493028,135.91410322376117,10
Pérola (PR),PR,0.0,0.0,33503.411923804604,0.0,10
Pérola d'Oeste (PR),PR,0.0005929848034961019,0.000612009833540712,125032.31547207724,71.6561272338546,10
Quadra (SP),SP,0.31304134377762144,0.31588447006224724,127318.74836903076,39537.19245871606,10
Quartel Geral (MG),MG,0.003864035982076467,0.0007062657958331884,25853.249587253646,120.33568339598784,10
Quarto Centenário (PR),PR,0.0,0.0,400267.81632312696,0.0,10
Quatiguá (PR),PR,0.008814980959199607,0.00725489728910808,36310.66277502753,306.7052839393429,10
Quatro Barras (PR),PR,0.0,0.0,8183.157093793967,0.0,10
Quatro Pontes (PR),PR,8.112917145502391e-05,8.279113120437556e-05,109951.51331250023,8.58306386789231,10
Quatá (SP),SP,0.3685516759278912,0.36577872468351247,443992.7891905735,163463.4809044074,10
Quedas do Iguaçu (PR),PR,6.978497342076987e-05,0.0,245561.40678885917,11.997029346686574,10
Queiroz (SP),SP,0.3595135728845152,0.3701420939915474,154848.21955734948,57284.912490285125,10
Queluz (SP),SP,0.01113651761792834,0.01178860590636539,10104.502588041169,112.72644027019454,10
Queluzito (MG),MG,0.0008873879277368054,0.0007677071763429611,8886.448147200894,7.848299650028747,10
Querência (MT),MT,2.0096426277124146e-05,2.6679359804160837e-06,4487510.126304495,60.49845649302846,10
Querência do Norte (PR),PR,0.0,0.0,338853.7340040767,0.0,10
Quinta do Sol (PR),PR,0.014066040583644256,0.012988100551745638,313905.29576131975,4637.22852145169,10
Quintana (SP),SP,0.21281983434259338,0.20846881384787108,178239.84208036916,36182.07935898132,10
Quirinópolis (GO),GO,0.1958650888853179,0.19975294035174257,3334310.9910375006,639646.8597136365,10
Quitandinha (PR),PR,0.0,0.0,137334.45668981867,0.0,10
Rafard (SP),SP,0.39834554794973087,0.3970072187523598,107914.80546159612,42839.91672030642,10
Ramilândia (PR),PR,0.012073437832497836,0.015206140490997395,65293.40912619724,773.7403324415016,10
Rancharia (SP),SP,0.26677665509286225,0.26643163782277157,1274494.6792743355,341180.0308438793,10
Rancho Alegre (PR),PR,0.004808100566275061,0.0,178649.05737517372,965.714801366556,10
Rancho Alegre D'Oeste (PR),PR,0.0,0.0,268105.9118355173,0.0,10
Raposos (MG),MG,0.006025583697453528,0.005002215730203327,278.387347350016,1.754117399160112,10
Raul Soares (MG),MG,0.004243009770072554,0.0034250549761007743,67488.06184946494,286.5318079171458,10
Realeza (PR),PR,0.0003814881124165506,0.00028969796807538136,194758.5560163196,73.53554226568416,10
Rebouças (PR),PR,0.0,0.0,232938.52916290238,0.0,10
Recreio (MG),MG,0.0034306176924279166,0.0006994321774008759,15739.08724607859,58.569076173454754,10
Redenção da Serra (SP),SP,0.001723373242698659,0.0018167677140480485,13782.569785638178,23.771605376753158,10
Reduto (MG),MG,0.0,0.0,12696.60422233869,0.0,10
Regente Feijó (SP),SP,0.2898688275312562,0.28433810746782884,110614.29546596437,32158.360415331314,10
Reginópolis (SP),SP,0.33576259463226166,0.3421866745964851,185536.38889117978,61948.06498531439,10
Registro (SP),SP,0.002148873328101213,0.002048909699772312,35260.24757021391,74.04653928562496,10
Renascença (PR),PR,0.00013377018323093822,8.954290216648588e-05,296268.4556843097,37.753341220613926,10
Resende Costa (MG),MG,0.007748231785121265,0.003510558343808131,35423.75941766558,292.99053490971863,10
Reserva (PR),PR,0.0,0.0,316537.79548161355,0.0,10
Reserva do Cabaçal (MT),MT,0.0,0.0,22403.111707055938,0.0,10
Reserva do Iguaçu (PR),PR,2.3736650240650672e-05,2.072083380260483e-05,228148.06852340486,5.460806807872354,10
Resplendor (MG),MG,0.0020499340577157044,0.0018713083653779414,69009.0315609862,141.72898950080716,10
Ressaquinha (MG),MG,0.003717850739196813,0.004495919186172876,17217.533588984184,68.96347475739692,10
Restinga (SP),SP,0.3934183586937017,0.39295898933972534,218156.9299025849,86076.65335970742,10
Riachinho (MG),MG,0.005818727773182106,0.005244870253218451,149109.8687154505,845.4425087663819,10
Riacho dos Machados (MG),MG,0.002157066235792644,0.0024654009427044266,24319.452228728453,50.55534833435622,10
Rialma (GO),GO,0.17562368292346778,0.17549944765814351,98936.45503573194,17231.078316053932,10
Rianápolis (GO),GO,0.15859482824964216,0.15880286225028245,44278.03325767266,7137.961422749202,10
Ribas do Rio Pardo (MS),MS,2.2524722018370035e-05,2.3293360168541085e-05,1015135.4214176948,22.896750141639494,10
Ribeira (SP),SP,0.044050201797687656,0.04104609828658977,9994.348705864752,442.76027918467344,10
Ribeirão Bonito (SP),SP,0.3904662692130321,0.3847147691727652,315680.2464290292,123004.61410570848,10
Ribeirão Branco (SP),SP,0.0,0.0,95612.29243655122,0.0,10
Ribeirão Cascalheira (MT),MT,2.51751967853371e-05,2.1197529417053596e-05,987994.9055720328,18.86105704639173,10
Ribeirão Claro (PR),PR,0.01661219682995786,0.017971436880170208,91322.90293433423,1510.5640058158544,10
Ribeirão Corrente (SP),SP,0.3027268186692347,0.3040968869898264,61635.44632622257,18571.33478844808,10
Ribeirão Grande (SP),SP,0.00013466548800351207,0.00020865481141873847,44181.532679214855,6.442589398862857,10
Ribeirão Pires (SP),SP,0.0,0.0,1458.420226221512,0.0,10
Ribeirão Preto (SP),SP,0.3994624944622978,0.39753064731226806,649526.3708062206,258000.0071524226,10
Ribeirão Vermelho (MG),MG,0.001433490041484122,0.0,9133.908809592258,8.971029395374947,10
Ribeirão das Neves (MG),MG,0.006409868186617143,0.008507611496715663,3044.541432979181,19.926087542460895,10
Ribeirão do Pinhal (PR),PR,0.01385080427365315,0.013707613368123608,157275.64161123894,1904.2448139049188,10
Ribeirão do Sul (SP),SP,0.1331092975835931,0.119758262974764,228137.48523710985,29961.015405258142,10
Ribeirão dos Índios (SP),SP,0.2468707190979663,0.23189247404937674,65459.461360721994,16377.63446026684,10
Ribeirãozinho (MT),MT,0.00028197734595438194,0.00029104137835194187,295646.3293576547,76.81920779817321,10
Rifaina (SP),SP,0.3554241063398579,0.34807497834872836,48546.22145308664,17257.174336602373,10
Rincão (SP),SP,0.3957814625346128,0.3925948423916638,310311.0842883152,122335.65457540941,10
Rinópolis (SP),SP,0.1974366453818837,0.2172019454576281,81678.64348947558,17439.762820649557,10
Rio Acima (MG),MG,0.010062988915128114,0.010103054795682014,882.2960652764259,9.39568546101206,10
Rio Azul (PR),PR,0.0,0.0,203082.00838379233,0.0,10
Rio Bom (PR),PR,0.0,0.0,81241.16958879634,0.0,10
Rio Bonito do Iguaçu (PR),PR,0.0005486346537230669,0.0007984100467626585,268520.3305911709,150.8444861209674,10
Rio Branco (MT),MT,0.0,0.0,34317.46261121403,0.0,10
Rio Branco do Ivaí (PR),PR,0.0,0.0,112210.272331775,0.0,10
Rio Branco do Sul (PR),PR,0.0025137084736111303,0.002490381693783148,50061.72629473242,122.53913387198305,10
Rio Brilhante (MS),MS,0.16515392983525856,0.16386816763361062,4068289.359459413,671202.271071554,10
Rio Casca (MG),MG,0.0551819085549939,0.055003333050328104,77769.91927745882,4329.6412431275085,10
Rio Claro (SP),SP,0.3594586756057482,0.3625829614072727,231570.9765571071,83075.60307316009,10
Rio Doce (MG),MG,0.02518409225250992,0.02919687825730629,8223.579886523148,228.31513057284383,10
Rio Espera (MG),MG,0.05692139517745311,0.05767343304290995,36003.95900891149,2056.785811762271,10
Rio Grande da Serra (SP),SP,0.0,0.0,529.1901876071244,0.0,10
Rio Manso (MG),MG,0.006394844159729821,0.0057451351382669085,11961.955849747377,76.07977953915453,10
Rio Negro (MS),MS,0.0,0.0,107329.23728846213,0.0,10
Rio Negro (PR),PR,0.0,0.0,119969.89267133636,0.0,10
Rio Novo (MG),MG,0.005885103916512656,0.0,14463.56114711945,105.99325094124268,10
Rio Paranaíba (MG),MG,0.0001409450942052944,0.00015396492356810253,394101.90695542644,56.77142983747781,10
Rio Pardo de Minas (MG),MG,0.04963154870301026,0.0447500522802676,105655.41217822432,5669.070786321347,10
Rio Piracicaba (MG),MG,0.015181112831827829,0.020043932863307846,16701.195146153932,260.8580517160179,10
Rio Pomba (MG),MG,0.002194690874072293,0.000948759090581538,18928.835876798265,56.36604271782642,10
Rio Preto (MG),MG,0.011590669553235768,0.0076941323490586164,11767.091888502362,156.28026534066234,10
Rio Quente (GO),GO,0.007665475479323671,0.009071636406214938,12399.19108820273,96.67004867707715,10
Rio Verde (GO),GO,0.036814243036385766,0.033582528612535203,7334385.953929744,240483.54738459605,10
Rio Verde de Mato Grosso (MS),MS,0.0,0.0,507489.05070404673,0.0,10
Rio Vermelho (MG),MG,0.01639000253047022,0.00615767678724924,34184.65041021958,729.1160542768614,10
Rio das Pedras (SP),SP,0.3917155152434761,0.38957291962059837,223845.145230242,87565.46676396283,10
Rio do Prado (MG),MG,0.0047740800725839605,0.0,20873.56758805502,115.1218825603836,10
Riolândia (SP),SP,0.36626261400477284,0.36787062885574695,412041.4324345021,150461.730175826,10
Ritápolis (MG),MG,0.011900258368343982,0.007125239499198268,21612.759277214143,261.0705068679857,10
Riversul (SP),SP,0.012381572064482618,0.01368043110217793,68456.61316881521,842.7010917110237,10
Rochedo (MS),MS,0.0006542173399193032,0.000521508639530868,124733.67154113723,75.8499014134082,10
Rochedo de Minas (MG),MG,0.0022970804897180603,0.0,5297.68654944752,12.508839596911189,10
Rodeiro (MG),MG,0.001591812048308771,0.0005561532302022274,5380.383276540977,9.60796761737356,10
Rolândia (PR),PR,0.015220304807928303,0.011074131872338636,381185.7533376608,6208.967695182767,10
Romaria (MG),MG,0.0015259459878920441,0.0006000183847521351,220124.07234371395,317.87989931900233,10
Roncador (PR),PR,0.00017616446014792094,0.0,371354.7448945577,65.72122042670026,10
Rondolândia (MT),MT,0.0,0.0,157470.42974504133,0.0,10
Rondon (PR),PR,0.12665565564959075,0.1279682016895915,838016.3419228571,105207.09302034148,10
Rondonópolis (MT),MT,0.00013786521209556386,0.00010662475868489254,1214434.696954369,165.48838615066586,10
Rosana (SP),SP,0.1290964494783014,0.14987500998466904,154809.1004547221,21876.10008963436,10
Roseira (SP),SP,0.0,0.0,39846.70909374906,0.0,10
Rosário Oeste (MT),MT,0.0001856490946032085,0.00017916758813879227,470148.5436381043,84.18280618959633,10
Rosário da Limeira (MG),MG,0.004691813604170513,0.0022986069674519657,9151.57700734399,48.96013264209555,10
Rosário do Ivaí (PR),PR,0.0,0.0,54541.94282098816,0.0,10
Rubelita (MG),MG,0.00859840878831365,0.004649180118086394,32064.24864126853,295.4557297056784,10
Rubiataba (GO),GO,0.18618811472590335,0.18988201423101092,266062.3900950226,48684.57199344828,10
Rubim (MG),MG,0.0018530770785439173,0.0,43215.40559535854,82.94225402556359,10
Rubinéia (SP),SP,0.3119592854280767,0.31638022315152514,52220.66745590988,16239.705484377237,10
Rubiácea (SP),SP,0.37836781343338344,0.37514330687425657,167573.87003745654,63170.02492452737,10
Sabará (MG),MG,0.009966712540403613,0.010556235970855223,3508.98763037347,34.802410475956215,10
Sabino (SP),SP,0.33707172511986677,0.32521200848496856,171248.33194460618,57244.28826220037,10
Sabinópolis (MG),MG,0.029909077911485123,0.025326198748953525,33885.0505707164,1028.8434910800722,10
Sabáudia (PR),PR,0.00027422062523904645,0.0,117239.71291149904,30.650396469229342,10
Sacramento (MG),MG,0.07282703130696057,0.071025521923442,1829205.6609686045,131421.4989308183,10
Sagres (SP),SP,0.3459416186504062,0.35153703799253855,69963.15982029938,24152.57198446446,10
Sales (SP),SP,0.3876632331995006,0.3851129028408439,243413.80469678823,93750.99211623712,10
Sales Oliveira (SP),SP,0.38661782264250244,0.38760775525196595,374233.79341312376,145254.79445338095,10
Salesópolis (SP),SP,0.0,0.0,8920.034162917962,0.0,10
Salgado Filho (PR),PR,0.0024262308592826304,0.002279590255086783,59334.69962781955,140.4865931920568,10
Salinas (MG),MG,0.01598381363135141,0.011860082638519443,88355.26077700069,1464.2514330510853,10
Salmourão (SP),SP,0.33196800125571446,0.3349225323311121,100559.8577962649,33390.96010933738,10
Saltinho (SP),SP,0.37272739964725343,0.3698306146599313,52518.45498226462,19525.736910540778,10
Salto (SP),SP,0.3199924906615247,0.31883785476066107,32621.798326963606,10503.84000179775,10
Salto Grande (SP),SP,0.05124540576505045,0.04257005481137729,177644.893615494,9068.235318674302,10
Salto da Divisa (MG),MG,0.0,0.0,57566.84015934927,0.0,10
Salto de Pirapora (SP),SP,0.0,0.0,29119.76540601361,0.0,10
Salto do Céu (MT),MT,0.0,0.0,104135.78820411065,0.0,10
Salto do Itararé (PR),PR,0.012245870119388496,0.012172563230820145,73865.53274105352,856.4125161100277,10
Salto do Lontra (PR),PR,0.0005807567932965832,0.0005330027114443154,127372.19837546462,73.60952910552854,10
Sanclerlândia (GO),GO,0.007885920758819958,0.008922897899417614,38681.98917475846,314.0235508827517,10
Sandovalina (SP),SP,0.36836105736185265,0.3915774841631862,536506.8406104043,205951.40379181367,10
Santa Adélia (SP),SP,0.40081227673352854,0.4027793273207858,431170.32890780666,172557.03991034173,10
Santa Albertina (SP),SP,0.37124332573743735,0.36431286889463543,127435.11668551523,47163.173558508744,10
Santa Amélia (PR),PR,0.015470077412688275,0.01195437132197657,53824.57535850198,846.8174435299413,10
Santa Branca (SP),SP,0.000509730153429758,0.0004015678155012874,11170.176416673303,5.722781222609008,10
Santa Bárbara (MG),MG,0.0296149849374771,0.02372239013565628,9943.591953601737,312.9510230284323,10
Santa Bárbara d'Oeste (SP),SP,0.38704070666211815,0.3768091051126512,188295.0527734817,72873.1371256012,10
Santa Bárbara de Goiás (GO),GO,0.0988942342115883,0.11873499937980908,39620.41113861231,3627.3597977003465,10
Santa Bárbara do Leste (MG),MG,0.007016738161409182,0.0012996486115933559,15406.553345819655,117.28108087840226,10
Santa Bárbara do Monte Verde (MG),MG,0.003993376339938568,0.003778774029933217,15644.2035706632,62.84066744000498,10
Santa Bárbara do Tugúrio (MG),MG,0.008256949020226317,0.00858676403140773,15367.408533078962,125.67892050923493,10
Santa Carmem (MT),MT,0.0,0.0,1830913.503734116,0.0,10
Santa Cecília do Pavão (PR),PR,0.005588131231195356,0.008356289892556993,58577.682308959666,322.9689095892745,10
Santa Clara d'Oeste (SP),SP,0.017239549501321828,0.0,13900.982299334264,252.17402080237883,10
Santa Cruz da Conceição (SP),SP,0.34588125169314143,0.35050219675206357,76010.38398670303,26181.23250480444,10
Santa Cruz da Esperança (SP),SP,0.40059159544287104,0.3977965165035595,129820.72879009414,51757.28201647193,10
Santa Cruz das Palmeiras (SP),SP,0.3809980421595169,0.37709286680211296,312715.9789697048,118874.23383771791,10
Santa Cruz de Goiás (GO),GO,6.365326093580796e-05,0.0,253208.69519677522,23.450090299993832,10
Santa Cruz de Minas (MG),MG,0.0,0.0,100.3130574672893,0.0,10
Santa Cruz de Monte Castelo (PR),PR,0.0,0.0,158325.5084447015,0.0,10
Santa Cruz de Salinas (MG),MG,0.004799144894772046,0.0038582928315151286,24984.551588172664,119.35264311095011,10
Santa Cruz do Escalvado (MG),MG,0.08484398585124067,0.08604778502767416,44518.931235266966,3803.0146620578003,10
Santa Cruz do Rio Pardo (SP),SP,0.20826155311157574,0.20599052157529302,734924.4229171614,151479.4045117291,10
Santa Cruz do Xingu (MT),MT,0.0,0.0,589860.780916563,0.0,10
Santa Efigênia de Minas (MG),MG,0.006972466074529731,0.0,8338.962373900935,79.56669753799528,10
Santa Ernestina (SP),SP,0.39462209067602666,0.39273475046435635,146502.16951806785,57411.85389578123,10
Santa Fé (PR),PR,0.08368511106515986,0.08424870297381233,307113.14960808237,25891.56044744843,10
Santa Fé de Goiás (GO),GO,0.0,0.0,105968.88597252005,0.0,10
Santa Fé de Minas (MG),MG,0.0005207373627846827,0.00035997495250768134,77734.44078275963,40.94570089702747,10
Santa Fé do Sul (SP),SP,0.08038940307852585,0.0675175754174344,19648.018554914073,1799.090119513255,10
Santa Gertrudes (SP),SP,0.39172082004955244,0.38369232588163216,75770.11235963923,29562.349166265787,10
Santa Helena (PR),PR,0.0016164674618196558,0.0017708427954602887,390339.9834730221,603.2237329541547,10
Santa Helena de Goiás (GO),GO,0.1251332618482662,0.1376926661109522,1812414.422422274,216918.8960222497,10
Santa Helena de Minas (MG),MG,0.0030751152375083635,0.0037111290650719744,14330.126448100658,44.74909486454928,10
Santa Inês (PR),PR,0.12224656011834936,0.1260018406923852,238680.21520381563,29013.231335824174,10
Santa Isabel (GO),GO,0.17989558913484713,0.18158450046641625,246616.49515217615,43886.63277399012,10
Santa Isabel (SP),SP,0.0,0.0,11514.505027666883,0.0,10
Santa Isabel do Ivaí (PR),PR,0.019576643240297,0.019496898871465235,169074.1098329004,3353.1502564180278,10
Santa Izabel do Oeste (PR),PR,0.00040006601867443074,0.0003137317242530122,148587.0439237556,55.901707498676814,10
Santa Juliana (MG),MG,0.10560554396648283,0.10609595335471658,880764.5350123979,92904.08359070566,10
Santa Luzia (MG),MG,0.004966781051676697,0.006002604080490444,4781.321476014564,23.312250865758074,10
Santa Lúcia (PR),PR,0.0007088905377246438,0.0006926616682592448,75815.0457612412,52.43815954454289,10
Santa Lúcia (SP),SP,0.39025077768069666,0.38462163005816874,229030.19523779946,89033.29030862918,10
Santa Margarida (MG),MG,0.000705438686741323,0.0008293229578993334,45277.32515154238,30.46735990050695,10
Santa Maria da Serra (SP),SP,0.3071352819114235,0.29971544063934596,86915.59347852429,26546.311816025554,10
Santa Maria de Itabira (MG),MG,0.014454212801492995,0.01464838572507229,19272.47550066174,281.43286957524816,10
Santa Maria do Oeste (PR),PR,0.0,0.0,145353.14656837122,0.0,10
Santa Maria do Salto (MG),MG,0.0034986834987779255,0.0031809908146457964,21883.1505833855,79.7606591653207,10
Santa Maria do Suaçuí (MG),MG,0.017761077332777393,0.01124137426258273,33844.723415558794,658.7056305930715,10
Santa Mariana (PR),PR,0.04095348841571984,0.03982165312732687,540192.7929747875,21953.652002356364,10
Santa Mercedes (SP),SP,0.3735972154331956,0.3722990110600578,123275.60096341316,46114.26790519334,10
Santa Mônica (PR),PR,0.07233750843809507,0.07101277021220488,246613.14431205508,17927.28928813944,10
Santa Rita d'Oeste (SP),SP,0.3410192325039657,0.34115199918003636,92191.04612738444,31238.852964577316,10
Santa Rita de Caldas (MG),MG,0.004437818336900124,0.004317275601086811,69384.8176347079,307.4371633649342,10
Santa Rita de Ibitipoca (MG),MG,0.00422812804778371,0.004513061870338674,16365.565128347478,65.23903588626654,10
Santa Rita de Jacutinga (MG),MG,0.006770080966543253,0.008445500628144588,13957.413908715183,98.0416045981763,10
Santa Rita de Minas (MG),MG,0.0031180754949155717,0.0,11221.865895389854,38.54423971369093,10
Santa Rita do Araguaia (GO),GO,0.0,0.0,155811.46826729094,0.0,10
Santa Rita do Itueto (MG),MG,0.0011092746553631673,0.00161008814095065,33946.82947656445,37.266134397675664,10
Santa Rita do Novo Destino (GO),GO,0.13025608048776477,0.13951949010439307,216353.0588664157,27438.168287016666,10
Santa Rita do Pardo (MS),MS,0.003289062811949091,0.0,372481.52183749806,1205.1980822775502,10
Santa Rita do Passa Quatro (SP),SP,0.37423156716473066,0.3724032681734708,323647.78077521664,120733.74114032694,10
Santa Rita do Sapucaí (MG),MG,0.009048895658876926,0.009624696520027645,36505.859289540575,330.88109056279586,10
Santa Rita do Trivelato (MT),MT,0.0,0.0,2360909.9173042304,0.0,10
Santa Rosa da Serra (MG),MG,0.004637900020033541,0.006964616619196305,23842.874186263176,106.43665178022547,10
Santa Rosa de Goiás (GO),GO,0.0,0.0,26450.938426235894,0.0,10
Santa Rosa de Viterbo (SP),SP,0.37805758329496897,0.37547986211331835,217338.3169658966,81532.27341093807,10
Santa Salete (SP),SP,0.13360877019726355,0.11427698177775028,9786.14092903983,1351.3367972350325,10
Santa Tereza de Goiás (GO),GO,0.0,0.0,51451.668437775195,0.0,10
Santa Tereza do Oeste (PR),PR,0.00022028861004761663,0.00022019734531936663,274012.4751924702,61.097450826579546,10
Santa Terezinha (MT),MT,0.0,0.0,493844.83890013106,0.0,10
Santa Terezinha de Goiás (GO),GO,0.0008899602992645469,0.000995029260636791,68215.1245390937,61.772759589722966,10
Santa Terezinha de Itaipu (PR),PR,0.0006113766200211438,0.00048737612571146004,246487.90129885543,153.49566898465312,10
Santa Vitória (MG),MG,0.1296782469216196,0.12842207614060522,2038864.6478561065,264051.08628567273,10
Santana da Ponte Pensa (SP),SP,0.26620105251242004,0.26242045624475185,37407.68011527926,9994.34980255324,10
Santana da Vargem (MG),MG,0.0001305713603222149,0.00015023609929893956,42822.20610425036,5.556815490541371,10
Santana de Cataguases (MG),MG,0.0,0.0,10773.152750877674,0.0,10
Santana de Parnaíba (SP),SP,0.0,0.0,3458.378852827354,0.0,10
Santana de Pirapama (MG),MG,0.009302231575168986,0.00916792287838581,34752.58644116702,319.1124267098072,10
Santana do Deserto (MG),MG,0.009807355578111774,0.0062619283560826095,8674.674605988643,87.3478663977063,10
Santana do Garambéu (MG),MG,0.008358732017808467,0.009200104673330333,9622.06193714375,71.16195624002312,10
Santana do Itararé (PR),PR,0.0019431381891006796,0.002132649721791538,120635.98756509509,234.13217211742165,10
Santana do Jacaré (MG),MG,0.003229912773570465,0.0038390464295367816,8495.964301835762,28.375265891015665,10
Santana do Manhuaçu (MG),MG,0.0018439912484015774,0.001342530045620019,34965.79499961808,64.41132733495152,10
Santana do Paraíso (MG),MG,0.004163331280144514,0.0038894372523521833,7238.571438139771,30.425360944612315,10
Santana do Riacho (MG),MG,0.011591753881718354,0.004589781630306208,5833.452184443733,84.82984347367208,10
Santana dos Montes (MG),MG,0.015344773556804617,0.01768613360398951,14339.016776349968,231.24759918186717,10
Santo Afonso (MT),MT,0.002155042095976651,0.0021421056292007367,254763.3807812464,544.6893201370133,10
Santo Anastácio (SP),SP,0.11580410295379653,0.11058755995782421,106786.39046440808,14024.443040702907,10
Santo André (SP),SP,0.0,0.0,2558.1816882315093,0.0,10
Santo Antônio da Alegria (SP),SP,0.2554829102608416,0.28191770513577935,85964.01838156296,21652.28266834192,10
Santo Antônio da Barra (GO),GO,0.14665013719110476,0.1459752786822752,344617.9898099922,48667.95608702489,10
Santo Antônio da Platina (PR),PR,0.06791151972599932,0.06575028794804756,477062.8093107331,32326.80201652995,10
Santo Antônio de Goiás (GO),GO,0.0,0.0,14353.927966768677,0.0,10
Santo Antônio de Leverger (MT),MT,0.002477680329842036,0.0028205016596905366,632971.8074068386,1464.3838653764265,10
Santo Antônio de Posse (SP),SP,0.2972897647525306,0.29526047442266534,68411.00116084656,20424.2638917952,10
Santo Antônio do Amparo (MG),MG,0.0019477267486557026,0.0017105214249556653,47383.04769168291,90.8137795816036,10
Santo Antônio do Aracanguá (SP),SP,0.32773199872160996,0.3191415292148082,472013.96353576693,154306.60901812004,10
Santo Antônio do Aventureiro (MG),MG,0.005109870460254914,0.003395642111925018,13285.884391887052,70.9683203370604,10
Santo Antônio do Caiuá (PR),PR,0.08861984824747579,0.08513302294251993,75038.50730454484,6691.2872855826345,10
Santo Antônio do Descoberto (GO),GO,0.0,0.0,42175.76867866405,0.0,10
Santo Antônio do Grama (MG),MG,0.09350087718956465,0.09847890882343718,25704.306402111404,2385.087949605923,10
Santo Antônio do Itambé (MG),MG,0.025206376997467955,0.02463584143727962,10117.797090960923,276.0447016643848,10
Santo Antônio do Jacinto (MG),MG,0.0070229715100245515,0.005191656552566062,35211.23691456129,255.66262582218542,10
Santo Antônio do Jardim (SP),SP,0.0,0.0,14696.67382027503,0.0,10
Santo Antônio do Leste (MT),MT,0.0,0.0,1753821.6200975508,0.0,10
Santo Antônio do Monte (MG),MG,0.015377048376883477,0.014761277762449555,64486.7158147061,994.095457371486,10
Santo Antônio do Paraíso (PR),PR,0.022078311536638005,0.02541055893915066,94892.20648393645,2148.136736132569,10
Santo Antônio do Pinhal (SP),SP,0.0,0.0,4435.944404823301,0.0,10
Santo Antônio do Retiro (MG),MG,0.05146293354161453,0.04944516690051379,18417.183217286587,1001.5070053316388,10
Santo Antônio do Rio Abaixo (MG),MG,0.03297765391170012,0.029813537133345447,8148.775663221097,272.1881653082587,10
Santo Antônio do Sudoeste (PR),PR,0.0009763736354757654,0.000961995128833629,136437.23758271043,129.90588316435088,10
Santo Expedito (SP),SP,0.2858280867975398,0.29160910183308175,25483.19586175073,7287.546876189714,10
Santo Hipólito (MG),MG,0.015323010202054118,0.003753940548691914,30263.12027835782,615.4036316547998,10
Santo Inácio (PR),PR,0.12241552738109393,0.12318299897516255,582634.1721476562,70324.36126779595,10
Santos (SP),SP,0.0,0.0,4082.7074834519526,0.0,10
Santos Dumont (MG),MG,0.00298015362606771,0.0024130960734608234,32259.327696406384,97.68951313242235,10
Santópolis do Aguapeí (SP),SP,0.34282862744674214,0.3497055215227183,67193.87436889508,22956.47829574738,10
Sapezal (MT),MT,0.0,0.0,5557075.120127496,0.0,10
Sapopema (PR),PR,0.0,0.0,66343.88020854568,0.0,10
Sapucaí-Mirim (MG),MG,0.0,0.0,5012.782385954184,0.0,10
Sarandi (PR),PR,0.0008596277482169628,0.0004887033275502974,75603.91840338128,62.65303704087891,10
Sarapuí (SP),SP,0.0020482677366489383,0.0,37161.80910476919,66.22854016510736,10
Sardoá (MG),MG,0.013802546952314754,0.004066103752748532,10475.853904273705,237.92989997266994,10
Sarutaiá (SP),SP,0.13058472006098842,0.128722688965264,51875.42827559446,6772.110892104404,10
Sarzedo (MG),MG,0.0,0.0,1125.907312387084,0.0,10
Saudade do Iguaçu (PR),PR,0.0015102097853802517,0.0015873504553546723,31694.21788788183,46.92062058736787,10
Sebastianópolis do Sul (SP),SP,0.37758650562492396,0.37898688283434656,124259.87640634752,46759.48457317677,10
Selvíria (MS),MS,0.024921824270519876,0.02759579258839939,156103.49423681563,3985.831524502724,10
Sem-Peixe (MG),MG,0.06804987962762835,0.06546765701149322,25036.294639202693,1728.3640329915859,10
Senador Amaral (MG),MG,0.0,0.0,12366.3871651003,0.0,10
Senador Canedo (GO),GO,0.0,0.0,18230.453635858146,0.0,10
Senador Cortes (MG),MG,0.012100589844286462,0.016156175303433315,6767.555313216561,88.48063960678414,10
Senador Firmino (MG),MG,0.03301768091922123,0.029325445246597106,16855.838272489524,599.728487070317,10
Senador José Bento (MG),MG,0.0017731687404920634,0.0,10147.002269961118,18.99086732951368,10
Senador Modestino Gonçalves (MG),MG,0.035971992477098196,0.03526811872918245,16689.039195597674,611.9837994445943,10
Sengés (PR),PR,0.0005132849177594816,0.000566201262105974,182109.4071210202,93.3523185002607,10
Senhora de Oliveira (MG),MG,0.03278539671386608,0.03833283174515448,14138.61791236969,478.918293024085,10
Senhora do Porto (MG),MG,0.006922615081969745,0.008176542487359759,11820.035122884285,81.44012465240537,10
Senhora dos Remédios (MG),MG,0.02097715908395292,0.020602662381553127,42173.55142125752,938.937314903689,10
Sericita (MG),MG,0.0006511951164787915,0.0,21470.159500206115,11.999844261364231,10
Seritinga (MG),MG,0.010685824342512015,0.012567275763101744,6883.7392499721,68.8999329944411,10
Serra Azul (SP),SP,0.4014036843871577,0.3978413522787794,271905.5840665804,108428.95304480025,10
Serra Azul de Minas (MG),MG,0.00840424716982862,0.009637649675847786,6560.788013405531,58.882790602750006,10
Serra Negra (SP),SP,0.03413821452686638,0.031836073001864466,20165.79114856078,694.7750809404683,10
Serra Nova Dourada (MT),MT,0.0,0.0,151430.06393050385,0.0,10
Serra da Saudade (MG),MG,0.0,0.0,15294.586645120624,0.0,10
Serra do Salitre (MG),MG,0.0,0.0,355765.7369291628,0.0,10
Serra dos Aimorés (MG),MG,0.12405360207020177,0.12318095821724434,115783.69070658898,14599.074767331897,10
Serrana (SP),SP,0.3890948193890367,0.38777925380414824,122263.25188795608,47388.53572107785,10
Serrania (MG),MG,0.07113477655077145,0.07103548065556267,69782.72916196228,5182.1079561561555,10
Serranos (MG),MG,0.015336062134637018,0.010403261044399053,12073.600978486935,181.8317230602139,10
Serranópolis (GO),GO,0.0891314169036613,0.0794380808442762,1225023.1791688628,109091.81976472307,10
Serranópolis de Minas (MG),MG,0.0007939766873949138,0.0003241847466371749,16324.686094708157,13.223335709357105,10
Serranópolis do Iguaçu (PR),PR,0.00037242161205668946,0.00012763046176814292,196827.68849789188,69.6086364434889,10
Serro (MG),MG,0.03371326037277323,0.03746888765837476,33085.98702561269,1185.6325823056989,10
Sertaneja (PR),PR,0.001161792952213163,0.0007266627671509789,442934.6386526328,520.0454087174116,10
Sertanópolis (PR),PR,0.0,0.0,428891.1711371008,0.0,10
Sertãozinho (SP),SP,0.39285672593260934,0.3902856688048423,536990.9819013068,210251.7170494686,10
Sete Barras (SP),SP,0.0006503514308135844,0.00018944118069524012,35537.416004643004,20.37347058065844,10
Sete Lagoas (MG),MG,0.01787450798773066,0.007313223962456772,25008.381241267267,582.2608599883299,10
Sete Quedas (MS),MS,0.0,0.0,299275.1901669149,0.0,10
Setubinha (MG),MG,0.021580934817038922,0.017358890462446305,17426.285456566053,368.4050643627057,10
Severínia (SP),SP,0.38055523553039283,0.37845730516316467,123667.4892082079,46983.54362165001,10
Sidrolândia (MS),MS,0.015782664184753464,0.013009269105091145,3282562.9785530576,51380.892442822995,10
Silveiras (SP),SP,0.0029144961366247032,0.002872576881681588,19712.522178137537,57.42466345061583,10
Silveirânia (MG),MG,0.021386067170798148,0.01745474102916126,10338.84014687949,233.80195884920715,10
Silvianópolis (MG),MG,0.00213536355979923,0.001294359133732421,45736.355546581755,81.36910766373256,10
Silvânia (GO),GO,4.98453404532659e-05,0.0,1080660.2885026163,69.89046520782475,10
Simolândia (GO),GO,0.0011407039841550043,0.0,25290.51995350335,28.273186401135888,10
Simonésia (MG),MG,0.0020841917474015725,0.0018967667595901627,43874.7049826705,88.06769487561441,10
Simão Pereira (MG),MG,0.0022591068560878086,0.002048914956910048,7073.354314445534,15.836077735247859,10
Sinop (MT),MT,2.527063734413835e-05,1.4852986027023263e-05,2565697.186265461,52.154375488557065,10
Siqueira Campos (PR),PR,0.011026342830432653,0.010650169105281574,94532.33192379154,1029.0641841372221,10
Sobrália (MG),MG,0.0007134296406305616,0.0,14062.577737284219,10.043532461065977,10
Socorro (SP),SP,0.03731733267840643,0.03555109319972086,59374.52023629269,2176.55520760057,10
Soledade de Minas (MG),MG,0.0007375757809676012,0.0,16721.789859249748,12.714049135632703,10
Sonora (MS),MS,0.1061294869985608,0.10630175220988715,1262109.4509514403,135102.85560504766,10
Sorocaba (SP),SP,0.10205664200942455,0.08570168423592811,27123.732024490288,2968.6069484339064,10
Sorriso (MT),MT,0.0007597014883101693,0.0009448092402216174,11100459.400798274,9118.9710760411,10
Sud Mennucci (SP),SP,0.33157977031419367,0.3403998779142362,262648.71265138214,86454.99041736245,10
Sulina (PR),PR,0.002212491396049409,0.0019826990131923236,56164.40321838047,119.47199585042316,10
Sumaré (SP),SP,0.2809948654771246,0.25235622460958795,46585.31528376681,13723.47269549841,10
Suzano (SP),SP,0.0,0.0,3246.6113466463207,0.0,10
Suzanápolis (SP),SP,0.3551962395222374,0.348410864798707,180253.33150766604,63842.13727984495,10
São Bento Abade (MG),MG,0.0,0.0,38996.645743154026,0.0,10
São Bento do Sapucaí (SP),SP,0.0,0.0,12381.742836975945,0.0,10
São Bernardo do Campo (SP),SP,0.0,0.0,5983.913040707203,0.0,10
São Brás do Suaçuí (MG),MG,0.0001122003962841606,0.0,7380.130378477334,1.5255321602666103,10
São Caetano do Sul (SP),SP,0.0,0.0,222.77560306677083,0.0,10
São Carlos (SP),SP,0.37923818009345406,0.3763154900105072,678994.0083355681,256571.11632867524,10
São Carlos do Ivaí (PR),PR,0.11906224609533567,0.11817739847606523,515233.2883310636,60709.50523372232,10
São Domingos (GO),GO,0.0004109663880653232,0.0,125180.4484978623,41.70449286405041,10
São Domingos das Dores (MG),MG,0.0,0.0,8969.042684479971,0.0,10
São Domingos do Prata (MG),MG,0.022841286929930628,0.02457047102435992,46784.39914112102,1068.0236163263246,10
São Francisco (MG),MG,0.00854152905556303,0.005587775992851228,129749.9517365463,1125.4933458794583,10
São Francisco (SP),SP,0.33768326241825114,0.33965816197248033,29248.30826265929,9895.092570727938,10
São Francisco de Goiás (GO),GO,0.0,0.0,32997.27897892337,0.0,10
São Francisco de Paula (MG),MG,0.0027933515915909645,0.0020585032016164294,35475.871693948815,97.82978542273753,10
São Francisco de Sales (MG),MG,0.13001254520334782,0.13063397496895585,828093.7396797606,107203.4867244515,10
São Francisco do Glória (MG),MG,0.011263208397860448,0.0011012501591617582,15102.081950509762,241.87619706079235,10
São Félix de Minas (MG),MG,0.02813970372968262,0.025114516347280867,13794.657650911946,411.10704115884647,10
São Félix do Araguaia (MT),MT,0.0,0.0,3272039.1251780014,0.0,10
São Gabriel do Oeste (MS),MS,0.0,0.0,1748706.3479189104,0.0,10
São Geraldo (MG),MG,0.008110448210104263,0.0074916387057830346,15578.507204733962,125.45674727416755,10
São Geraldo da Piedade (MG),MG,0.0234282321621452,0.02262650085774974,12648.659716419405,301.71593818259896,10
São Geraldo do Baixio (MG),MG,0.010065687266755517,0.011176799228588124,20672.71305866185,210.4637913863042,10
São Gonçalo do Abaeté (MG),MG,0.00839461783272277,0.006480217370134616,163334.57339334086,1351.8323275891532,10
São Gonçalo do Pará (MG),MG,0.01414325582357703,0.0171403910892842,16430.837332947573,251.17282534213913,10
São Gonçalo do Rio Abaixo (MG),MG,0.059160928880423305,0.057662347504407574,18496.545396773578,1128.7414917438473,10
São Gonçalo do Rio Preto (MG),MG,0.050512272143385786,0.04590911786032355,5206.997576028762,286.5888479913396,10
São Gonçalo do Sapucaí (MG),MG,0.0002392720491704917,3.630872410938353e-05,105449.16548010458,20.42137344912278,10
São Gotardo (MG),MG,0.0065895632195039616,0.006391072513235013,140177.96709013154,906.7205860649264,10
São Jerônimo da Serra (PR),PR,0.011972191441503646,0.015892619920935228,225285.51991560994,2673.1864749515007,10
São Joaquim da Barra (SP),SP,0.380208538622066,0.3794738554513014,438756.2600332842,166574.53386978648,10
São Joaquim de Bicas (MG),MG,0.011503736164753364,0.001760240884443807,1962.1407797139723,33.668455913604355,10
São Jorge d'Oeste (PR),PR,0.0010995027159183268,0.0010853483244262776,125183.21045044315,135.11525911326027,10
São Jorge do Ivaí (PR),PR,0.009096755401000935,0.008739085968439527,400767.9909330927,3644.7035860483657,10
São Jorge do Patrocínio (PR),PR,0.0,0.0,31821.742301800194,0.0,10
São José da Barra (MG),MG,0.04050955638671645,0.0357312273035787,98320.07384257732,3769.1719552132345,10
São José da Bela Vista (SP),SP,0.3994658377680461,0.39978666055921064,409845.5546926045,162991.61615337429,10
São José da Boa Vista (PR),PR,0.0006180603212189619,0.0007313380716310091,200263.36209519862,122.0398546275957,10
São José da Lapa (MG),MG,0.0,0.0,1286.092482235072,0.0,10
São José da Safira (MG),MG,0.0,0.0,8612.004387467676,0.0,10
São José da Varginha (MG),MG,0.003446383074600417,0.0,12612.761346581336,56.42330205820652,10
São José das Palmeiras (PR),PR,0.006952244051324723,0.004011458770433156,51778.1864091573,377.74583646541254,10
São José do Alegre (MG),MG,0.014192547909382413,0.009346218031311648,8592.423793877631,125.06883789181784,10
São José do Barreiro (SP),SP,0.011846626550918843,0.012260417397844182,18561.330812718537,220.2593168164805,10
São José do Divino (MG),MG,0.01882540635543012,0.018684519454714756,26373.09325227883,517.3929646054095,10
São José do Goiabal (MG),MG,0.09822338446572712,0.09773215685340877,37223.54356106403,3765.6283076555183,10
São José do Jacuri (MG),MG,0.012628911476453602,0.006256328818656641,17875.17179370737,267.10643223966656,10
São José do Mantimento (MG),MG,0.013709413803574858,0.014160778142088774,6361.156241679845,85.51730820823201,10
São José do Povo (MT),MT,0.001120337771675133,0.0011462071332801682,31469.32981179752,34.82545309657864,10
São José do Rio Claro (MT),MT,0.01732600329143758,0.016725010992695848,1952518.325773219,30760.50138522186,10
São José do Rio Pardo (SP),SP,0.17956551104551632,0.1980689854848297,83423.11018582582,15820.196497816718,10
São José do Rio Preto (SP),SP,0.3452930625695606,0.34576135590701396,113988.71257467315,39461.31277982397,10
São José do Xingu (MT),MT,0.0,0.0,1596537.5773779757,0.0,10
São José dos Campos (SP),SP,0.0009411486199509279,0.0,42282.89882480142,42.904319075192575,10
São José dos Pinhais (PR),PR,0.0,0.0,66938.17824424566,0.0,10
São José dos Quatro Marcos (MT),MT,0.002452633567780388,0.001614571989467269,104459.02884058187,258.01577298909154,10
São João (PR),PR,0.00010710919022812563,0.0,250826.73773244396,29.32088153628168,10
São João Batista do Glória (MG),MG,0.03373833771412868,0.028363777534635246,171433.70606426924,5382.204904738876,10
São João Evangelista (MG),MG,0.03060956591445846,0.028412657563944,31166.272116392724,1042.6670623100097,10
São João Nepomuceno (MG),MG,0.011476922435508602,0.010744436968902805,25708.799108357773,301.9638167765557,10
São João d'Aliança (GO),GO,0.00015189200224348439,0.0,627103.6160049794,63.711722627013884,10
São João da Boa Vista (SP),SP,0.274020099618906,0.26850985328580246,212047.9561466576,57985.82112969308,10
São João da Lagoa (MG),MG,0.013950637119167806,0.009287657220629738,41317.796736789474,613.1757104826544,10
São João da Mata (MG),MG,0.005329137001659981,0.004763089648000929,17794.21191411857,93.48359300292654,10
São João da Paraúna (GO),GO,0.0,0.0,100404.30203224096,0.0,10
São João da Ponte (MG),MG,0.01731448938124136,0.016522308914261326,102715.40397909036,1882.132947373475,10
São João das Duas Pontes (SP),SP,0.3764870255697562,0.3764265672927672,67078.94632744319,25225.512947732634,10
São João das Missões (MG),MG,0.008697716552445256,0.006875936678406469,21308.712538684395,181.4680192581796,10
São João de Iracema (SP),SP,0.3583411379216413,0.35250606803182727,77621.74018758992,28067.40286284151,10
São João del Rei (MG),MG,0.0015332168687054494,0.0003249090593893116,415096.86282163457,349.1111115361023,10
São João do Caiuá (PR),PR,0.09846495481757103,0.10033363908112841,131365.86277791462,13142.740240899213,10
São João do Ivaí (PR),PR,0.022946058386275878,0.02118753205905783,319184.7221844491,7139.440954882333,10
São João do Manhuaçu (MG),MG,0.0,0.0,24818.0888620986,0.0,10
São João do Manteninha (MG),MG,0.007978621233999807,0.00855660340500268,11030.412339907642,89.12837838200467,10
São João do Oriente (MG),MG,0.011731334422199513,0.0,9638.285545718887,170.27219193408158,10
São João do Pacuí (MG),MG,0.011434586913514328,0.011500980197055826,27362.343636450965,316.2709108926539,10
São João do Paraíso (MG),MG,0.04102266930780389,0.0341121288847093,72961.69230066668,3176.935271635493,10
São João do Pau d'Alho (SP),SP,0.37790213795242966,0.3811303111824535,98002.75075936684,37047.46458932204,10
São João do Triunfo (PR),PR,0.0,0.0,127706.43377302343,0.0,10
São Lourenço (MG),MG,0.0,0.0,2495.925879615591,0.0,10
São Lourenço da Serra (SP),SP,0.0,0.0,2943.692285624238,0.0,10
São Luiz do Norte (GO),GO,0.2033304506586187,0.2070322244313704,566317.3561982336,111899.47467286783,10
São Luiz do Paraitinga (SP),SP,0.0022681240763590474,0.0025034007300310185,30816.65585880258,70.14164757866237,10
São Luís de Montes Belos (GO),GO,0.0,0.0,79771.68139787126,0.0,10
São Manoel do Paraná (PR),PR,0.12316775775785938,0.12553331939678644,238620.5139427189,29010.23233978116,10
São Manuel (SP),SP,0.40130918589583187,0.3987897065310044,596635.6254452214,239080.77142885,10
São Mateus do Sul (PR),PR,8.267594890465941e-05,8.488521441732806e-05,326300.9139560894,26.611409930908092,10
São Miguel Arcanjo (SP),SP,0.0,0.0,217958.18397755793,0.0,10
São Miguel do Anta (MG),MG,0.0023209081043597452,0.0024293169609647895,22821.233113665206,54.4345062927233,10
São Miguel do Araguaia (GO),GO,0.0,0.0,406427.48246866337,0.0,10
São Miguel do Iguaçu (PR),PR,0.00039123418886067706,0.00022080446108937443,721153.2222202572,287.03403127328426,10
São Miguel do Passa Quatro (GO),GO,3.339108987342128e-05,0.0,177241.41791138795,7.816696766664609,10
São Patrício (GO),GO,0.17456127477231947,0.17435924240219908,65325.800424418485,11334.565355200968,10
São Paulo (SP),SP,0.0009894668920726781,0.0007827478553756404,23075.183106443732,22.95438669775522,10
São Pedro (SP),SP,0.34571607837662854,0.34734014519604806,194538.38360906913,67005.16706541565,10
São Pedro da Cipa (MT),MT,0.003445998813525306,0.0,42510.82666188617,70.48903657022186,10
São Pedro da União (MG),MG,0.00043598264430933057,0.0,56745.51771486757,18.055456658626085,10
São Pedro do Iguaçu (PR),PR,0.002087774644594409,0.002412392051257202,172689.42489356815,357.5307829769751,10
São Pedro do Ivaí (PR),PR,0.08518314499141887,0.08680742553329004,411512.7371252096,34901.380385031276,10
São Pedro do Paraná (PR),PR,0.0688421646425473,0.0747402449495419,74235.45449042744,5910.017203470868,10
São Pedro do Suaçuí (MG),MG,0.011819393146777123,0.003332527748592226,16074.094995654099,246.1051090930569,10
São Pedro do Turvo (SP),SP,0.17698220120959132,0.17836032583858033,329325.08141349134,57968.65582757874,10
São Pedro dos Ferros (MG),MG,0.12414753419724626,0.12386220377775956,178022.66316701955,22022.29227142938,10
São Romão (MG),MG,0.001660499714437135,0.0011314111488578424,182914.53561985685,266.7428276321751,10
São Roque (SP),SP,0.008131439373580693,0.012503672449181016,15785.987472930297,141.86939029346286,10
São Roque de Minas (MG),MG,0.0009304107758418007,0.0005040998690404769,125683.4517327907,113.77901047196114,10
São Sebastião (SP),SP,0.0,0.0,6026.8267440170175,0.0,10
São Sebastião da Amoreira (PR),PR,0.04607171474675292,0.05810372615118246,242529.88549800872,11300.574178317562,10
São Sebastião da Bela Vista (MG),MG,0.0006023166718496293,0.0,24071.87007203201,15.674697283673243,10
São Sebastião da Grama (SP),SP,0.059974000107312284,0.0719161121374795,32383.530528892432,2258.462984703321,10
São Sebastião da Vargem Alegre (MG),MG,0.0,0.0,7321.006721748557,0.0,10
São Sebastião do Anta (MG),MG,0.0021329018475010693,0.0005039144860686495,11579.916086346078,23.06325753352753,10
São Sebastião do Maranhão (MG),MG,0.029220066340457145,0.02239010921440144,32975.97601441156,1034.9705376849688,10
São Sebastião do Oeste (MG),MG,0.00559545300360843,0.002639044192148058,23992.87444906312,141.21582245394643,10
São Sebastião do Paraíso (MG),MG,0.08558072944225516,0.08247097005714213,266317.2491342104,23747.553395664152,10
São Sebastião do Rio Preto (MG),MG,0.006194238075697016,0.0014970779836141414,6893.50889231541,49.60706851852463,10
São Sebastião do Rio Verde (MG),MG,0.0020824659372393776,0.0,8733.18043995076,17.30747453423909,10
São Simão (GO),GO,0.19656988819190652,0.1983252824938062,213973.99903618905,42849.47494959459,10
São Simão (SP),SP,0.39971271886748266,0.3966112654322186,448420.8457649289,178361.32563348362,10
São Tiago (MG),MG,0.006179672064184695,0.0061577588647862905,45070.65222441546,280.05350415857794,10
São Tomás de Aquino (MG),MG,0.09768204556853308,0.09769585303763775,106825.79205528121,10563.930556141595,10
São Tomé (PR),PR,0.12479009525738646,0.12668041540834168,521546.1614276248,64222.91440022246,10
São Tomé das Letras (MG),MG,4.330859454457267e-05,0.0,46801.77984646121,1.176874947977894,10
São Vicente (SP),SP,0.0,0.0,2157.5402815617385,0.0,10
São Vicente de Minas (MG),MG,0.0045520250689504655,0.0020165787538336728,74427.69753142461,242.6720510170718,10
Sítio d'Abadia (GO),GO,0.001331271255403816,0.0,92121.05521590287,87.76418890400484,10
Tabaporã (MT),MT,0.0,0.0,2861259.218680561,0.0,10
Tabapuã (SP),SP,0.40358958763597413,0.40114137182858634,367634.7299056406,147914.39587201824,10
Tabatinga (SP),SP,0.35817399963553903,0.35355531445999877,277061.60593479505,99194.69924989138,10
Taboão da Serra (SP),SP,0.0,0.0,297.09291393279995,0.0,10
Tabuleiro (MG),MG,0.0012152025613386156,0.00020183697937127114,14308.321673362774,18.105584737252997,10
Taciba (SP),SP,0.30126329922614536,0.2963099675624562,404467.62236854,120879.57184599737,10
Tacuru (MS),MS,0.0,0.0,237178.30373964412,0.0,10
Taguaí (SP),SP,0.0,0.0,53573.31478292363,0.0,10
Taiaçu (SP),SP,0.3748885654006189,0.36414630941501713,123361.58574238377,46020.24234318714,10
Taiobeiras (MG),MG,0.012367942997200737,0.00853840354013869,37390.60669177782,486.7035074730482,10
Taiúva (SP),SP,0.36448403572942956,0.3567848935121266,148494.94583453937,54006.79240062762,10
Tamarana (PR),PR,0.000517923134361523,0.0,164724.69343051812,66.38944459063235,10
Tambaú (SP),SP,0.3791635165214565,0.3796400109127065,373949.3921314823,141855.33870353998,10
Tamboara (PR),PR,0.1223069206064675,0.12211144967810492,256167.6244219926,30884.287088130157,10
Tanabi (SP),SP,0.3653901777828069,0.36611412876549154,491445.05981150025,179505.43669638305,10
Tangará da Serra (MT),MT,0.00982842984323182,0.005325042246659592,1817586.16229844,15003.417645572199,10
Taparuba (MG),MG,0.017110087591484878,0.019334992186809903,13721.13845913566,234.6799144030466,10
Tapejara (PR),PR,0.12653144839498393,0.12748066302580774,942546.1522366955,118871.79180828396,10
Tapira (MG),MG,0.0,0.0,109729.7942542983,0.0,10
Tapira (PR),PR,0.09955220903244758,0.09914748067872106,214762.37039064628,21139.061459763252,10
Tapiratiba (SP),SP,0.3186246566601706,0.3250604531386341,90865.20502303116,29896.193220737565,10
Tapiraí (MG),MG,0.0035558949501851484,0.000979450951172589,30508.632687781643,133.29411098176757,10
Tapiraí (SP),SP,0.0,0.0,12487.352190293668,0.0,10
Tapurah (MT),MT,0.0,0.0,2666686.4999267636,0.0,10
Taquaral (SP),SP,0.3497039576341273,0.3497396092917051,41679.72584627819,14569.219824785201,10
Taquaral de Goiás (GO),GO,0.0,0.0,16942.790551732804,0.0,10
Taquaraçu de Minas (MG),MG,0.011635298970756608,0.011983749923389296,10477.437709728576,121.76501902694238,10
Taquaritinga (SP),SP,0.37875174298337494,0.37939465629789704,581173.5719357262,219231.69043120678,10
Taquarituba (SP),SP,0.02655392739142573,0.01284278728940756,306652.0616625966,7828.865722395791,10
Taquarivaí (SP),SP,0.0,0.0,183132.37505879134,0.0,10
Taquarussu (MS),MS,0.1611035091749775,0.16203557928247037,224770.65357418533,36478.40635197326,10
Tarabai (SP),SP,0.3379565986680319,0.3337297454120326,70680.90291532915,23862.48334629907,10
Tarumirim (MG),MG,0.006943317875493067,0.0037632001512296555,48731.263599134836,406.00547860466105,10
Tarumã (SP),SP,0.34441401564988267,0.34384360316007845,434168.31561232894,148198.77597717984,10
Tatuí (SP),SP,0.27110932149857037,0.2826086686623006,226610.12165332795,62488.994548543706,10
Taubaté (SP),SP,0.00011194499384526403,0.0,44959.04849427805,5.211248731206286,10
Teixeira Soares (PR),PR,0.0,0.0,428609.25955569046,0.0,10
Teixeiras (MG),MG,0.004270360443780852,0.005364520130089263,19350.123940861213,84.71363281320569,10
Tejupá (SP),SP,0.032478765596012336,0.025195420033058063,62355.07986559387,1908.705623825292,10
Telêmaco Borba (PR),PR,0.0,0.0,35845.77457344247,0.0,10
Teodoro Sampaio (SP),SP,0.33992703579145644,0.34064698428277784,610996.7186320092,207212.8660927384,10
Terenos (MS),MS,0.00010105063597460459,6.516777151713893e-05,378070.03403240634,35.91330905052788,10
Teresina de Goiás (GO),GO,0.0011593379422219815,0.0,9217.909112934918,10.774603862442548,10
Terezópolis de Goiás (GO),GO,0.0,0.0,13773.072609050974,0.0,10
Terra Boa (PR),PR,0.0933191386348221,0.09655383783888072,460346.15456956037,42481.25410795538,10
Terra Nova do Norte (MT),MT,0.0,0.0,441148.85152361577,0.0,10
Terra Rica (PR),PR,0.11260366839616483,0.11359942860358474,473381.3569946384,52817.60117074053,10
Terra Roxa (PR),PR,0.0004364755383278535,0.0004883415931304692,747215.757406798,322.9329072602009,10
Terra Roxa (SP),SP,0.3933878263071871,0.3897053618182941,272149.3217017787,106571.33710455231,10
Tesouro (MT),MT,0.0,0.0,477001.324507468,0.0,10
Teófilo Otoni (MG),MG,0.009844901899854732,0.005197036028401263,148061.8331604675,1616.6150524891523,10
Tibagi (PR),PR,0.0,0.0,1167885.3335435495,0.0,10
Tietê (SP),SP,0.3498457491689949,0.3454354763049451,276083.21898513305,96328.58289336512,10
Tijucas do Sul (PR),PR,0.0,0.0,88834.77368392475,0.0,10
Timburi (SP),SP,0.05143748842920272,0.023732724995003306,22319.224402066415,1191.7767223268943,10
Timóteo (MG),MG,0.0,0.0,2211.6650474795842,0.0,10
Tiradentes (MG),MG,0.006044123660516123,0.003370289252645142,8397.514321482653,46.11221828519023,10
Tiros (MG),MG,0.0005216285158167759,0.00042977441124279444,114935.47879853191,58.53363581039664,10
Tocantins (MG),MG,0.0060349229384555935,0.006824898176787044,15348.991843933312,95.6560423787052,10
Tocos do Moji (MG),MG,0.00041791232645382577,0.0,9453.756489693673,3.986586797069399,10
Toledo (MG),MG,0.003858395819780479,0.004170592423467635,12387.865169528866,47.66787972516892,10
Toledo (PR),PR,0.00021368129831584752,0.0002489248702988904,1057744.7204625697,220.5229825801003,10
Tomazina (PR),PR,0.0016850782878751723,0.0016726027993561375,144523.07525479113,235.2141991686035,10
Tombos (MG),MG,0.014037208015127086,0.013033936210726727,21602.64721848308,302.7133757183326,10
Torixoréu (MT),MT,7.619677433124645e-05,6.022870657725607e-05,249498.8938098358,14.145792784793798,10
Torre de Pedra (SP),SP,0.011159640130005071,0.012378837404169233,4338.23865524225,48.65060342513898,10
Torrinha (SP),SP,0.3220997995555698,0.31536074589950813,127156.73729162957,41026.45922981711,10
Trabiju (SP),SP,0.3859585025816518,0.37933106127595473,41298.926997227485,15898.441795157694,10
Tremembé (SP),SP,0.0,0.0,37339.488030842345,0.0,10
Trindade (GO),GO,0.028418789330534773,0.03293921626632145,95793.1753567125,2454.844816512044,10
Trombas (GO),GO,0.0,0.0,35331.68573939705,0.0,10
Três Barras do Paraná (PR),PR,0.0003125007674175301,0.0003060034902001949,173058.3760549753,53.35171619533053,10
Três Corações (MG),MG,8.122618246846857e-05,0.0,387921.0628369089,22.063758588812334,10
Três Fronteiras (SP),SP,0.23734984845758503,0.23077152314604538,33052.634216523205,7898.770451022707,10
Três Lagoas (MS),MS,0.0008369449479036509,0.0,430463.9950167779,321.3056974065013,10
Três Marias (MG),MG,0.01227133517214146,0.01077133827493789,72504.13172911518,822.4373460628852,10
Três Pontas (MG),MG,0.0002532267222282013,0.00025993831469075553,110776.90309321441,27.89610014085907,10
Três Ranchos (GO),GO,0.0023703201140742414,0.0023153699351437943,17274.79605932802,45.56296465052851,10
Tuiuti (SP),SP,0.0,0.0,22929.428243089176,0.0,10
Tumiritinga (MG),MG,0.002708610575876374,0.002529277188880985,35218.187333302456,95.75244044243347,10
Tunas do Paraná (PR),PR,0.0,0.0,22327.290566962285,0.0,10
Tuneiras do Oeste (PR),PR,0.1064930427451916,0.10762703453262204,652129.7279369228,69434.50768183662,10
Tupaciguara (MG),MG,0.09249353275610014,0.09114054906353965,1355154.900583633,125451.96433911659,10
Tupi Paulista (SP),SP,0.3637306867281334,0.36298245101258775,136050.5555321214,49294.41340384811,10
Tupã (SP),SP,0.18829400363492255,0.1797921057198139,291213.3649119977,55150.43408439239,10
Tupãssi (PR),PR,0.0001469232244206079,0.00015201059884858997,381135.671940283,55.181521744641636,10
Turiúba (SP),SP,0.3502334898680919,0.3630568944849797,87372.0233222922,30816.25968881171,10
Turmalina (MG),MG,0.02716697254311053,0.02638325805151556,21113.759111449035,586.1461536753485,10
Turmalina (SP),SP,0.35478306499679296,0.3507285779182435,86900.65423690289,30785.28621702563,10
Turvelândia (GO),GO,0.15517380682581441,0.15399495568516983,934833.9650080102,141765.70804008615,10
Turvo (PR),PR,8.707299079614616e-05,8.804236872451236e-05,166004.50736137343,14.346373093495927,10
Turvolândia (MG),MG,0.0073561845862146116,0.007020500076453344,46421.28571231794,342.30713814198896,10
Turvânia (GO),GO,0.058828543639503406,0.04627961741461494,209831.76394049524,8755.104129503436,10
Ubaporanga (MG),MG,0.0033938126543462564,0.0031610858083575043,20478.733588382944,72.18004915257305,10
Ubarana (SP),SP,0.382512911333713,0.3861100079425024,256165.65870484203,97783.73659211361,10
Ubatuba (SP),SP,0.0,0.0,10843.412022149761,0.0,10
Ubaí (MG),MG,0.023733759500802552,0.024029515453261253,44399.32084454386,1059.1320199478305,10
Uberaba (MG),MG,0.11068696321376317,0.11570341954329275,6823542.1147348285,751284.9924430838,10
Uberlândia (MG),MG,0.04847427445006265,0.04621824506137294,1530210.2247307715,75031.83019143964,10
Ubirajara (SP),SP,0.008375291520922026,0.0,33973.617019867794,271.8266920314728,10
Ubiratã (PR),PR,0.0,0.0,833733.9523808579,0.0,10
Ubá (MG),MG,0.01794441350908153,0.0047899140281141995,28577.009164818817,776.4413545437214,10
Uchoa (SP),SP,0.4066473970309278,0.41294728043680506,274573.20551373874,111719.38510983832,10
Uirapuru (GO),GO,0.0004465060375729693,0.0003649453878845966,61464.87038096063,27.473304186386038,10
Umburatiba (MG),MG,0.0038859827046044252,0.0004454508608891303,23183.40698422697,98.7162703978841,10
Umuarama (PR),PR,0.09032912226509994,0.10136914841872652,504125.9311996894,51896.401272152434,10
Unaí (MG),MG,0.041633008743616855,0.0417409291663141,3704899.4247040106,160468.23153932625,10
Uniflor (PR),PR,0.09024340238040938,0.08562870793060481,125522.20332865985,11352.745881402541,10
União Paulista (SP),SP,0.3748991443755655,0.3726162499878715,82270.85822493891,30949.103316190485,10
União da Vitória (PR),PR,0.0006176787438417276,0.0005843864198195953,55669.14102577354,34.30487531154786,10
União de Minas (MG),MG,0.1280950958203912,0.1281815976249287,692889.9240164646,88870.27634545363,10
União do Sul (MT),MT,0.0,0.0,889544.4860014026,0.0,10
Uraí (PR),PR,0.0018833798938983342,0.0024646325995465656,155187.53783898018,277.67237823824166,10
Uru (SP),SP,0.37320998785146053,0.36115311736635536,96990.27537616428,36386.24585468369,10
Uruana (GO),GO,0.11976198487941332,0.12133677045348185,211985.5467592964,25096.851435732515,10
Uruana de Minas (MG),MG,0.007560040403529933,0.004389921956320094,69161.9272125478,496.12530566924573,10
Uruaçu (GO),GO,0.11128471245027996,0.10740163060940486,499609.9876572853,54547.00546951985,10
Urucuia (MG),MG,0.0066157645990524965,0.004256599337902149,91420.25931812513,595.9983041611908,10
Urucânia (MG),MG,0.13307161734618023,0.13732235162773754,142576.4219044157,18951.34882450923,10
Urupês (SP),SP,0.3934980002361251,0.390442794152208,321302.1359096494,125962.72386664907,10
Urutaí (GO),GO,3.610153912783024e-05,0.0,78251.73581979358,3.933893144007679,10
Urânia (SP),SP,0.351948836378981,0.35535434837898283,81500.82888122842,28758.215478061524,10
Vale de São Domingos (MT),MT,0.0,0.0,68588.06896906326,0.0,10
Valentim Gentil (SP),SP,0.3446046337947187,0.33889949153462023,66894.65746258807,23151.683512039508,10
Valinhos (SP),SP,0.0,0.0,6704.830418907486,0.0,10
Valparaíso (SP),SP,0.40425812649518134,0.40440450390700894,908135.7538826223,364353.9850950718,10
Valparaíso de Goiás (GO),GO,0.0,0.0,520.6388067940954,0.0,10
Vargem (SP),SP,0.0,0.0,15483.74156891602,0.0,10
Vargem Alegre (MG),MG,0.008295453872510244,0.0034435535191946172,8688.51154372886,87.97913376534346,10
Vargem Bonita (MG),MG,0.0008098518754862191,0.00016708439226013238,32716.48217768532,22.386638073307164,10
Vargem Grande Paulista (SP),SP,0.0,0.0,734.9195454217324,0.0,10
Vargem Grande do Rio Pardo (MG),MG,0.026940541255470206,0.02387016838573408,12701.754643126122,362.64954409303533,10
Vargem Grande do Sul (SP),SP,0.29302306546453866,0.29064083071319047,195908.05160517548,57696.82059773391,10
Varginha (MG),MG,0.0011803835434991985,0.0007965447592028481,41849.29794159174,47.500170210283855,10
Varjão (GO),GO,0.0027007805865104243,8.842168670026336e-05,43493.85860969083,85.2601108248279,10
Varjão de Minas (MG),MG,0.03323457883161757,0.03453221392080437,222081.55562510592,9248.494680791544,10
Varzelândia (MG),MG,0.009303170837466544,0.009138149199355496,43225.97758416692,412.8427275549633,10
Vazante (MG),MG,0.00030289521723252707,8.561736556501663e-05,232376.79166718057,42.98412732570897,10
Ventania (PR),PR,0.005420694617264477,0.005027244288039752,275726.9897609146,1463.8844716517983,10
Vera (MT),MT,0.0,0.0,2324246.9222902143,0.0,10
Vera Cruz (SP),SP,0.0,0.0,21073.47589170051,0.0,10
Vera Cruz do Oeste (PR),PR,0.0012919636881138878,0.0010993384124168956,252485.01547505596,331.7985812812774,10
Verdelândia (MG),MG,0.0,0.0,78745.21677719145,0.0,10
Veredinha (MG),MG,0.022457288824277243,0.021035292545047057,14676.048955079177,331.97666665375976,10
Vermelho Novo (MG),MG,0.007679611574664662,0.007224240857189544,16639.44282727035,129.15079107921025,10
Verê (PR),PR,0.0007562699518878736,0.0005257179565097192,201696.1575043667,146.3640520117816,10
Veríssimo (MG),MG,0.134725861605238,0.13976960278792283,992702.6689611579,133458.8085163086,10
Vespasiano (MG),MG,0.0,0.0,1586.3173842913711,0.0,10
Vianópolis (GO),GO,1.5517656837139787e-05,0.0,455538.9767575376,8.583039586925846,10
Vicentina (MS),MS,0.1816638776530907,0.18693163547355185,280410.25593981525,50206.04875706881,10
Vicentinópolis (GO),GO,0.16081068362503934,0.16686843119811706,948746.5183798911,147718.49306368863,10
Vieiras (MG),MG,0.009768229451967921,0.009414022449608773,10335.343537284138,103.15146420043995,10
Vila Bela da Santíssima Trindade (MT),MT,0.0,0.0,883776.294272028,0.0,10
Vila Boa (GO),GO,0.18031174555446688,0.18358530803627,322394.75527991646,57579.9597166614,10
Vila Propício (GO),GO,0.18138382813387313,0.18790038281029858,1057322.5858130145,187671.21888997027,10
Vila Rica (MT),MT,0.0,0.0,845394.7648622625,0.0,10
Vinhedo (SP),SP,0.0,0.0,2632.149041675286,0.0,10
Viradouro (SP),SP,0.39201672294957285,0.3865766173256093,270266.6336073665,105506.6952031144,10
Virgem da Lapa (MG),MG,0.008955295362159716,0.004204042859906255,42592.969958979746,431.893228084979,10
Virginópolis (MG),MG,0.034294338201311926,0.02781470050291704,29886.66904545773,1346.0557379409827,10
Virgolândia (MG),MG,0.014218843631917314,0.008005618696552638,17588.437613339975,287.48647959312075,10
Virgínia (MG),MG,0.0026767534348771517,0.0011693552438883249,24140.711709983127,62.589593901023036,10
Virmond (PR),PR,0.0003904517743601478,0.0005298899341277887,86878.61543679964,36.11865757941281,10
Visconde do Rio Branco (MG),MG,0.06740598372782182,0.06392541542423064,36636.890675922485,2522.9989412214727,10
Vista Alegre do Alto (SP),SP,0.3741897889738123,0.372472103384385,86276.24463138531,32373.200105352884,10
Vitorino (PR),PR,7.314505151837932e-05,7.174865963618731e-05,247616.66992189563,17.710338888455066,10
Vitória Brasil (SP),SP,0.2559406623458058,0.25097172191130207,12327.452429166764,3227.954191868134,10
Viçosa (MG),MG,0.00903037765470714,0.007292974807477202,29834.2208439378,248.68959896778662,10
Volta Grande (MG),MG,0.0031335441259671354,0.0008526282499902592,11808.976905961612,41.12457878394122,10
Votorantim (SP),SP,0.0,0.0,9007.44303375808,0.0,10
Votuporanga (SP),SP,0.3503237568117649,0.3479566114242581,185604.79915789672,64748.52343218255,10
Várzea Grande (MT),MT,0.002526342900884983,0.002652655089468659,28927.979973132475,72.99403802243913,10
Várzea Paulista (SP),SP,0.0,0.0,609.5761918137654,0.0,10
Várzea da Palma (MG),MG,0.003346672872814703,0.002846843705041545,137369.31801591086,447.0131184314036,10
Wenceslau Braz (MG),MG,0.002476916386843561,0.0,4881.854071058862,11.915453898126628,10
Wenceslau Braz (PR),PR,0.0006719643002522613,0.00044991802801001114,203251.78013050466,131.1414721075294,10
Xambrê (PR),PR,0.06684475816011407,0.08269922233718638,101072.12969906665,8398.218780934334,10
Zacarias (SP),SP,0.3597644278463271,0.3555089845550974,158668.90190468292,57004.64477154996,10
Água Boa (MG),MG,0.009778110282323496,0.008856130651532804,69626.3308550282,681.2921545042345,10
Água Boa (MT),MT,4.038335664225964e-05,2.9338053456409197e-05,1707332.2071777668,49.25332662367518,10
Água Clara (MS),MS,0.0,0.0,401311.3385959021,0.0,10
Água Comprida (MG),MG,0.12431022265122493,0.1257134000231825,1263450.9235160851,155662.48118415073,10
Água Fria de Goiás (GO),GO,6.367252895652781e-05,0.0,620826.0176057296,28.613198727965955,10
Água Limpa (GO),GO,0.00015427570968408453,0.0,26110.814905855543,4.108378596973974,10
Águas Formosas (MG),MG,0.011647502978859626,0.0031640550261632146,36985.02789447031,519.8561717433581,10
Águas Lindas de Goiás (GO),GO,0.0,0.0,11965.016877894495,0.0,10
Águas Vermelhas (MG),MG,0.003476469038735909,0.0002624165469930275,26314.878991046684,101.51759079115229,10
Águas da Prata (SP),SP,0.0,0.0,11412.909172814996,0.0,10
Águas de Lindóia (SP),SP,0.0,0.0,4032.2168229962076,0.0,10
Águas de Santa Bárbara (SP),SP,0.17496884283784225,0.17079206418796244,192714.28242043906,31282.46752455381,10
Águas de São Pedro (SP),SP,0.0,0.0,70.70806584864032,0.0,10
Álvares Florence (SP),SP,0.3333884295055437,0.3355889905092324,174131.47630201982,58107.69419662486,10
Álvares Machado (SP),SP,0.11009334475339146,0.12579126943679084,41273.25981998676,4809.849259234309,10
Álvaro de Carvalho (SP),SP,0.0,0.0,10978.302542882746,0.0,10
Ângulo (PR),PR,0.008405620296254922,0.010047447777689913,96159.20397548574,828.4602178536368,10
Óleo (SP),SP,0.26129722635777664,0.2634431242491562,158041.76268503346,41026.746931175294,10
